acceptance rate,gt in support,C2ST,MMD,KSD_GAUSS,MEDDIST,NLTP,RT
"[1.0, -0.26197296380996704, -0.559012234210968, -0.6741150617599487, -0.7806400656700134, -1.1191047430038452, -1.127885341644287, -1.1356585025787354, -1.785668969154358, -2.0725605487823486]","[1.0, 1.0, 1.0, 1.0, 1.0, 1.0, 1.0, 1.0, 1.0, 1.0]",0.9171,0.12481004,1723979300.0,17.272179,-13.40329,659.15826
