acceptance rate,gt in support,C2ST,MMD,MEDDIST,NLTP,RT
"[1.0, -0.25947943329811096, -0.23724642395973206, -0.5010694861412048, -0.600023627281189, -0.8415944576263428, -1.1507444381713867, -1.2155505418777466, -1.3482165336608887, -1.4013357162475586]","[1.0, 1.0, 1.0, 1.0, 1.0, 1.0, 1.0, 1.0, 1.0, 1.0]",0.50215,0.008249879,20.566963,-4.8707232,394.5274
