acceptance rate,gt in support,iw var,C2ST,MMD,MEDDIST,NLTP,RT
"[1.0, -1.6390023231506348, -1.6449531316757202, -1.6804168224334717, -1.6197457313537598, -1.7248166799545288, -1.7343676090240479, -1.6754603385925293, -1.6851013898849487, -1.6968039274215698]","[1.0, 0.9835000038146973, 0.9912999868392944, 0.9921000003814697, 0.9966999888420105, 0.9957000017166138, 0.9957000017166138, 0.996399998664856, 0.9980999827384949, 0.9977999925613403]","[0.0, 1.9667105277676455e-08, 1.8282898750499044e-08, 1.5075769965733343e-08, 1.7693636777948996e-08, 1.6177125417016214e-08, 1.6896043675274086e-08, 1.8528245604443327e-08, 1.9604174283927023e-08, 1.6689400084146655e-08]",0.56435,0.008109331,9.707865,2.11837,14261.778
