acceptance rate,gt in support,iw var,C2ST,MMD,MEDDIST,NLTP,RT
"[1.0, -0.0039920988492667675, -0.0039920988492667675, -0.005484884139150381, -0.008264604024589062, -0.010394491255283356, -0.06999390572309494, -0.27095678448677063, -0.36147743463516235, -0.3942641019821167]","[1.0, 1.0, 1.0, 1.0, 1.0, 1.0, 1.0, 1.0, 1.0, 1.0]","[0.0, 1.7283099396081525e-08, 1.8405982515901087e-08, 1.5888394599983258e-08, 1.5071611514372307e-08, 1.5531561814441375e-08, 1.54186974299364e-08, 1.755986289708744e-08, 1.7364335747060977e-08, 1.5824515031681585e-08]",0.8129,0.2675346,35.213634,-6.0774426,757.08093
