C2ST,C2ST_Z,MMD,MMD_Z,KSD_GAUSS,MEDDIST,C2ST_1K,C2ST_1K_Z,MMD_1K,MMD_1K_Z,KSD_GAUSS_1K,MEDDIST_1K,NLTP,RT
0.7582,0.766,0.034287572,0.03875971,4485716500.0,3.3698192,0.7015,0.7075,0.03387916,0.0369941,848505400.0,3.4046307,-0.065834366,2450.4324
