acceptance rate,gt in support,iw var,C2ST,MMD,MEDDIST,NLTP,RT
"[1.0, -0.770915687084198, -0.7730994820594788, -0.7089272737503052, -0.7508423924446106, -0.7626238465309143, -0.7684879302978516, -1.1178414821624756, -1.118574619293213, -1.2224879264831543]","[1.0, 1.0, 1.0, 1.0, 1.0, 1.0, 1.0, 0.9998999834060669, 1.0, 1.0]","[0.0, 1.495561896547315e-08, 1.449913966666827e-08, 1.8331135720472957e-08, 1.7306371447034508e-08, 1.7221605475015167e-08, 1.6120880630410284e-08, 1.860755460825203e-08, 1.6334167796117072e-08, 1.4313189744541432e-08]",0.49975,2.6226044e-05,0.08564989,-2.8422327,11861.499
