acceptance rate,gt in support,C2ST,MMD,KSD_GAUSS,MEDDIST,NLTP,RT
"[1.0, -1.4298031330108643, -1.062900185585022, -1.3884891271591187, -1.45941162109375, -1.342403769493103, -1.4514199495315552, -1.4802143573760986, -1.7239285707473755, -1.5158295631408691]","[1.0, 1.0, 1.0, 1.0, 1.0, 1.0, 1.0, 1.0, 1.0, 1.0]",0.5008,0.0051630735,702541.5,27.92848,-9.110333,1761.6345
