acceptance rate,gt in support,C2ST,MMD,KSD_GAUSS,MEDDIST,NLTP,RT
"[1.0, -0.005484884139150381, -0.006321343593299389, -0.1951793134212494, -0.4549816846847534, -0.44450250267982483, -0.5052890181541443, -0.4762210249900818, -0.7347889542579651, -0.5862812399864197]","[1.0, 1.0, 1.0, 1.0, 1.0, 1.0, 1.0, 1.0, 1.0, 1.0]",0.49285,0.004373193,5468870.0,20.76054,-9.255978,98.364334
