C2ST,C2ST_Z,MMD,MMD_Z,KSD_GAUSS,MEDDIST,C2ST_1K,C2ST_1K_Z,MMD_1K,MMD_1K_Z,KSD_GAUSS_1K,MEDDIST_1K,NLTP,RT
0.4906,0.6087,0.031520247,0.032213926,1005669.2,26.476404,0.483,0.6055,0.024018645,0.024944425,262755.84,26.410223,-8.589439,192.4774
