acceptance rate,gt in support,C2ST,MMD,MEDDIST,NLTP,RT
"[1.0, -0.004320953972637653, -0.004101680591702461, -0.04383157566189766, -0.043159522116184235, -0.04124505817890167, -0.041531678289175034, -0.04740129038691521, -0.051709335297346115, -0.05615939572453499]","[1.0, 0.9954000115394592, 0.9965999722480774, 0.9865999817848206, 0.989300012588501, 0.9908000230789185, 0.9923999905586243, 0.9908999800682068, 0.9932000041007996, 0.9930999875068665]",0.73385,0.04613757,1.5917485,5.3991604,162.11002
