C2ST,C2ST_Z,MMD,MMD_Z,KSD_GAUSS,MEDDIST,C2ST_1K,C2ST_1K_Z,MMD_1K,MMD_1K_Z,KSD_GAUSS_1K,MEDDIST_1K,NLTP,RT
0.5558,0.5426,0.0017197132,0.0016034842,98768.13,10.22031,0.5535,0.534,0.00094377995,0.00089788437,8770.346,10.453991,3.8601675,2634.2612
