acceptance rate,gt in support,C2ST,MMD,MEDDIST,NLTP,RT
"[1.0, -0.0136090237647295, -0.014618444256484509, -0.043759535998106, -0.03800972178578377, -0.09848718345165253, -0.14517797529697418, -0.1317671537399292, -0.22592121362686157, -0.3420204222202301]","[1.0, 1.0, 1.0, 1.0, 1.0, 1.0, 1.0, 1.0, 1.0, 1.0]",0.98775,0.5224795,128.27661,-10.276666,541.3969
