acceptance rate,gt in support,C2ST,MMD,MEDDIST,NLTP,RT
"[1.0, 1.0, 1.0, 1.0, 1.0, 1.0, 1.0, 1.0, 1.0, 1.0]","[1.0, 0.9930999875068665, 0.9961000084877014, 0.9957000017166138, 0.9993000030517578, 0.9990000128746033, 0.9990000128746033, 0.9991000294685364, 0.9991999864578247, 0.9991999864578247]",0.53035,0.0022381544,10.116604,3.7376451,10427.689
