C2ST,C2ST_Z,MMD,MMD_Z,KSD_GAUSS,MEDDIST,C2ST_1K,C2ST_1K_Z,MMD_1K,MMD_1K_Z,KSD_GAUSS_1K,MEDDIST_1K,NLTP,RT
0.49515,0.5731,0.005786419,0.0059257746,5013706.0,21.213203,0.4775,0.563,0.0045535564,0.004655957,611995.44,21.342442,-9.438788,226.58846
