acceptance rate,gt in support,iw var,C2ST,MMD,MEDDIST,NLTP,RT
"[1.0, -0.0577438659965992, -0.1628536731004715, -0.2668830156326294, -0.38541916012763977, -0.4241196811199188, -0.3673402965068817, -0.3848920166492462, -0.44430112838745117, -0.4277094006538391]","[1.0, 0.995199978351593, 0.9925000071525574, 0.9890999794006348, 0.9860000014305115, 0.9861999750137329, 0.9864000082015991, 0.9890000224113464, 0.9876999855041504, 0.9891999959945679]","[0.0, 380.70672607421875, 390.7178649902344, 387.19891357421875, 388.5111999511719, 390.6797790527344, 384.05859375, 388.73828125, 381.199951171875, 385.4659118652344]",0.61775,0.004911065,1.5237234,3.9541636,931.5623
