acceptance rate,gt in support,C2ST,MMD,MEDDIST,NLTP,RT
"[1.0, -0.014304145239293575, -0.02374175377190113, -0.07899019867181778, -0.29977235198020935, -0.27433332800865173, -0.2777775526046753, -0.3387238085269928, -0.3219066858291626, -0.32836440205574036]","[1.0, 0.9983999729156494, 0.996399998664856, 0.9850999712944031, 0.9882000088691711, 0.9902999997138977, 0.9894000291824341, 0.9907000064849854, 0.9939000010490417, 0.9940000176429749]",0.9048,,10.159201,5.368917,5180.4795
