acceptance rate,gt in support,C2ST,MMD,KSD_GAUSS,MEDDIST,NLTP,RT
"[1.0, -0.5362189412117004, -0.5719057321548462, -0.6220384240150452, -0.651383638381958, -0.7949891090393066, -0.7245734930038452, -0.8327670693397522, -0.83087158203125, -0.9193334579467773]","[1.0, 1.0, 1.0, 1.0, 1.0, 1.0, 1.0, 1.0, 1.0, 1.0]",0.5096,0.00052440166,inf,0.088261604,-0.8901396,235.85553
