acceptance rate,gt in support,C2ST,MMD,KSD_GAUSS,MEDDIST,NLTP,RT
"[1.0, -0.5256016254425049, -1.1257253885269165, -1.26213800907135, -1.4955291748046875, -1.5341500043869019, -1.5310014486312866, -1.5963648557662964, -1.6478604078292847, -1.6002397537231445]","[1.0, 1.0, 1.0, 1.0, 1.0, 1.0, 1.0, 1.0, 1.0, 1.0]",0.5006,0.0030430555,251045.22,18.110771,-7.1024065,1751.4053
