acceptance rate,gt in support,iw var,C2ST,MMD,MEDDIST,NLTP,RT
"[1.0, -0.896623969078064, -0.8675001859664917, -0.8878141045570374, -0.9333428144454956, -0.9201356768608093, -0.9838444590568542, -0.9993057250976562, -1.0056428909301758, -1.1060676574707031]","[1.0, 1.0, 1.0, 1.0, 1.0, 1.0, 0.9998999834060669, 0.9998999834060669, 0.9998999834060669, 0.9998999834060669]","[0.0, 1.6481102704801742e-08, 1.6041587613813135e-08, 1.69872240718405e-08, 1.7542046037988257e-08, 1.716371933468963e-08, 1.607910071754759e-08, 1.7116585482312985e-08, 1.9408423312938794e-08, 1.6540784741891912e-08]",0.52705,0.000101566315,0.08883249,-3.1527157,13919.369
