acceptance rate,gt in support,C2ST,MMD,MEDDIST,NLTP,RT
"[1.0, -0.00026067227008752525, -0.0005214751581661403, -0.0013919943012297153, -0.0013484203955158591, -0.012534849345684052, -0.008574560284614563, -0.011931808665394783, -0.010461203753948212, -0.01533771026879549]","[1.0, 0.9997000098228455, 0.9997000098228455, 0.9994000196456909, 0.9994999766349792, 0.9991999864578247, 0.9995999932289124, 0.9994000196456909, 0.9995999932289124, 0.9994000196456909]",0.69645,0.02921927,1.5507828,10.441517,7478.8203
