acceptance rate,gt in support,iw var,C2ST,MMD,MEDDIST,NLTP,RT
"[1.0, -0.12505458295345306, -0.24473512172698975, -0.266923189163208, -0.40190285444259644, -0.3654555678367615, -0.40579164028167725, -0.40638166666030884, -0.5380514860153198, -0.5665102005004883]","[1.0, 1.0, 1.0, 1.0, 1.0, 1.0, 1.0, 1.0, 1.0, 1.0]","[0.0, 1.6649705614213417e-08, 1.632768942272378e-08, 1.6724358786746052e-08, 1.7807348484666363e-08, 1.7205282532017918e-08, 1.6766799504353003e-08, 2.0305078507476537e-08, 1.795015158734259e-08, 1.8392045220139153e-08]",0.7293,0.015482664,0.0934349,-2.501762,159.94067
