acceptance rate,gt in support,C2ST,MMD,MEDDIST,NLTP,RT
"[1.0, -0.031050322577357292, -0.04141223430633545, -0.045709241181612015, -0.07363183051347733, -0.07748213410377502, -0.08336184918880463, -0.07977229356765747, -0.08533959090709686, -0.08089575171470642]","[1.0, 0.9994999766349792, 0.9994000196456909, 0.9993000030517578, 0.9987999796867371, 0.9987000226974487, 0.9987000226974487, 0.9987999796867371, 0.9987999796867371, 0.9990000128746033]",0.54385,0.0035631657,1.3681009,-1.3954687,293.0011
