acceptance rate,gt in support,iw var,C2ST,MMD,MEDDIST,NLTP,RT
"[1.0, -0.7290883660316467, -0.5155578255653381, -0.616184651851654, -0.7274622321128845, -0.6876111030578613, -0.7888794541358948, -0.9461535811424255, -1.014573574066162, -1.1549019813537598]","[1.0, 1.0, 1.0, 1.0, 1.0, 1.0, 1.0, 1.0, 1.0, 1.0]","[0.0, 387.743896484375, 396.5853576660156, 386.8150329589844, 392.2313537597656, 393.005126953125, 383.3564453125, 390.2597961425781, 384.1527099609375, 382.7779541015625]",0.9747,0.47825617,28.440157,-12.422045,18931.426
