acceptance rate,gt in support,C2ST,MMD,KSD_GAUSS,MEDDIST,NLTP,RT
"[1.0, -0.0006736868526786566, -0.00047798847663216293, -0.0006084615597501397, -0.00026067227008752525, -0.0003475805278867483, -0.0006301849498413503, -0.0009129993268288672, -0.0017624711617827415, -0.003510229056701064]","[1.0, 0.9998000264167786, 0.9998999834060669, 1.0, 1.0, 1.0, 1.0, 1.0, 1.0, 1.0]",0.7085,0.036140442,124722.82,1.5340006,0.15917683,334.9408
