acceptance rate,gt in support,C2ST,MMD,KSD_GAUSS,MEDDIST,NLTP,RT
"[1.0, -0.877088189125061, -1.1160953044891357, -1.1380391120910645, -1.1861273050308228, -1.2026458978652954, -1.3215683698654175, -1.3715258836746216, -1.3787370920181274, -1.317768931388855]","[1.0, 1.0, 1.0, 0.9998999834060669, 0.9998999834060669, 0.9997000098228455, 0.9998999834060669, 0.9998999834060669, 0.9998999834060669, 0.9998999834060669]",0.575,0.0014252663,inf,0.091997266,-3.65662,344.3658
