acceptance rate,gt in support,C2ST,MMD,MEDDIST,NLTP,RT
"[1.0, -1.619143009185791, -1.8577134609222412, -1.8857097625732422, -1.9859473705291748, -1.9604134559631348, -1.9427921772003174, -1.8728519678115845, -1.9993923902511597, -1.9182103872299194]","[1.0, 0.9886999726295471, 0.9951000213623047, 0.9973999857902527, 0.996399998664856, 0.9979000091552734, 0.9983999729156494, 0.9994000196456909, 0.9993000030517578, 0.9994999766349792]",0.54025,0.0022028685,10.068878,4.201624,17536.389
