acceptance rate,gt in support,C2ST,MMD,MEDDIST,NLTP,RT
"[1.0, -0.002591785043478012, -0.005330977030098438, -0.0045183924958109856, -0.008242469280958176, -0.010527952574193478, -0.010705972090363503, -0.009350419975817204, -0.016960401087999344, -0.038673847913742065]","[1.0, 0.9987000226974487, 0.9976000189781189, 0.9987000226974487, 0.9987000226974487, 0.9980000257492065, 0.9983999729156494, 0.9990000128746033, 0.9987999796867371, 0.9976000189781189]",0.77625,0.065935135,1.6633115,1.0190315,7382.9653
