C2ST,C2ST_Z,MMD,MMD_Z,KSD_GAUSS,MEDDIST,C2ST_1K,C2ST_1K_Z,MMD_1K,MMD_1K_Z,KSD_GAUSS_1K,MEDDIST_1K,NLTP,RT
0.8836,0.88265,0.05263138,0.14219147,237106670.0,11.456178,0.8535,0.8275,0.047854424,0.12664962,68731.52,11.260934,4.759867,607.5834
