C2ST,C2ST_Z,MMD,MMD_Z,KSD_GAUSS,MEDDIST,C2ST_1K,C2ST_1K_Z,MMD_1K,MMD_1K_Z,KSD_GAUSS_1K,MEDDIST_1K,NLTP,RT
0.87615,0.8742,0.101840794,0.112864554,202152970000.0,3.4743457,0.818,0.848,0.10278225,0.11095905,18897832000.0,3.5566664,2.4681797,455.57098
