acceptance rate,gt in support,C2ST,MMD,KSD_GAUSS,MEDDIST,NLTP,RT
"[1.0, -1.1210271120071411, -1.1251041889190674, -1.065291166305542, -1.060314416885376, -1.0397887229919434, -1.0653753280639648, -1.1038554906845093, -1.240248203277588, -1.1686848402023315]","[1.0, 1.0, 1.0, 1.0, 1.0, 1.0, 1.0, 1.0, 1.0, 1.0]",0.5146,0.0015431643,inf,0.09191719,-3.878295,2063.2627
