acceptance rate,gt in support,C2ST,MMD,MEDDIST,NLTP,RT
"[1.0, -0.44640013575553894, -0.8674201369285583, -1.227635145187378, -1.535680890083313, -1.531863808631897, -1.7081276178359985, -1.7494088411331177, -2.681797742843628, -2.8275809288024902]","[1.0, 1.0, 1.0, 1.0, 1.0, 1.0, 1.0, 1.0, 1.0, 1.0]",0.8743,0.44282922,33.088722,-15.552676,872.2839
