acceptance rate,gt in support,C2ST,MMD,KSD_GAUSS,MEDDIST,NLTP,RT
"[1.0, -0.056975655257701874, -0.13924290239810944, -0.15779654681682587, -0.42067378759384155, -0.5076937079429626, -0.4861500859260559, -0.5500590205192566, -0.6082535982131958, -0.6532559394836426]","[1.0, 0.9710000157356262, 0.9320999979972839, 0.9326000213623047, 0.9320999979972839, 0.9429000020027161, 0.9620000123977661, 0.9646000266075134, 0.9693999886512756, 0.9742000102996826]",0.90775,0.25962472,83965.49,14.457724,14.720029,98.124756
