acceptance rate,gt in support,C2ST,MMD,MEDDIST,NLTP,RT
"[1.0, -0.4231213927268982, -0.45560118556022644, -0.46272674202919006, -0.6016085743904114, -1.8522378206253052, -2.1024162769317627, -2.135852813720703, -2.459986686706543, -2.540494918823242]","[1.0, 1.0, 1.0, 1.0, 1.0, 1.0, 1.0, 1.0, 1.0, 1.0]",0.944,0.117565155,17.350418,-12.278589,10463.471
