C2ST,C2ST_Z,MMD,MMD_Z,KSD_GAUSS,MEDDIST,C2ST_1K,C2ST_1K_Z,MMD_1K,MMD_1K_Z,KSD_GAUSS_1K,MEDDIST_1K,NLTP,RT
0.56515,0.59085,0.030515432,0.02536118,681180.3,21.540659,0.476,0.595,0.039697647,0.029970765,160111.44,21.365856,-6.2553678,258.0295
