acceptance rate,gt in support,C2ST,MMD,MEDDIST,NLTP,RT
"[1.0, -0.9249805212020874, -1.1575571298599243, -1.2469704151153564, -1.2614697217941284, -1.6419786214828491, -1.6325573921203613, -1.660591721534729, -1.7192670106887817, -1.8869999647140503]","[1.0, 0.9995999932289124, 0.9994999766349792, 0.9994000196456909, 0.9993000030517578, 0.9979000091552734, 0.9983000159263611, 0.9980000257492065, 0.9976999759674072, 0.9966999888420105]",0.56595,0.014567971,11.758528,5.738763,541.5999
