acceptance rate,gt in support,C2ST,MMD,MEDDIST,NLTP,RT
"[1.0, -1.6734081506729126, -1.832378625869751, -1.872808814048767, -1.8700095415115356, -1.865039348602295, -1.8847570419311523, -1.8660728931427002, -1.8819115161895752, -1.824817180633545]","[1.0, 0.9474999904632568, 0.9649999737739563, 0.9707000255584717, 0.9745000004768372, 0.9775999784469604, 0.9815000295639038, 0.9847999811172485, 0.9850999712944031, 0.9884999990463257]",0.5617,0.009875894,10.537006,4.3137007,5213.3154
