acceptance rate,gt in support,C2ST,MMD,MEDDIST,NLTP,RT
"[1.0, 1.0, 1.0, 1.0, 1.0, 1.0, 1.0, 1.0, 1.0, 1.0]","[1.0, 0.994700014591217, 0.9812999963760376, 0.9684000015258789, 0.9711999893188477, 0.9932000041007996, 0.996399998664856, 0.9979000091552734, 0.9968000054359436, 0.9994999766349792]",0.9108,0.073150516,23.777294,2.0980775,898.8843
