acceptance rate,gt in support,C2ST,MMD,MEDDIST,NLTP,RT
"[1.0, -1.5675941705703735, -1.5293128490447998, -1.555786371231079, -1.5554780960083008, -1.5881214141845703, -1.7468438148498535, -1.751037836074829, -1.7777172327041626, -1.7809224128723145]","[1.0, 0.988099992275238, 0.9997000098228455, 0.9991999864578247, 0.9994999766349792, 0.9994000196456909, 0.9998999834060669, 0.9997000098228455, 0.9997000098228455, 0.9997000098228455]",0.5163,0.0012824535,0.08960357,-3.658585,2732.3142
