acceptance rate,gt in support,iw var,C2ST,MMD,MEDDIST,NLTP,RT
"[1.0, -0.016937818378210068, -0.0189973134547472, -0.019655698910355568, -0.042608242481946945, -0.12447576224803925, -0.4452282786369324, -0.47206950187683105, -0.7621631622314453, -0.953591525554657]","[1.0, 0.0, 0.0003000000142492354, 0.0007999999797903001, 0.019700000062584877, 0.20720000565052032, 0.5133000016212463, 0.33640000224113464, 0.620199978351593, 0.3571000099182129]","[0.0, 1.761083723295087e-08, 1.8181458116828253e-08, 1.8654167988074732e-08, 1.6741003250331232e-08, 1.6920816747756362e-08, 1.6649037704041802e-08, 1.6845303818513457e-08, 1.8107519039745057e-08, 1.7804849150593327e-08]",0.99935,0.6544841,50.08931,1.3382944,199.30836
