acceptance rate,gt in support,iw var,C2ST,MMD,MEDDIST,NLTP,RT
"[1.0, -0.1905076503753662, -0.47768622636795044, -0.48316729068756104, -0.8898734450340271, -0.8140937685966492, -0.630932629108429, -0.8244467377662659, -0.7406052350997925, -0.6675615906715393]","[1.0, 1.0, 1.0, 1.0, 1.0, 1.0, 1.0, 1.0, 1.0, 1.0]","[0.0, 5.5841130330858135e-12, 6.911180395335892e-12, 1.3313268022729918e-11, 2.308788923932603e-11, 2.4472916748674578e-11, 4.491848212828664e-11, 2.0024374519644894e-11, 2.1281060247346772e-11, 2.031641868627254e-11]",0.50105,0.0019342899,22.88012,-9.952056,1547.2234
