C2ST,C2ST_Z,MMD,MMD_Z,KSD_GAUSS,MEDDIST,C2ST_1K,C2ST_1K_Z,MMD_1K,MMD_1K_Z,KSD_GAUSS_1K,MEDDIST_1K,NLTP,RT
0.9024,0.9024,0.09236276,0.19824666,1163286500.0,10.148258,0.8525,0.841,0.09094751,0.18651676,51655.54,10.084188,5.299592,222.21866
