C2ST,C2ST_Z,MMD,MMD_Z,KSD_GAUSS,MEDDIST,C2ST_1K,C2ST_1K_Z,MMD_1K,MMD_1K_Z,KSD_GAUSS_1K,MEDDIST_1K,NLTP,RT
0.547,0.54075,0.01024735,0.008219361,179356.23,10.497484,0.561,0.5405,0.012816787,0.0092839,18715.984,10.419673,4.3423996,2375.085
