acceptance rate,gt in support,C2ST,MMD,KSD_GAUSS,MEDDIST,NLTP,RT
"[1.0, -0.8737062215805054, -0.9134424328804016, -1.0011464357376099, -0.9828831553459167, -1.10675048828125, -1.1490272283554077, -1.1185338497161865, -1.2151310443878174, -1.2701534032821655]","[1.0, 1.0, 1.0, 1.0, 1.0, 0.9998999834060669, 1.0, 1.0, 1.0, 1.0]",0.5367,0.0069738626,inf,0.08866303,-3.1839676,2391.9182
