C2ST,C2ST_Z,MMD,MMD_Z,KSD_GAUSS,MEDDIST,C2ST_1K,C2ST_1K_Z,MMD_1K,MMD_1K_Z,KSD_GAUSS_1K,MEDDIST_1K,NLTP,RT
0.9802,0.9972,0.53353274,0.54665124,3013564400.0,54.676643,0.952,0.994,0.5196417,0.54226357,2215878700.0,52.365425,-13.029545,101.67564
