acceptance rate,gt in support,iw var,C2ST,MMD,MEDDIST,NLTP,RT
"[1.0, -0.3429441452026367, -0.3444133996963501, -0.40789729356765747, -0.43074315786361694, -0.46462148427963257, -0.5219388008117676, -0.4686914384365082, -0.6028250455856323, -0.5622890591621399]","[1.0, 1.0, 1.0, 1.0, 1.0, 1.0, 1.0, 1.0, 1.0, 1.0]","[0.0, 1.8575972760004333e-08, 1.903465474129007e-08, 1.9083357116755906e-08, 1.6086687537608668e-08, 1.6865746133021275e-08, 1.72139245080416e-08, 2.097708318160585e-08, 1.4983051244144008e-08, 2.255647935101024e-08]",0.56445,0.00091791153,0.08830796,-1.6927627,591.58716
