acceptance rate,gt in support,C2ST,MMD,KSD_GAUSS,MEDDIST,NLTP,RT
"[1.0, -0.0025699373800307512, -0.02429254911839962, -0.016554145142436028, -0.02077040821313858, -0.018022924661636353, -0.08576264977455139, -0.0747910887002945, -0.07972010225057602, -0.0636119470000267]","[1.0, 0.9980000257492065, 0.9902999997138977, 0.994700014591217, 0.9976999759674072, 0.9968000054359436, 0.9944000244140625, 0.9968000054359436, 0.9972000122070312, 0.9988999962806702]",0.973,0.20226157,35358930000000.0,21.713589,11.189074,232.9158
