acceptance rate,gt in support,iw var,C2ST,MMD,MEDDIST,NLTP,RT
"[1.0, -1.6648622751235962, -1.5228787660598755, -1.5991168022155762, -1.7352250814437866, -1.599764347076416, -1.753665566444397, -1.7713429927825928, -1.8448375463485718, -1.786610722541809]","[1.0, 0.9958000183105469, 0.9972000122070312, 0.9987000226974487, 0.9980000257492065, 0.9987000226974487, 0.9991999864578247, 0.9991999864578247, 0.9994999766349792, 0.9993000030517578]","[0.0, 1.5736340230887436e-08, 1.8547408942026777e-08, 1.85753581405379e-08, 1.602949062373682e-08, 1.5898653060730794e-08, 1.6776898092984993e-08, 1.6201340713450918e-08, 1.58805697481057e-08, 1.6667391022906486e-08]",0.57315,0.0099362135,10.709957,3.9879475,20067.783
