acceptance rate,gt in support,iw var,C2ST,MMD,MEDDIST,NLTP,RT
"[1.0, -0.014236841350793839, -0.022688046097755432, -0.16845014691352844, -0.20391157269477844, -0.3622768521308899, -0.48611682653427124, -0.8296125531196594, -0.8594919443130493, -1.0558464527130127]","[1.0, 0.96670001745224, 0.9661999940872192, 0.8930000066757202, 0.9416000247001648, 0.9524000287055969, 0.9538999795913696, 0.9710999727249146, 0.9742000102996826, 0.9793999791145325]","[0.0, 1.680548500360146e-08, 1.8843978821792007e-08, 1.7102951943570588e-08, 1.5122656904509313e-08, 1.7820502407062122e-08, 1.604867883031602e-08, 1.636982993602487e-08, 1.6919672773951788e-08, 1.7395000995179544e-08]",0.94245,0.17339796,14.927846,11.779894,306.38284
