C2ST,C2ST_Z,MMD,MMD_Z,KSD_GAUSS,MEDDIST,C2ST_1K,C2ST_1K_Z,MMD_1K,MMD_1K_Z,KSD_GAUSS_1K,MEDDIST_1K,NLTP,RT
0.5292,0.53335,0.0033724308,0.0033721924,inf,0.086451,0.533,0.533,0.0037045479,0.0037049055,inf,0.08319897,-1.3642396,203.4294
