acceptance rate,gt in support,C2ST,MMD,KSD_GAUSS,MEDDIST,NLTP,RT
"[1.0, -0.09655728936195374, -0.3481084406375885, -0.4328559637069702, -1.3083713054656982, -1.2392425537109375, -1.1372724771499634, -1.1612348556518555, -1.1749635934829712, -1.278684139251709]","[1.0, 0.9955000281333923, 0.9606999754905701, 0.9584000110626221, 0.9765999913215637, 0.9957000017166138, 0.9976999759674072, 0.9976000189781189, 0.9962000250816345, 0.9947999715805054]",0.8407,0.024879813,3590610.8,24.309532,2.502095,369.72488
