acceptance rate,gt in support,iw var,C2ST,MMD,MEDDIST,NLTP,RT
"[1.0, -2.507465124130249, -2.0201048851013184, -2.2185041904449463, -2.5446560382843018, -2.583160161972046, -2.8019590377807617, -2.8250787258148193, -2.8083651065826416, -2.776614189147949]","[1.0, 0.9950000047683716, 1.0, 1.0, 1.0, 1.0, 1.0, 1.0, 1.0, 1.0]","[0.0, 1.1166422647646002e-10, 6.551225673057104e-10, 3.3687660994097257e-10, 1.5235662731427624e-10, 1.5044378243178613e-10, 2.1342623501841018e-10, 2.5604504627629865e-10, 2.7964619508935584e-10, 3.749019983345647e-10]",0.7748,0.135777,132.04837,-16.407818,5191.7173
