acceptance rate,gt in support,C2ST,MMD,MEDDIST,NLTP,RT
"[1.0, 1.0, 1.0, 1.0, 1.0, 1.0, 1.0, 1.0, 1.0, 1.0]","[1.0, 0.9991000294685364, 0.9991999864578247, 0.9987000226974487, 0.9994000196456909, 0.9994000196456909, 0.9993000030517578, 0.9995999932289124, 0.9994999766349792, 0.9994000196456909]",0.5485,0.0023938417,1.4322913,3.182867,953.3247
