acceptance rate,gt in support,C2ST,MMD,MEDDIST,NLTP,RT
"[1.0, -0.45271769165992737, -0.8617762923240662, -1.4576468467712402, -1.6076462268829346, -2.2227113246917725, -2.0473544597625732, -2.1542084217071533, -2.1587700843811035, -2.1605002880096436]","[1.0, 1.0, 1.0, 0.9998999834060669, 0.9998000264167786, 0.9994999766349792, 0.9995999932289124, 0.9993000030517578, 0.9995999932289124, 0.9994999766349792]",0.5642,0.0026204586,14.292978,-3.1193123,7185.0513
