acceptance rate,gt in support,C2ST,MMD,MEDDIST,NLTP,RT
"[1.0, -0.38080230355262756, -0.38313955068588257, -0.3709983825683594, -0.41150420904159546, -0.5265495777130127, -0.5487894415855408, -0.5700460076332092, -0.673541247844696, -0.7325153946876526]","[1.0, 1.0, 1.0, 1.0, 1.0, 1.0, 1.0, 1.0, 1.0, 1.0]",0.6409,0.002485156,0.095525265,-2.3989573,143.28069
