acceptance rate,gt in support,C2ST,MMD,MEDDIST,NLTP,RT
"[1.0, -0.32452717423439026, -0.7286618947982788, -1.1332486867904663, -1.3214815855026245, -1.4438698291778564, -1.5458329916000366, -1.5471066236495972, -1.6169544458389282, -1.6104449033737183]","[1.0, 1.0, 1.0, 1.0, 1.0, 0.9998999834060669, 0.9998999834060669, 0.9998999834060669, 0.9997000098228455, 0.9997000098228455]",0.5001,0.0034755468,16.248077,-3.955746,3203.957
