acceptance rate,gt in support,iw var,C2ST,MMD,MEDDIST,NLTP,RT
"[1.0, -1.3078248500823975, -1.3170387744903564, -1.3039350509643555, -1.3707178831100464, -1.3755890130996704, -1.3729757070541382, -1.3788670301437378, -1.3869620561599731, -1.3828318119049072]","[1.0, 1.0, 1.0, 1.0, 1.0, 1.0, 1.0, 1.0, 1.0, 1.0]","[0.0, 1.9135582007834273e-08, 1.82207742227547e-08, 1.821985584626873e-08, 1.635028823443463e-08, 1.747646649619128e-08, 1.79761254770483e-08, 1.620088596610003e-08, 1.4941585746441888e-08, 1.8834795056932307e-08]",0.5884,0.031692266,13.048622,1.7731562,15202.077
