acceptance rate,gt in support,C2ST,MMD,KSD_GAUSS,MEDDIST,NLTP,RT
"[1.0, -0.2767496109008789, -0.4574649930000305, -0.4287571310997009, -0.5058453679084778, -0.5330212116241455, -0.5411356091499329, -0.5980827808380127, -0.5888434648513794, -0.5682343244552612]","[1.0, 0.9990000128746033, 0.9998000264167786, 0.9998999834060669, 0.9994000196456909, 0.9983999729156494, 0.9984999895095825, 0.9984999895095825, 0.9994999766349792, 0.9997000098228455]",0.7143,0.0023685694,14252230000.0,24.65676,5.1757503,3616.398
