acceptance rate,gt in support,C2ST,MMD,MEDDIST,NLTP,RT
"[1.0, -0.15239650011062622, -0.24165594577789307, -0.26332467794418335, -0.32707130908966064, -0.3388185501098633, -0.30126169323921204, -0.3158131539821625, -0.36048030853271484, -0.3384396731853485]","[1.0, 0.9998999834060669, 0.9997000098228455, 0.9995999932289124, 0.9995999932289124, 0.9995999932289124, 0.9997000098228455, 0.9997000098228455, 0.9993000030517578, 0.9997000098228455]",0.54795,0.0055075884,1.553201,-2.2237692,17344.254
