acceptance rate,gt in support,C2ST,MMD,MEDDIST,NLTP,RT
"[1.0, 1.0, 1.0, 1.0, 1.0, 1.0, 1.0, 1.0, 1.0, 1.0]","[1.0, 1.0, 1.0, 1.0, 1.0, 0.9882000088691711, 0.9991000294685364, 0.9998999834060669, 0.9998999834060669, 0.9994000196456909]",0.6186,0.006766975,0.08816791,-3.893013,202.95595
