acceptance rate,gt in support,C2ST,MMD,KSD_GAUSS,MEDDIST,NLTP,RT
"[1.0, -0.2963217794895172, -1.0447533130645752, -1.1214371919631958, -0.888947606086731, -1.0995068550109863, -1.1619068384170532, -1.0834650993347168, -1.0859824419021606, -1.1294288635253906]","[1.0, 1.0, 1.0, 1.0, 1.0, 1.0, 1.0, 1.0, 1.0, 1.0]",0.50035,0.0021671057,1503790.0,23.151674,-9.567673,2012.6095
