acceptance rate,gt in support,C2ST,MMD,MEDDIST,NLTP,RT
"[1.0, -0.0857362225651741, -0.08486409485340118, -0.18845851719379425, -0.2188911736011505, -0.23829765617847443, -0.28120777010917664, -0.3980847895145416, -0.42906805872917175, -0.49580109119415283]","[1.0, 0.863099992275238, 0.8930000066757202, 0.8170999884605408, 0.9265999794006348, 0.9144999980926514, 0.9061999917030334, 0.9017000198364258, 0.8949000239372253, 0.8464999794960022]",0.9921,0.07913232,26.672281,11.211386,170.55467
