C2ST,C2ST_Z,MMD,MMD_Z,KSD_GAUSS,MEDDIST,C2ST_1K,C2ST_1K_Z,MMD_1K,MMD_1K_Z,KSD_GAUSS_1K,MEDDIST_1K,NLTP,RT
0.564,0.54535,0.0039299726,0.0039200783,12291.577,1.379487,0.5205,0.507,0.003352046,0.0033874512,1280.9177,1.3678408,0.3218155,113.444244
