acceptance rate,gt in support,C2ST,MMD,MEDDIST,NLTP,RT
"[1.0, 1.0, 1.0, 1.0, 1.0, 1.0, 1.0, 1.0, 1.0, 1.0]","[1.0, 1.0, 1.0, 1.0, 1.0, 1.0, 1.0, 1.0, 1.0, 1.0]",0.50095,0.0043512583,24.738634,-9.429163,533.83185
