C2ST,C2ST_Z,MMD,MMD_Z,KSD_GAUSS,MEDDIST,C2ST_1K,C2ST_1K_Z,MMD_1K,MMD_1K_Z,KSD_GAUSS_1K,MEDDIST_1K,NLTP,RT
0.97455,0.97425,0.10365188,0.35662416,5891312000000.0,17.86064,0.959,0.947,0.098474264,0.35697132,1141448800000.0,17.71936,13.436236,411.18332
