acceptance rate,gt in support,C2ST,MMD,KSD_GAUSS,MEDDIST,NLTP,RT
"[1.0, -0.40671393275260925, -0.3864400386810303, -0.541513204574585, -0.8451197743415833, -0.9976611137390137, -1.0904439687728882, -1.1385509967803955, -1.158348560333252, -1.1076912879943848]","[1.0, 1.0, 1.0, 1.0, 1.0, 1.0, 1.0, 1.0, 1.0, 1.0]",0.62505,0.0025660992,inf,0.0913588,-4.01234,97.91939
