acceptance rate,gt in support,iw var,C2ST,MMD,MEDDIST,NLTP,RT
"[1.0, -0.0006084615597501397, -0.002613633871078491, -0.0035321242175996304, -0.009972106665372849, -0.008153966628015041, -0.010906308889389038, -0.02351248264312744, -0.02923484705388546, -0.04798291623592377]","[1.0, 0.9998999834060669, 0.9998999834060669, 1.0, 0.9994999766349792, 0.9994000196456909, 1.0, 0.9993000030517578, 0.9988999962806702, 0.9990000128746033]","[0.0, 385.9317321777344, 378.5556945800781, 382.3740539550781, 388.3280334472656, 384.049072265625, 375.8669128417969, 386.9917907714844, 385.9783630371094, 384.3733215332031]",0.67015,0.01644814,1.4280052,3.555787,235.42522
