C2ST,C2ST_Z,MMD,MMD_Z,KSD_GAUSS,MEDDIST,C2ST_1K,C2ST_1K_Z,MMD_1K,MMD_1K_Z,KSD_GAUSS_1K,MEDDIST_1K,NLTP,RT
0.87515,0.91955,0.21509784,0.24711484,254037680.0,14.868093,0.8305,0.924,0.22704184,0.25982016,30835068.0,15.005807,-16.180862,2072.6567
