acceptance rate,gt in support,C2ST,MMD,MEDDIST,NLTP,RT
"[1.0, -0.4605475068092346, -0.59954833984375, -0.669302225112915, -0.7104853391647339, -0.739253044128418, -0.6844914555549622, -0.6919053196907043, -0.7221998572349548, -0.6686941981315613]","[1.0, 0.9873999953269958, 0.9846000075340271, 0.9828000068664551, 0.9810000061988831, 0.9833999872207642, 0.9848999977111816, 0.9850000143051147, 0.9839000105857849, 0.9907000064849854]",0.53775,0.0026298761,1.5529138,-2.998211,3157.8958
