acceptance rate,gt in support,C2ST,MMD,MEDDIST,NLTP,RT
"[1.0, -0.05628296360373497, -0.0712713971734047, -0.12971316277980804, -0.12459145486354828, -0.1281353086233139, -0.1665341705083847, -0.15958023071289062, -0.18273219466209412, -0.17532110214233398]","[1.0, 0.9998000264167786, 0.9998000264167786, 0.9997000098228455, 0.9995999932289124, 0.9997000098228455, 0.9995999932289124, 0.9997000098228455, 0.9997000098228455, 0.9997000098228455]",0.523,0.0021982193,1.4381614,4.748172,16567.365
