C2ST,C2ST_Z,MMD,MMD_Z,KSD_GAUSS,MEDDIST,C2ST_1K,C2ST_1K_Z,MMD_1K,MMD_1K_Z,KSD_GAUSS_1K,MEDDIST_1K,NLTP,RT
0.55735,0.5847,0.0144735575,0.014440775,inf,0.08823015,0.5505,0.552,0.011336207,0.011319637,inf,0.08478227,-4.4593444,1489.9462
