acceptance rate,gt in support,iw var,C2ST,MMD,MEDDIST,NLTP,RT
"[1.0, -0.010884065181016922, -0.011374164372682571, -0.018181396648287773, -0.04392768815159798, -0.08370400965213776, -0.07930288463830948, -0.10292301326990128, -0.08412550389766693, -0.07489427179098129]","[1.0, 1.0, 1.0, 1.0, 1.0, 1.0, 1.0, 1.0, 1.0, 1.0]","[0.0, 1.6658180612694196e-08, 1.8379843425009312e-08, 1.557310369548759e-08, 1.7002326657689082e-08, 1.803826421564736e-08, 1.9969384368323517e-08, 1.5918603324394098e-08, 1.623812373452438e-08, 1.5156565780216624e-08]",0.99255,0.53711915,162.52019,-6.170476,133.35449
