acceptance rate,gt in support,C2ST,MMD,KSD_GAUSS,MEDDIST,NLTP,RT
"[1.0, -0.010705972090363503, -0.04851677641272545, -0.08092191815376282, -0.6446634531021118, -0.6238247156143188, -0.7931355834007263, -0.79930579662323, -0.7923271656036377, -0.9121003150939941]","[1.0, 0.982699990272522, 0.9850999712944031, 0.9794999957084656, 0.9071999788284302, 0.9060999751091003, 0.9039000272750854, 0.9194999933242798, 0.9284999966621399, 0.9093999862670898]",0.88875,0.27172065,33979.156,12.944071,13.841533,77.63073
