acceptance rate,gt in support,iw var,C2ST,MMD,MEDDIST,NLTP,RT
"[1.0, -0.0015227162512019277, -0.004628107417374849, -0.008286740630865097, -0.01345218438655138, -0.031003696843981743, -0.09897784143686295, -0.11041820049285889, -0.09914150089025497, -0.1894986629486084]","[1.0, 0.9994000196456909, 0.9983000159263611, 0.9988999962806702, 0.9976000189781189, 0.9962000250816345, 0.988099992275238, 0.9868999719619751, 0.9907000064849854, 0.9861999750137329]","[0.0, 388.8548583984375, 384.2889404296875, 388.38543701171875, 387.7462463378906, 384.1926574707031, 393.5693054199219, 385.0830078125, 380.7000732421875, 384.7313232421875]",0.6994,0.017693281,1.492592,2.0785599,210.39244
