acceptance rate,gt in support,C2ST,MMD,KSD_GAUSS,MEDDIST,NLTP,RT
"[1.0, -0.043975722044706345, -0.04162728041410446, -0.8267720937728882, -0.8307875990867615, -0.8850139379501343, -0.9433915615081787, -0.9510836601257324, -0.9656122326850891, -0.9603480100631714]","[1.0, 1.0, 1.0, 1.0, 1.0, 1.0, 1.0, 1.0, 1.0, 1.0]",0.6304,0.05727613,550982.4,22.93469,-5.0967855,338.44876
