acceptance rate,gt in support,iw var,C2ST,MMD,MEDDIST,NLTP,RT
"[1.0, -0.41532963514328003, -0.3880643844604492, -0.4620550572872162, -0.4757337272167206, -0.6681679487228394, -0.7201050519943237, -0.9457700848579407, -0.9846402406692505, -1.1884249448776245]","[1.0, 1.0, 1.0, 1.0, 1.0, 1.0, 1.0, 1.0, 1.0, 1.0]","[0.0, 387.3572998046875, 380.9336853027344, 384.4379577636719, 390.8763427734375, 383.2914123535156, 391.4892578125, 388.2675476074219, 389.6092834472656, 385.66473388671875]",0.9638,0.4416299,40.241997,-11.494216,17924.55
