acceptance rate,gt in support,C2ST,MMD,MEDDIST,NLTP,RT
"[1.0, -2.574580192565918, -1.8506097793579102, -1.9113885164260864, -2.157581329345703, -2.1989285945892334, -2.59191632270813, -2.698362350463867, -2.7129263877868652, -2.692152500152588]","[1.0, 0.9089999794960022, 1.0, 1.0, 1.0, 1.0, 1.0, 1.0, 1.0, 1.0]",0.79945,0.22354299,184.88124,-16.00026,1428.0481
