acceptance rate,gt in support,iw var,C2ST,MMD,MEDDIST,NLTP,RT
"[1.0, -0.1547158807516098, -0.19077710807323456, -0.2133905589580536, -0.2660007178783417, -0.30207356810569763, -0.23694658279418945, -0.28083449602127075, -0.2850000560283661, -0.2824959456920624]","[1.0, 0.9998999834060669, 0.9997000098228455, 0.9998999834060669, 0.9998000264167786, 0.9997000098228455, 0.9998000264167786, 0.9997000098228455, 0.9995999932289124, 0.9997000098228455]","[0.0, 383.6161193847656, 388.5614929199219, 376.8387451171875, 385.2254333496094, 380.8802490234375, 382.66265869140625, 382.2087097167969, 387.84881591796875, 392.7549743652344]",0.5183,0.0018292665,1.4663969,-1.5652876,9571.716
