acceptance rate,gt in support,C2ST,MMD,KSD_GAUSS,MEDDIST,NLTP,RT
"[1.0, -0.21144278347492218, -0.2591637969017029, -0.45469287037849426, -0.6436681747436523, -0.6488997340202332, -0.7427615523338318, -0.7583290338516235, -0.8682210445404053, -0.8624876737594604]","[1.0, 1.0, 1.0, 1.0, 1.0, 1.0, 1.0, 1.0, 1.0, 1.0]",0.61425,0.013555288,inf,0.09351628,-3.32768,94.9672
