acceptance rate,gt in support,C2ST,MMD,MEDDIST,NLTP,RT
"[1.0, -0.020406125113368034, -0.020519929006695747, -0.09941443055868149, -0.39243772625923157, -0.466185599565506, -0.4392566978931427, -1.0165377855300903, -1.0103075504302979, -0.9576607942581177]","[1.0, 1.0, 1.0, 1.0, 1.0, 1.0, 1.0, 1.0, 1.0, 1.0]",0.99205,0.5474051,56.79517,-10.449985,544.77094
