acceptance rate,gt in support,C2ST,MMD,MEDDIST,NLTP,RT
"[1.0, 1.0, 1.0, 1.0, 1.0, 1.0, 1.0, 1.0, 1.0, 1.0]","[1.0, 1.0, 0.9997000098228455, 0.9977999925613403, 0.9970999956130981, 0.9983000159263611, 0.9980999827384949, 0.9988999962806702, 0.9965999722480774, 0.996999979019165]",0.88005,0.108266056,3.2878964,2.2956998,978.8757
