acceptance rate,gt in support,iw var,C2ST,MMD,MEDDIST,NLTP,RT
"[1.0, -0.8293612003326416, -0.7991885542869568, -0.8442845344543457, -0.8024831414222717, -0.8942769765853882, -0.9421648979187012, -1.0272083282470703, -1.09122633934021, -1.1322380304336548]","[1.0, 1.0, 1.0, 1.0, 1.0, 1.0, 1.0, 1.0, 1.0, 1.0]","[0.0, 1.6832862215210298e-08, 1.745084432513977e-08, 1.741138966337985e-08, 1.9240840032352935e-08, 1.73845844386733e-08, 1.66550293556611e-08, 1.727849685551064e-08, 1.8672784207751647e-08, 1.62880020582179e-08]",0.5213,0.0002644062,0.090085685,-4.008609,11627.259
