acceptance rate,gt in support,C2ST,MMD,KSD_GAUSS,MEDDIST,NLTP,RT
"[1.0, -0.4253900647163391, -0.4919755756855011, -0.8932992815971375, -1.1638447046279907, -1.1423660516738892, -1.3593889474868774, -1.3965091705322266, -1.3022311925888062, -1.4230191707611084]","[1.0, 0.9641000032424927, 0.9775000214576721, 0.9811000227928162, 0.9876999855041504, 0.991599977016449, 0.9886000156402588, 0.989300012588501, 0.9929999709129333, 0.9904999732971191]",0.65535,0.05754304,96813.03,10.452533,3.3085814,409.63333
