acceptance rate,gt in support,C2ST,MMD,KSD_GAUSS,MEDDIST,NLTP,RT
"[1.0, -0.47504162788391113, -0.483530730009079, -0.5963648557662964, -0.6273089051246643, -0.5163057446479797, -0.4641997218132019, -0.4966520369052887, -0.7182850241661072, -0.6112595796585083]","[1.0, 1.0, 1.0, 1.0, 1.0, 1.0, 1.0, 1.0, 1.0, 1.0]",0.50015,0.0039566755,5649126.0,20.34699,-9.314137,1838.1732
