acceptance rate,gt in support,C2ST,MMD,MEDDIST,NLTP,RT
"[1.0, 1.0, 1.0, 1.0, 1.0, 1.0, 1.0, 1.0, 1.0, 1.0]","[1.0, 0.9621000289916992, 0.9908000230789185, 0.5181000232696533, 0.7871000170707703, 0.8389000296592712, 0.8794999718666077, 0.8550000190734863, 0.8982999920845032, 0.9409000277519226]",0.9633,0.14950752,31.303501,14.595559,936.9669
