C2ST,C2ST_Z,MMD,MMD_Z,KSD_GAUSS,MEDDIST,C2ST_1K,C2ST_1K_Z,MMD_1K,MMD_1K_Z,KSD_GAUSS_1K,MEDDIST_1K,NLTP,RT
0.56635,0.55615,0.00358665,0.0035851002,14622.355,1.4381602,0.5455,0.5455,0.0038439035,0.0038541555,1676.5673,1.4204984,1.9457169,136.79533
