acceptance rate,gt in support,C2ST,MMD,MEDDIST,NLTP,RT
"[1.0, -0.1438453048467636, -0.152797669172287, -0.3881351351737976, -0.3709983825683594, -0.3927595019340515, -0.32716354727745056, -0.5799204111099243, -0.617226779460907, -0.791021466255188]","[1.0, 1.0, 1.0, 1.0, 1.0, 1.0, 1.0, 0.9998999834060669, 1.0, 1.0]",0.60555,0.0020580292,0.093462765,-2.9094236,3043.7139
