acceptance rate,gt in support,C2ST,MMD,KSD_GAUSS,MEDDIST,NLTP,RT
"[1.0, -0.002985154977068305, -0.0039920988492667675, -0.005396942142397165, -0.009861033409833908, -0.044384412467479706, -0.04162728041410446, -0.15391044318675995, -0.3775787353515625, -0.4013553559780121]","[1.0, 1.0, 1.0, 1.0, 1.0, 1.0, 1.0, 1.0, 1.0, 1.0]",0.8358,0.4927894,6777445.5,21.142374,0.29830465,181.77951
