C2ST,C2ST_Z,MMD,MMD_Z,KSD_GAUSS,MEDDIST,C2ST_1K,C2ST_1K_Z,MMD_1K,MMD_1K_Z,KSD_GAUSS_1K,MEDDIST_1K,NLTP,RT
0.5842,0.67395,0.0015976429,0.0016008615,inf,0.09173066,0.511,0.6425,0.0007200241,0.0007157326,inf,0.09339665,-3.9768233,89.495674
