acceptance rate,gt in support,C2ST,MMD,KSD_GAUSS,MEDDIST,NLTP,RT
"[1.0, -0.008707462809979916, -0.018974624574184418, -0.05185611546039581, -0.05453142896294594, -0.06668991595506668, -0.08629211038351059, -0.07982449233531952, -0.08186478167772293, -0.08301996439695358]","[1.0, 1.0, 1.0, 0.9998999834060669, 0.9998999834060669, 0.9998000264167786, 0.9998000264167786, 0.9998999834060669, 0.9997000098228455, 1.0]",0.57835,0.002476573,9936.188,1.425978,2.5958548,153.22855
