acceptance rate,gt in support,C2ST,MMD,MEDDIST,NLTP,RT
"[1.0, -0.17266304790973663, -0.3338565528392792, -0.4064924120903015, -0.4283299744129181, -0.46571996808052063, -0.43667715787887573, -0.5431028604507446, -0.549596905708313, -0.5413243770599365]","[1.0, 0.9771999716758728, 0.9812999963760376, 0.9769999980926514, 0.978600025177002, 0.9769999980926514, 0.980400025844574, 0.9793999791145325, 0.978600025177002, 0.9789000153541565]",0.60965,0.0074318647,1.5648215,-3.1476917,286.26868
