acceptance rate,gt in support,C2ST,MMD,KSD_GAUSS,MEDDIST,NLTP,RT
"[1.0, -0.0012830677442252636, -0.0016752793453633785, -0.0021769432350993156, -0.0028977172914892435, -0.004233221057802439, -0.002591785043478012, -0.007071109022945166, -0.010884065181016922, -0.008397411555051804]","[1.0, 1.0, 1.0, 1.0, 1.0, 1.0, 1.0, 1.0, 1.0, 1.0]",0.5454,0.0019683838,5294.428,1.3504102,0.2065916,355.97418
