acceptance rate,gt in support,C2ST,MMD,KSD_GAUSS,MEDDIST,NLTP,RT
"[1.0, -1.683644413948059, -1.7686859369277954, -1.8595608472824097, -1.8584429025650024, -1.795923113822937, -1.8116557598114014, -1.8233041763305664, -1.8154375553131104, -1.7869538068771362]","[1.0, 0.9901999831199646, 0.9919000267982483, 0.989300012588501, 0.9898999929428101, 0.9922000169754028, 0.991599977016449, 0.9926999807357788, 0.9934999942779541, 0.9943000078201294]",0.56025,0.003571868,81226.664,10.087397,2.6583986,2081.3374
