acceptance rate,gt in support,iw var,C2ST,MMD,MEDDIST,NLTP,RT
"[1.0, -0.7662426233291626, -0.868702232837677, -0.8626459240913391, -0.9172146320343018, -1.1567672491073608, -1.3526170253753662, -1.4034029245376587, -1.7544872760772705, -1.832682728767395]","[1.0, 1.0, 1.0, 1.0, 1.0, 1.0, 1.0, 1.0, 1.0, 1.0]","[0.0, 386.36358642578125, 384.74945068359375, 381.6827697753906, 381.7211608886719, 386.3330383300781, 389.258056640625, 388.7233581542969, 386.9564514160156, 389.1234436035156]",0.8846,0.3598014,40.158657,-15.042384,20481.945
