C2ST,C2ST_Z,MMD,MMD_Z,KSD_GAUSS,MEDDIST,C2ST_1K,C2ST_1K_Z,MMD_1K,MMD_1K_Z,KSD_GAUSS_1K,MEDDIST_1K,NLTP,RT
0.8743,0.92145,0.26443216,0.27066672,112721416.0,19.21318,0.785,0.923,0.27083302,0.28123128,10453068.0,19.253605,-12.2523365,469.8642
