C2ST,C2ST_Z,MMD,MMD_Z,KSD_GAUSS,MEDDIST,C2ST_1K,C2ST_1K_Z,MMD_1K,MMD_1K_Z,KSD_GAUSS_1K,MEDDIST_1K,NLTP,RT
0.58405,0.568,0.021837592,0.019848585,115375.836,11.854087,0.577,0.558,0.013781428,0.013672233,11642.284,11.85299,5.0343714,226.22769
