acceptance rate,gt in support,C2ST,MMD,KSD_GAUSS,MEDDIST,NLTP,RT
"[1.0, -1.3553473949432373, -1.4508697986602783, -1.47907292842865, -1.5838290452957153, -1.5379016399383545, -1.5817837715148926, -1.581061601638794, -1.5433809757232666, -1.5313152074813843]","[1.0, 1.0, 1.0, 1.0, 0.9998999834060669, 1.0, 1.0, 1.0, 1.0, 1.0]",0.53495,0.009348154,115254.74,11.845396,5.6499147,1418.8949
