acceptance rate,gt in support,C2ST,MMD,MEDDIST,NLTP,RT
"[1.0, -0.006982844788581133, -0.00764535553753376, -0.01675722561776638, -0.04117344319820404, -0.06686718761920929, -0.12953756749629974, -0.27905553579330444, -0.27376195788383484, -0.4734884202480316]","[1.0, 1.0, 1.0, 1.0, 1.0, 1.0, 1.0, 1.0, 1.0, 1.0]",0.9919,0.54673135,49.675743,-10.733978,3063.4436
