acceptance rate,gt in support,C2ST,MMD,KSD_GAUSS,MEDDIST,NLTP,RT
"[1.0, -0.035763949155807495, -0.0323350615799427, -0.03285001963376999, -0.17587417364120483, -0.17865025997161865, -0.28104186058044434, -0.2536383271217346, -0.26332467794418335, -0.259992778301239]","[1.0, 0.9835000038146973, 0.9883999824523926, 0.9868999719619751, 0.9549999833106995, 0.9300000071525574, 0.7949000000953674, 0.7789999842643738, 0.8733000159263611, 0.8335000276565552]",0.99295,0.11812627,20459932000000.0,28.358738,10.706,235.67072
