acceptance rate,gt in support,C2ST,MMD,KSD_GAUSS,MEDDIST,NLTP,RT
"[1.0, -0.13584506511688232, -0.2087305337190628, -0.2021787017583847, -0.21417206525802612, -0.20648901164531708, -0.20207493007183075, -0.2102430760860443, -0.21885521709918976, -0.23908773064613342]","[1.0, 0.9991999864578247, 0.9990000128746033, 0.9991999864578247, 0.9994000196456909, 0.9995999932289124, 0.9997000098228455, 0.9995999932289124, 0.9997000098228455, 0.9998000264167786]",0.51475,0.0008251667,3297.2935,1.4652616,-0.7079334,757.80664
