acceptance rate,gt in support,iw var,C2ST,MMD,MEDDIST,NLTP,RT
"[1.0, -0.004233221057802439, -0.007711646147072315, -0.022139281034469604, -0.025304144248366356, -0.035929031670093536, -0.03682629391551018, -0.055862925946712494, -0.05546800419688225, -0.048225510865449905]","[1.0, 1.0, 0.9998999834060669, 0.9998000264167786, 0.9998000264167786, 0.9998000264167786, 0.9998000264167786, 0.9995999932289124, 0.9994999766349792, 0.9997000098228455]","[0.0, 385.2070617675781, 384.7046203613281, 379.36212158203125, 386.259765625, 387.3298034667969, 392.0152282714844, 391.2422790527344, 388.383056640625, 390.2757568359375]",0.53015,0.00065004826,1.3042109,-0.7464247,951.62054
