acceptance rate,gt in support,C2ST,MMD,KSD_GAUSS,MEDDIST,NLTP,RT
"[1.0, -1.1164602041244507, -1.2262566089630127, -1.5798325538635254, -2.054436445236206, -2.3361992835998535, -2.6237611770629883, -3.117342233657837, -3.4128715991973877, -3.4653828144073486]","[1.0, 1.0, 1.0, 1.0, 1.0, 1.0, 0.9997000098228455, 1.0, 1.0, 1.0]",0.8973,0.15735477,488719650.0,12.266859,-13.602408,6815.9263
