acceptance rate,gt in support,iw var,C2ST,MMD,MEDDIST,NLTP,RT
"[1.0, -0.6880767345428467, -0.656709611415863, -0.6318247318267822, -0.755929172039032, -0.8679004907608032, -0.9733442068099976, -1.0081298351287842, -1.1251870393753052, -1.1403471231460571]","[1.0, 1.0, 1.0, 1.0, 1.0, 1.0, 1.0, 1.0, 1.0, 1.0]","[0.0, 1.6721690698773273e-08, 1.6980665762389435e-08, 1.6449943629481822e-08, 1.648285419264539e-08, 1.560121276611426e-08, 1.6915766565261947e-08, 1.6301669347740244e-08, 1.8985705452223556e-08, 1.7000862939653416e-08]",0.5038,-1.3589859e-05,0.088014916,-3.9387224,419.37732
