acceptance rate,gt in support,C2ST,MMD,MEDDIST,NLTP,RT
"[1.0, -0.07219351828098297, -0.15936078131198883, -0.19195793569087982, -0.2415044605731964, -0.27229610085487366, -0.2576677203178406, -0.2779834270477295, -0.2516569197177887, -0.32169410586357117]","[1.0, 0.9984999895095825, 0.9987000226974487, 0.9988999962806702, 0.9993000030517578, 0.9991000294685364, 0.9991999864578247, 0.9994000196456909, 0.9995999932289124, 0.9994000196456909]",0.54895,0.0024062395,1.495261,-1.4614077,8316.199
