acceptance rate,gt in support,iw var,C2ST,MMD,MEDDIST,NLTP,RT
"[1.0, -0.18405720591545105, -0.6611054539680481, -0.7937911152839661, -0.6999845504760742, -1.0604807138442993, -1.1740115880966187, -1.0228586196899414, -1.1196355819702148, -1.173666000366211]","[1.0, 1.0, 1.0, 1.0, 1.0, 1.0, 1.0, 1.0, 1.0, 1.0]","[0.0, 1.503386926060557e-08, 1.6056457496915755e-08, 1.7739125723892357e-08, 1.7531062823650245e-08, 1.548098715886681e-08, 1.603194910160255e-08, 1.7712507016653944e-08, 1.5826346455583007e-08, 1.758084167136076e-08]",0.4996,0.00028681755,20.46949,-9.9591,13240.16
