acceptance rate,gt in support,C2ST,MMD,MEDDIST,NLTP,RT
"[1.0, -1.8179399967193604, -1.6257632970809937, -1.9227186441421509, -1.8716869354248047, -2.530156373977661, -2.296361207962036, -2.295234441757202, -2.7210729122161865, -2.795619487762451]","[1.0, 1.0, 1.0, 1.0, 1.0, 1.0, 1.0, 1.0, 1.0, 1.0]",0.7835,0.16375035,149.20636,-15.265324,5584.838
