C2ST,C2ST_Z,MMD,MMD_Z,KSD_GAUSS,MEDDIST,C2ST_1K,C2ST_1K_Z,MMD_1K,MMD_1K_Z,KSD_GAUSS_1K,MEDDIST_1K,NLTP,RT
0.7653,0.7318,0.06302786,0.0634191,244838.45,1.686702,0.7285,0.7285,0.062711,0.06349909,24786.111,1.6888446,2.50523,83.0694
