acceptance rate,gt in support,C2ST,MMD,MEDDIST,NLTP,RT
"[1.0, -0.036637239158153534, -0.040505457669496536, -0.03872133418917656, -0.170728400349617, -0.4231213927268982, -0.4246966540813446, -1.1008111238479614, -1.1720709800720215, -1.2111663818359375]","[1.0, 1.0, 1.0, 1.0, 1.0, 1.0, 1.0, 1.0, 1.0, 1.0]",0.96965,0.50505847,82.60478,-12.211305,198.3463
