acceptance rate,gt in support,C2ST,MMD,MEDDIST,NLTP,RT
"[1.0, -1.5682017803192139, -1.7833799123764038, -1.8352162837982178, -1.8799024820327759, -1.883288860321045, -1.8899717330932617, -1.906535029411316, -1.8939942121505737, -1.8875583410263062]","[1.0, 0.9994999766349792, 0.998199999332428, 0.9976999759674072, 0.9976000189781189, 0.9977999925613403, 0.9983999729156494, 0.9983000159263611, 0.9983999729156494, 0.9984999895095825]",0.5383,0.010564566,11.767672,5.6040936,4956.7393
