acceptance rate,gt in support,C2ST,MMD,MEDDIST,NLTP,RT
"[1.0, -0.19538360834121704, -0.8128420114517212, -0.9665762782096863, -1.2784062623977661, -1.3422490358352661, -1.338660717010498, -1.3940057754516602, -1.4500670433044434, -1.498128056526184]","[1.0, 1.0, 1.0, 1.0, 1.0, 1.0, 1.0, 1.0, 1.0, 1.0]",0.5009,0.004315734,23.151674,-9.634576,372.46637
