acceptance rate,gt in support,C2ST,MMD,KSD_GAUSS,MEDDIST,NLTP,RT
"[1.0, -1.3733174800872803, -1.5112357139587402, -1.4308862686157227, -1.5619497299194336, -1.5703752040863037, -1.5536613464355469, -1.5097860097885132, -1.552798867225647, -1.5468090772628784]","[1.0, 1.0, 1.0, 1.0, 1.0, 1.0, 1.0, 1.0, 1.0, 1.0]",0.5702,0.009609222,237060.19,16.238598,-0.94312,2201.5015
