C2ST,C2ST_Z,MMD,MMD_Z,KSD_GAUSS,MEDDIST,C2ST_1K,C2ST_1K_Z,MMD_1K,MMD_1K_Z,KSD_GAUSS_1K,MEDDIST_1K,NLTP,RT
0.9167,0.9719,0.49583685,0.46928954,1853614300.0,39.445076,0.8865,0.9625,0.47578135,0.45339882,178541970.0,38.275837,-13.672104,413.45468
