acceptance rate,gt in support,iw var,C2ST,MMD,MEDDIST,NLTP,RT
"[1.0, -0.6890094876289368, -0.6145724654197693, -0.656946063041687, -0.6408098340034485, -0.8462994694709778, -0.8390172719955444, -0.9111554622650146, -0.9275458455085754, -0.9442394971847534]","[1.0, 0.9889000058174133, 0.9991000294685364, 0.9994999766349792, 0.9995999932289124, 0.9997000098228455, 0.9998000264167786, 0.9998999834060669, 0.9995999932289124, 0.9995999932289124]","[0.0, 1.6201655128611492e-08, 1.6167646776921174e-08, 1.469728783121127e-08, 1.6816441572586882e-08, 1.525422987924685e-08, 1.769783253280366e-08, 1.7403769092538823e-08, 1.5388737395483076e-08, 1.5941290953946918e-08]",0.78095,0.010243893,22.683563,3.6588633,30633.547
