acceptance rate,gt in support,C2ST,MMD,KSD_GAUSS,MEDDIST,NLTP,RT
"[1.0, -0.07935499399900436, -0.3178549110889435, -0.5096551775932312, -0.4576726257801056, -0.5296630263328552, -0.5176267027854919, -0.5079383850097656, -0.5164127349853516, -0.5294792652130127]","[1.0, 1.0, 1.0, 1.0, 1.0, 1.0, 1.0, 1.0, 1.0, 1.0]",0.49365,0.0016274452,447690.34,23.853722,-9.056439,329.2731
