acceptance rate,gt in support,C2ST,MMD,MEDDIST,NLTP,RT
"[1.0, -1.3002448081970215, -1.5543525218963623, -1.6849297285079956, -1.6611106395721436, -1.646618127822876, -1.7283304929733276, -1.7765905857086182, -1.7515534162521362, -1.6757603883743286]","[1.0, 0.9998999834060669, 0.9998000264167786, 0.9994999766349792, 0.9998000264167786, 1.0, 0.9998000264167786, 0.9998000264167786, 0.9998000264167786, 0.9998000264167786]",0.5393,0.0067994595,13.229832,1.4575119,18381.42
