acceptance rate,gt in support,C2ST,MMD,MEDDIST,NLTP,RT
"[1.0, -0.010884065181016922, -0.008729621767997742, -0.03727560490369797, -0.03470422700047493, -0.03432804346084595, -0.033811334520578384, -0.035481106489896774, -0.04342340677976608, -0.0629085972905159]","[1.0, 0.987500011920929, 0.989799976348877, 0.9894999861717224, 0.9909999966621399, 0.9940000176429749, 0.9952999949455261, 0.9945999979972839, 0.9940000176429749, 0.995199978351593]",0.74035,0.04871297,1.6001848,1.9309578,164.69508
