acceptance rate,gt in support,iw var,C2ST,MMD,MEDDIST,NLTP,RT
"[1.0, -0.011507952585816383, -0.017774024978280067, -0.06070544570684433, -0.2688949406147003, -0.4913356602191925, -0.7031155228614807, -0.726227343082428, -0.7917890548706055, -0.8518217206001282]","[1.0, 1.0, 1.0, 1.0, 1.0, 1.0, 1.0, 1.0, 1.0, 1.0]","[0.0, 1.724748521780839e-08, 1.898015256074359e-08, 1.8077663810345257e-08, 1.674627725378741e-08, 1.6925303825132687e-08, 1.583752862188703e-08, 1.7350686221107026e-08, 1.5883660609006256e-08, 1.554531969816253e-08]",0.7508,0.31416744,18.425522,-2.9820075,471.36075
