acceptance rate,gt in support,C2ST,MMD,KSD_GAUSS,MEDDIST,NLTP,RT
"[1.0, -0.008508111350238323, -0.01770615391433239, -0.01345218438655138, -0.08645106106996536, -0.06656335294246674, -0.071348175406456, -0.07592758536338806, -0.05938393995165825, -0.05853826180100441]","[1.0, 0.9998000264167786, 0.9990000128746033, 0.9994000196456909, 0.9621999859809875, 0.9645000100135803, 0.9663000106811523, 0.9646000266075134, 0.9757999777793884, 0.9758999943733215]",0.9787,0.15132368,849068660000000.0,20.576778,15.984675,232.14043
