acceptance rate,gt in support,iw var,C2ST,MMD,MEDDIST,NLTP,RT
"[1.0, -0.38923341035842896, -0.713843047618866, -0.6647828817367554, -1.07117760181427, -1.494765281677246, -1.4461170434951782, -1.4076097011566162, -1.5384585857391357, -2.0612990856170654]","[1.0, 1.0, 1.0, 1.0, 1.0, 1.0, 1.0, 1.0, 1.0, 1.0]","[0.0, 3.5745673782061615e-11, 9.275147316856192e-11, 1.1957966561393363e-10, 8.951617225250175e-11, 1.707624874836e-10, 1.8918804023382307e-10, 3.177580698565663e-10, 2.337666449303555e-10, 1.1523050569284266e-10]",0.89645,0.30356738,16.077873,-12.81937,4533.363
