acceptance rate,gt in support,C2ST,MMD,KSD_GAUSS,MEDDIST,NLTP,RT
"[1.0, -0.0016098774503916502, -0.020224085077643394, -0.023122960701584816, -0.26825010776519775, -0.3102768659591675, -0.29366636276245117, -0.5259659886360168, -0.5651916861534119, -0.5971370339393616]","[1.0, 1.0, 1.0, 1.0, 1.0, 1.0, 1.0, 1.0, 1.0, 1.0]",0.85345,0.19177228,43279.5,15.804998,5.708028,95.64209
