C2ST,C2ST_Z,MMD,MMD_Z,KSD_GAUSS,MEDDIST,C2ST_1K,C2ST_1K_Z,MMD_1K,MMD_1K_Z,KSD_GAUSS_1K,MEDDIST_1K,NLTP,RT
0.64935,0.6243,0.0154931545,0.01557827,63325.438,1.6219034,0.623,0.617,0.013907552,0.0146842,6275.078,1.6113437,-0.5009365,801.215
