acceptance rate,gt in support,C2ST,MMD,MEDDIST,NLTP,RT
"[1.0, -0.008131837472319603, -0.026318101212382317, -0.02839948609471321, -0.08460018783807755, -0.30768194794654846, -0.5780260562896729, -0.5510233044624329, -0.6431713700294495, -0.7832686901092529]","[1.0, 1.0, 1.0, 1.0, 1.0, 1.0, 1.0, 1.0, 1.0, 1.0]",0.98595,0.53713465,47.838573,-12.061457,3012.61
