acceptance rate,gt in support,C2ST,MMD,MEDDIST,NLTP,RT
"[1.0, -0.01533771026879549, -0.010817261412739754, -0.017593085765838623, -0.013340217061340809, -0.03508070856332779, -0.042919740080833435, -0.03522200137376785, -0.04222515597939491, -0.062031012028455734]","[1.0, 0.899399995803833, 0.9908999800682068, 0.9760000109672546, 0.9835000038146973, 0.9692999720573425, 0.9819999933242798, 0.9883000254631042, 0.9930999875068665, 0.9782000184059143]",0.9929,0.13177288,21.231747,7.4218645,4184.656
