acceptance rate,gt in support,C2ST,MMD,KSD_GAUSS,MEDDIST,NLTP,RT
"[1.0, -0.6465839147567749, -0.6564732193946838, -0.7053868174552917, -0.7102252840995789, -0.7402468919754028, -0.797550618648529, -0.8039817810058594, -0.8522464036941528, -0.8315445780754089]","[1.0, 1.0, 1.0, 1.0, 1.0, 1.0, 1.0, 1.0, 1.0, 1.0]",0.5373,8.1539154e-05,inf,0.09023483,-2.9306562,1155.6628
