acceptance rate,gt in support,C2ST,MMD,KSD_GAUSS,MEDDIST,NLTP,RT
"[1.0, -0.029978753998875618, -0.038887541741132736, -0.03948165476322174, -0.08491691201925278, -0.07494588941335678, -0.08011163026094437, -0.08317772299051285, -0.07930288463830948, -0.09867792576551437]","[1.0, 1.0, 1.0, 1.0, 0.9998999834060669, 1.0, 1.0, 0.9998999834060669, 0.9998999834060669, 0.9998999834060669]",0.5162,0.0011527538,5320.4097,1.4583462,-0.9559126,854.5323
