C2ST,C2ST_Z,MMD,MMD_Z,KSD_GAUSS,MEDDIST,C2ST_1K,C2ST_1K_Z,MMD_1K,MMD_1K_Z,KSD_GAUSS_1K,MEDDIST_1K,NLTP,RT
0.73335,0.71405,0.058844447,0.05886352,219251.9,1.6191113,0.715,0.7055,0.05781114,0.057133913,21258.064,1.6087457,4.9148874,86.45672
