acceptance rate,gt in support,iw var,C2ST,MMD,MEDDIST,NLTP,RT
"[1.0, -0.6973228454589844, -0.8601996302604675, -0.7553518414497375, -0.960665225982666, -0.9302496910095215, -0.9216237664222717, -0.9541990756988525, -1.230745792388916, -1.2784496545791626]","[1.0, 1.0, 1.0, 1.0, 1.0, 1.0, 1.0, 1.0, 0.9998999834060669, 1.0]","[0.0, 1.6970602700894233e-08, 1.597786436491333e-08, 1.747572220267557e-08, 1.6891183562961487e-08, 1.584917441732614e-08, 1.7841760069359225e-08, 1.4818639648694898e-08, 2.0079506057868457e-08, 1.8218708319750476e-08]",0.73315,0.09453833,13.933533,1.4578819,973.47076
