C2ST,C2ST_Z,MMD,MMD_Z,KSD_GAUSS,MEDDIST,C2ST_1K,C2ST_1K_Z,MMD_1K,MMD_1K_Z,KSD_GAUSS_1K,MEDDIST_1K,NLTP,RT
0.9588,0.95595,0.16070783,0.31053466,66190165000000.0,8.852072,0.9335,0.9185,0.15139449,0.29304326,8601071000000.0,8.96042,5.032658,377.32678
