C2ST,C2ST_Z,MMD,MMD_Z,KSD_GAUSS,MEDDIST,C2ST_1K,C2ST_1K_Z,MMD_1K,MMD_1K_Z,KSD_GAUSS_1K,MEDDIST_1K,NLTP,RT
0.71965,0.69665,0.039889097,0.039630175,134526.0,1.5871549,0.6975,0.688,0.039928794,0.039455175,14437.872,1.6007925,6.9399395,46.9685
