C2ST,C2ST_Z,MMD,MMD_Z,KSD_GAUSS,MEDDIST,C2ST_1K,C2ST_1K_Z,MMD_1K,MMD_1K_Z,KSD_GAUSS_1K,MEDDIST_1K,NLTP,RT
0.65955,0.6301,0.0800097,0.06466305,86626.96,10.465246,0.6535,0.6275,0.07966006,0.065604806,9074.374,10.494852,3.3756466,213.76788
