acceptance rate,gt in support,iw var,C2ST,MMD,MEDDIST,NLTP,RT
"[1.0, -0.07152735441923141, -0.10196081548929214, -0.17910920083522797, -0.31125399470329285, -0.5556038618087769, -0.8807028532028198, -0.9234809279441833, -0.8974805474281311, -0.9759250283241272]","[1.0, 0.9559999704360962, 0.9539999961853027, 0.9431999921798706, 0.9535999894142151, 0.9718999862670898, 0.9620000123977661, 0.9771999716758728, 0.980400025844574, 0.9815999865531921]","[0.0, 1.840368923922142e-08, 2.0419538060423292e-08, 1.968829366205682e-08, 1.6053498086421314e-08, 1.9177896604105626e-08, 1.563461893283602e-08, 1.7852594069722727e-08, 1.8801578960392362e-08, 1.70218807937772e-08]",0.90815,0.12208992,13.888732,14.788568,326.46188
