acceptance rate,gt in support,C2ST,MMD,KSD_GAUSS,MEDDIST,NLTP,RT
"[1.0, -1.4910496473312378, -1.5435038805007935, -1.571865200996399, -2.0117528438568115, -2.3578855991363525, -2.5604937076568604, -2.7237985134124756, -2.8576748371124268, -2.857332468032837]","[1.0, 1.0, 1.0, 1.0, 1.0, 1.0, 1.0, 1.0, 1.0, 1.0]",0.89715,0.28660983,178830610.0,7.1860776,-14.724821,5046.0254
