acceptance rate,gt in support,C2ST,MMD,MEDDIST,NLTP,RT
"[1.0, -0.003291364526376128, -0.0033570199739187956, -0.00941699743270874, -0.010172131471335888, -0.010461203753948212, -0.026964575052261353, -0.028237242251634598, -0.028329961001873016, -0.03557536005973816]","[1.0, 0.9991000294685364, 0.9988999962806702, 0.9983000159263611, 0.9983999729156494, 0.998199999332428, 0.9969000220298767, 0.9965999722480774, 0.9976000189781189, 0.9968000054359436]",0.6675,0.02450645,1.4527384,-0.5494423,163.77783
