acceptance rate,gt in support,C2ST,MMD,MEDDIST,NLTP,RT
"[1.0, -0.013093986548483372, -0.014977928251028061, -0.02106665074825287, -0.25794291496276855, -0.4669061303138733, -0.5586191415786743, -0.6045687794685364, -0.814012885093689, -0.8108306527137756]","[1.0, 1.0, 1.0, 1.0, 1.0, 1.0, 1.0, 1.0, 1.0, 1.0]",0.98125,0.5368422,49.472023,-10.27573,176.05188
