acceptance rate,gt in support,C2ST,MMD,KSD_GAUSS,MEDDIST,NLTP,RT
"[1.0, -0.04062468186020851, -0.04246455058455467, -0.04939178377389908, -0.0519539900124073, -0.0559617355465889, -0.056134678423404694, -0.06128019466996193, -0.06461870670318604, -0.07014700025320053]","[1.0, 0.9998999834060669, 0.9998999834060669, 0.9998999834060669, 1.0, 1.0, 1.0, 0.9998999834060669, 1.0, 1.0]",0.5076,0.0003787279,1201.3799,1.3287703,-0.19791412,903.42914
