C2ST,C2ST_Z,MMD,MMD_Z,KSD_GAUSS,MEDDIST,C2ST_1K,C2ST_1K_Z,MMD_1K,MMD_1K_Z,KSD_GAUSS_1K,MEDDIST_1K,NLTP,RT
0.4959,0.5851,0.005457163,0.005689144,5105681.5,23.323807,0.4835,0.59,0.0060355663,0.006286025,711560.4,23.780241,-9.499326,855.8331
