acceptance rate,gt in support,C2ST,MMD,KSD_GAUSS,MEDDIST,NLTP,RT
"[1.0, -1.0863898992538452, -1.1278021335601807, -1.1697535514831543, -1.2385733127593994, -1.2115404605865479, -1.2173588275909424, -1.23014497756958, -1.2716889381408691, -1.2685809135437012]","[1.0, 1.0, 1.0, 1.0, 1.0, 1.0, 1.0, 1.0, 1.0, 1.0]",0.54065,0.0093489885,122572.15,13.566817,1.4546871,1568.1765
