acceptance rate,gt in support,C2ST,MMD,KSD_GAUSS,MEDDIST,NLTP,RT
"[1.0, -0.20491982996463776, -0.178453728556633, -0.6106566786766052, -0.8870182037353516, -0.8630417585372925, -0.7790331244468689, -0.7483212351799011, -0.6741560697555542, -0.7513729333877563]","[1.0, 0.9617999792098999, 0.9763000011444092, 0.9750999808311462, 0.9672999978065491, 0.9812999963760376, 0.987500011920929, 0.9909999966621399, 0.9945999979972839, 0.9887999892234802]",0.80725,0.0052832365,8338195000.0,25.648144,4.8559575,230.6919
