acceptance rate,gt in support,C2ST,MMD,KSD_GAUSS,MEDDIST,NLTP,RT
"[1.0, -0.005287032574415207, -0.005243066232651472, -0.008153966628015041, -0.00735815055668354, -0.0058368840254843235, -0.007225634064525366, -0.006497647147625685, -0.015832891687750816, -0.01861184649169445]","[1.0, 0.9955000281333923, 0.994700014591217, 0.9919999837875366, 0.9934999942779541, 0.9965000152587891, 0.9923999905586243, 0.9954000115394592, 0.9868999719619751, 0.9835000038146973]",0.9856,0.115623355,8814884000000.0,17.564087,11.332154,61.299892
