acceptance rate,gt in support,C2ST,MMD,KSD_GAUSS,MEDDIST,NLTP,RT
"[1.0, -0.3627772033214569, -0.5766312479972839, -0.8410777449607849, -1.2753791809082031, -1.1929303407669067, -1.279014229774475, -1.2958494424819946, -1.4615302085876465, -1.408207893371582]","[1.0, 0.998199999332428, 0.9966999888420105, 0.9965999722480774, 0.9965999722480774, 0.9961000084877014, 0.9952999949455261, 0.9948999881744385, 0.9936000108718872, 0.9940000176429749]",0.72815,0.005800128,44189796.0,3.273751,0.14947528,3669.5342
