C2ST,C2ST_Z,MMD,MMD_Z,KSD_GAUSS,MEDDIST,C2ST_1K,C2ST_1K_Z,MMD_1K,MMD_1K_Z,KSD_GAUSS_1K,MEDDIST_1K,NLTP,RT
0.7638,0.7259,0.061113,0.061272383,232520.55,1.6017613,0.734,0.7495,0.064296484,0.06485653,23733.998,1.6162593,1.5456619,87.349556
