acceptance rate,gt in support,C2ST,MMD,MEDDIST,NLTP,RT
"[1.0, -1.0572893619537354, -2.794401168823242, -1.9325052499771118, -2.3004658222198486, -2.397766351699829, -2.14774489402771, -2.0374584197998047, -2.284862995147705, -2.2412610054016113]","[1.0, 0.012500000186264515, 0.0, 0.8691999912261963, 0.9929999709129333, 0.9456999897956848, 0.9939000010490417, 0.9995999932289124, 0.9988999962806702, 0.9975000023841858]",0.99795,0.6584508,340.76486,-6.5482254,545.7918
