acceptance rate,gt in support,C2ST,MMD,MEDDIST,NLTP,RT
"[1.0, 1.0, 1.0, 1.0, 1.0, 1.0, 1.0, 1.0, 1.0, 1.0]","[1.0, 1.0, 0.9998000264167786, 0.9998000264167786, 0.9998000264167786, 0.9998000264167786, 0.9998999834060669, 0.9998999834060669, 1.0, 0.9998999834060669]",0.98905,0.24899042,8.283535,8.220226,188.1183
