acceptance rate,gt in support,C2ST,MMD,MEDDIST,NLTP,RT
"[1.0, -1.9750393629074097, -2.2838668823242188, -2.3503623008728027, -2.3157098293304443, -2.2928621768951416, -2.3757524490356445, -2.318153142929077, -2.268515110015869, -2.2967302799224854]","[1.0, 0.9613000154495239, 0.9783999919891357, 0.9807000160217285, 0.9914000034332275, 0.9922000169754028, 0.9915000200271606, 0.9939000010490417, 0.9947999715805054, 0.9947999715805054]",0.54765,0.0034873486,10.788893,4.4113073,5842.5728
