acceptance rate,gt in support,C2ST,MMD,MEDDIST,NLTP,RT
"[1.0, -0.11379139870405197, -1.2357823848724365, -2.0198018550872803, -2.3446624279022217, -2.7951412200927734, -2.5602335929870605, -2.951432466506958, -2.9469432830810547, -2.9241490364074707]","[1.0, 1.0, 0.8880000114440918, 0.45509999990463257, 0.909500002861023, 0.8812000155448914, 0.9606999754905701, 0.9043999910354614, 1.0, 1.0]",0.99295,0.685104,334.6482,-10.92682,919.5472
