acceptance rate,gt in support,C2ST,MMD,KSD_GAUSS,MEDDIST,NLTP,RT
"[1.0, -0.001500922255218029, -0.0019151185406371951, -0.0029414468444883823, -0.01345218438655138, -0.1394224613904953, -0.25484710931777954, -0.32078415155410767, -0.3880997598171234, -0.7718563675880432]","[1.0, 1.0, 1.0, 1.0, 1.0, 1.0, 1.0, 1.0, 1.0, 1.0]",0.92005,0.560681,9682831.0,51.268898,-5.220996,170.87364
