acceptance rate,gt in support,C2ST,MMD,KSD_GAUSS,MEDDIST,NLTP,RT
"[1.0, -0.9298800230026245, -1.0066438913345337, -0.9724057912826538, -0.9908466935157776, -0.9828831553459167, -1.0088545083999634, -1.0410888195037842, -1.0529340505599976, -1.1371022462844849]","[1.0, 1.0, 1.0, 1.0, 1.0, 1.0, 1.0, 1.0, 1.0, 1.0]",0.497,0.011295319,460098.22,24.819347,-9.344015,1547.7874
