acceptance rate,gt in support,C2ST,MMD,KSD_GAUSS,MEDDIST,NLTP,RT
"[1.0, -0.1665978729724884, -0.35392317175865173, -0.5677926540374756, -0.8501268625259399, -0.9663752317428589, -1.0202033519744873, -1.1391061544418335, -1.179347038269043, -1.236405611038208]","[1.0, 1.0, 0.9998000264167786, 0.9994999766349792, 0.9991000294685364, 0.9983000159263611, 0.9980000257492065, 0.9972000122070312, 0.9970999956130981, 0.996999979019165]",0.7304,0.0044248104,1342193900.0,3.214177,-1.1557728,2897.2773
