acceptance rate,gt in support,C2ST,MMD,MEDDIST,NLTP,RT
"[1.0, -0.7176045179367065, -0.7864822745323181, -0.8708339929580688, -1.151687741279602, -1.1799217462539673, -1.3782180547714233, -1.417263388633728, -1.669758915901184, -1.7240490913391113]","[1.0, 1.0, 1.0, 1.0, 1.0, 1.0, 1.0, 1.0, 0.9998999834060669, 0.9998999834060669]",0.53355,0.0032259226,0.09039114,-4.674816,9176.759
