acceptance rate,gt in support,C2ST,MMD,KSD_GAUSS,MEDDIST,NLTP,RT
"[1.0, -0.024085914716124535, -0.025258103385567665, -0.02523508481681347, -0.06258243322372437, -0.05781826376914978, -0.053940944373607635, -0.04871107265353203, -0.04289579391479492, -0.05920970067381859]","[1.0, 1.0, 1.0, 1.0, 1.0, 1.0, 1.0, 1.0, 1.0, 1.0]",0.50795,0.0009821653,4403.1685,1.416172,3.0936794,1079.9935
