acceptance rate,gt in support,C2ST,MMD,MEDDIST,NLTP,RT
"[1.0, -0.0005867133149877191, -0.0016316770343109965, -0.001893304754048586, -0.0014791293069720268, -0.002045998116955161, -0.007049060892313719, -0.007822196930646896, -0.01159714162349701, -0.01325067039579153]","[1.0, 1.0, 0.9998999834060669, 0.9998999834060669, 0.9998999834060669, 0.9998999834060669, 0.9998000264167786, 0.9998000264167786, 0.9998000264167786, 0.9998000264167786]",0.7091,0.031404495,1.5245225,-0.2332735,7376.496
