C2ST,C2ST_Z,MMD,MMD_Z,KSD_GAUSS,MEDDIST,C2ST_1K,C2ST_1K_Z,MMD_1K,MMD_1K_Z,KSD_GAUSS_1K,MEDDIST_1K,NLTP,RT
0.566,0.55335,0.0055788755,0.005534172,22779.812,1.4502358,0.543,0.543,0.0054957867,0.0056146383,2746.3801,1.4734538,3.192792,139.01207
