acceptance rate,gt in support,C2ST,MMD,MEDDIST,NLTP,RT
"[1.0, 1.0, 1.0, 1.0, 1.0, 1.0, 1.0, 1.0, 1.0, 1.0]","[1.0, 0.993399977684021, 0.9090999960899353, 0.8628000020980835, 0.843999981880188, 0.8845000267028809, 0.9700999855995178, 0.9447000026702881, 0.9735000133514404, 0.9995999932289124]",0.83425,0.024484277,23.069017,6.3470263,870.1824
