C2ST,C2ST_Z,MMD,MMD_Z,KSD_GAUSS,MEDDIST,C2ST_1K,C2ST_1K_Z,MMD_1K,MMD_1K_Z,KSD_GAUSS_1K,MEDDIST_1K,NLTP,RT
0.8949,0.8973,0.47781754,0.49672273,5369846.5,38.85872,0.891,0.8985,0.47502968,0.4992681,681490.44,39.217308,-3.7758126,96.307014
