acceptance rate,gt in support,C2ST,MMD,MEDDIST,NLTP,RT
"[1.0, -0.9009239077568054, -0.9435186386108398, -1.2397451400756836, -1.61409592628479, -1.674176573753357, -1.7368590831756592, -1.8599485158920288, -1.8430184125900269, -1.9021788835525513]","[1.0, 0.9991000294685364, 0.9998000264167786, 0.9998000264167786, 0.9998999834060669, 0.9998000264167786, 0.9998999834060669, 0.9994999766349792, 0.9995999932289124, 0.9994999766349792]",0.5612,0.003525138,0.086714655,-2.7173746,4073.65
