acceptance rate,gt in support,C2ST,MMD,MEDDIST,NLTP,RT
"[1.0, 1.0, 1.0, 1.0, 1.0, 1.0, 1.0, 1.0, 1.0, 1.0]","[1.0, 0.9991999864578247, 0.9994000196456909, 0.9994000196456909, 0.9991999864578247, 0.9994000196456909, 0.9994999766349792, 0.9994000196456909, 0.9994999766349792, 0.9995999932289124]",0.56375,0.0039685965,1.4845059,-0.5557642,952.26556
