acceptance rate,gt in support,C2ST,MMD,KSD_GAUSS,MEDDIST,NLTP,RT
"[1.0, -0.004145531915128231, -0.07309190928936005, -0.5120136737823486, -0.6819784641265869, -0.7758740782737732, -0.7932897210121155, -0.8685016632080078, -0.8859731554985046, -0.8329359889030457]","[1.0, 1.0, 1.0, 1.0, 1.0, 1.0, 1.0, 1.0, 1.0, 1.0]",0.5003,0.01655531,384576.94,17.088007,-5.5007625,403.02853
