acceptance rate,gt in support,C2ST,MMD,MEDDIST,NLTP,RT
"[1.0, -0.008153966628015041, -0.031143642961978912, -0.024821046739816666, -0.02298557385802269, -0.029699625447392464, -0.04383157566189766, -0.04323148727416992, -0.06615854799747467, -0.07273232936859131]","[1.0, 0.9998000264167786, 0.9998999834060669, 0.9998999834060669, 1.0, 1.0, 1.0, 1.0, 1.0, 1.0]",0.5412,0.001411438,1.3931422,0.94427776,8231.113
