acceptance rate,gt in support,iw var,C2ST,MMD,MEDDIST,NLTP,RT
"[1.0, -0.38454094529151917, -0.5945256352424622, -0.8587462902069092, -0.9913572669029236, -1.1526741981506348, -1.162916898727417, -1.183551549911499, -1.2081443071365356, -1.1938624382019043]","[1.0, 1.0, 1.0, 1.0, 1.0, 1.0, 1.0, 1.0, 1.0, 1.0]","[0.0, 1.639429747513077e-08, 1.617503642137308e-08, 1.6021131088450602e-08, 1.9728794597995147e-08, 1.8641046040102083e-08, 1.636408519800625e-08, 1.7572002519727903e-08, 1.9136049189683035e-08, 2.1534130922873373e-08]",0.6371,0.005142808,0.0918944,-3.3711555,137.36647
