acceptance rate,gt in support,iw var,C2ST,MMD,MEDDIST,NLTP,RT
"[1.0, -0.00039105414180085063, -0.002264235867187381, -0.0016534776659682393, -0.00979438703507185, -0.007269801571965218, -0.041006360203027725, -0.055221330374479294, -0.09560908377170563, -0.11776015907526016]","[1.0, 0.9994000196456909, 0.9987000226974487, 0.9988999962806702, 0.9979000091552734, 0.9990000128746033, 0.9968000054359436, 0.9966999888420105, 0.9951000213623047, 0.9948999881744385]","[0.0, 393.658447265625, 390.319580078125, 383.1560974121094, 387.565185546875, 378.5484619140625, 386.3303527832031, 382.2801208496094, 378.4154357910156, 375.3521423339844]",0.7039,0.024457693,1.58147,-0.12912655,214.95538
