acceptance rate,gt in support,iw var,C2ST,MMD,MEDDIST,NLTP,RT
"[1.0, -0.15907879173755646, -0.1930064857006073, -0.20767837762832642, -0.2562551200389862, -0.26568031311035156, -0.3727366030216217, -0.4563043713569641, -0.5401553511619568, -0.4818810522556305]","[1.0, 1.0, 1.0, 1.0, 1.0, 1.0, 1.0, 1.0, 1.0, 1.0]","[0.0, 394.2216491699219, 384.5043029785156, 382.9886474609375, 383.5097961425781, 389.7130432128906, 385.6278076171875, 381.6972351074219, 386.3671875, 394.42047119140625]",0.99115,0.5402783,49.064674,-10.250304,1109.8519
