acceptance rate,gt in support,C2ST,MMD,MEDDIST,NLTP,RT
"[1.0, -1.7484685182571411, -2.1212968826293945, -2.328249216079712, -2.2411746978759766, -2.255382776260376, -2.437598943710327, -2.534209728240967, -2.575516939163208, -2.618398904800415]","[1.0, 1.0, 1.0, 1.0, 1.0, 1.0, 1.0, 1.0, 1.0, 1.0]",0.95965,0.497262,11.003995,-12.62519,4604.201
