acceptance rate,gt in support,C2ST,MMD,MEDDIST,NLTP,RT
"[1.0, -0.644740104675293, -0.9839282035827637, -0.9664958119392395, -1.4376221895217896, -1.4781873226165771, -1.5233899354934692, -1.63320791721344, -1.6055055856704712, -1.789405345916748]","[1.0, 1.0, 1.0, 1.0, 0.9991999864578247, 0.9994000196456909, 0.9994000196456909, 0.9994000196456909, 0.9993000030517578, 0.9983000159263611]",0.5872,0.03256774,13.2353,1.9650364,512.177
