acceptance rate,gt in support,C2ST,MMD,MEDDIST,NLTP,RT
"[1.0, -0.843667209148407, -0.987669050693512, -1.0917625427246094, -1.3891270160675049, -1.7009329795837402, -1.8047058582305908, -1.7160590887069702, -1.892360806465149, -2.165281057357788]","[1.0, 1.0, 1.0, 1.0, 1.0, 1.0, 1.0, 1.0, 1.0, 1.0]",0.7373,0.11276215,16.086456,-16.17953,4851.6426
