acceptance rate,gt in support,C2ST,MMD,MEDDIST,NLTP,RT
"[1.0, -1.7477105855941772, -1.1075201034545898, -1.013635516166687, -0.9883027076721191, -1.0995068550109863, -1.5576897859573364, -1.4393675327301025, -1.1760478019714355, -1.3963793516159058]","[1.0, 0.9998000264167786, 1.0, 1.0, 1.0, 1.0, 1.0, 1.0, 1.0, 1.0]",0.4922,0.006857991,20.518284,-9.272663,3439.3289
