acceptance rate,gt in support,C2ST,MMD,KSD_GAUSS,MEDDIST,NLTP,RT
"[1.0, -0.6055833697319031, -0.7590765357017517, -0.8397030234336853, -0.8744373917579651, -1.1073917150497437, -1.0153090953826904, -0.9305374622344971, -1.0840321779251099, -1.073829174041748]","[1.0, 1.0, 1.0, 1.0, 1.0, 1.0, 1.0, 1.0, 1.0, 1.0]",0.52495,0.021258473,278703.7,27.147743,-8.582828,1516.4062
