acceptance rate,gt in support,C2ST,MMD,MEDDIST,NLTP,RT
"[1.0, 1.0, 1.0, 1.0, 1.0, 1.0, 1.0, 1.0, 1.0, 1.0]","[1.0, 0.9914000034332275, 0.9927999973297119, 0.9962999820709229, 0.9969000220298767, 0.9973999857902527, 0.9975000023841858, 0.9984999895095825, 0.9990000128746033, 0.9988999962806702]",0.554,0.012191415,10.430991,4.0406294,11609.553
