acceptance rate,gt in support,C2ST,MMD,MEDDIST,NLTP,RT
"[1.0, -0.039243925362825394, -0.0560852512717247, -0.09867792576551437, -0.1452690064907074, -0.17169465124607086, -0.26592057943344116, -0.4148401618003845, -0.47686073184013367, -0.5562677979469299]","[1.0, 1.0, 1.0, 1.0, 1.0, 1.0, 0.9997000098228455, 0.9991000294685364, 0.9998000264167786, 0.9995999932289124]",0.53705,0.0024440289,0.089702815,-3.917845,3025.7131
