acceptance rate,gt in support,C2ST,MMD,KSD_GAUSS,MEDDIST,NLTP,RT
"[1.0, -0.002919581485912204, -0.0027447242755442858, -0.02786661870777607, -0.03668450191617012, -0.03126029670238495, -0.04222515597939491, -0.03993375226855278, -0.030281320214271545, -0.034163571894168854]","[1.0, 0.9993000030517578, 0.9994000196456909, 0.9970999956130981, 0.9979000091552734, 0.9997000098228455, 0.9994999766349792, 0.9998000264167786, 0.9995999932289124, 1.0]",0.989,0.10868311,19688134000000.0,22.336979,6.798855,239.00523
