acceptance rate,gt in support,C2ST,MMD,MEDDIST,NLTP,RT
"[1.0, 1.0, 1.0, 1.0, 1.0, 1.0, 1.0, 1.0, 1.0, 1.0]","[1.0, 1.0, 0.9997000098228455, 1.0, 1.0, 1.0, 1.0, 1.0, 1.0, 1.0]",0.53245,0.0026627183,0.08648257,-3.029922,6129.313
