C2ST,C2ST_Z,MMD,MMD_Z,KSD_GAUSS,MEDDIST,C2ST_1K,C2ST_1K_Z,MMD_1K,MMD_1K_Z,KSD_GAUSS_1K,MEDDIST_1K,NLTP,RT
0.56575,0.5446,0.0028614998,0.003051281,109373.32,10.822695,0.569,0.553,0.0025805235,0.0029064417,11114.081,10.807171,3.992506,2420.3164
