acceptance rate,gt in support,C2ST,MMD,KSD_GAUSS,MEDDIST,NLTP,RT
"[1.0, -0.0012830677442252636, -0.0019151185406371951, -0.0011741943890228868, -0.0015880790306255221, -0.0013919943012297153, -0.0014137568650767207, -0.0013266350142657757, -0.0015227162512019277, -0.003247625660151243]","[1.0, 0.9988999962806702, 0.9986000061035156, 0.9894999861717224, 0.9889000058174133, 0.9969000220298767, 0.9980999827384949, 0.9991000294685364, 0.9993000030517578, 0.9958999752998352]",0.98915,0.18094957,12151502000000.0,17.58839,15.660214,175.91272
