acceptance rate,gt in support,C2ST,MMD,MEDDIST,NLTP,RT
"[1.0, 1.0, 1.0, 1.0, 1.0, 1.0, 1.0, 1.0, 1.0, 1.0]","[1.0, 0.9035000205039978, 0.9939000010490417, 0.9958000183105469, 0.994700014591217, 0.9994999766349792, 0.995199978351593, 0.998199999332428, 0.9908999800682068, 0.9861999750137329]",0.9042,0.3435297,14.532282,-13.195569,762.43085
