acceptance rate,gt in support,C2ST,MMD,MEDDIST,NLTP,RT
"[1.0, -0.01951940357685089, -0.021112222224473953, -0.01879321224987507, -0.12236955761909485, -0.25453487038612366, -0.20255936682224274, -0.6093474626541138, -0.5630823969841003, -0.6127526164054871]","[1.0, 1.0, 1.0, 1.0, 1.0, 1.0, 1.0, 1.0, 1.0, 1.0]",0.9889,0.54432356,91.73448,-9.745285,2990.0747
