acceptance rate,gt in support,C2ST,MMD,MEDDIST,NLTP,RT
"[1.0, 1.0, 1.0, 1.0, 1.0, 1.0, 1.0, 1.0, 1.0, 1.0]","[1.0, 0.9979000091552734, 0.9980999827384949, 0.9983999729156494, 0.9980999827384949, 0.9987999796867371, 0.998199999332428, 0.9969000220298767, 0.9966999888420105, 0.9973999857902527]",0.6221,0.0012675524,26.626879,3.0967295,10034.012
