acceptance rate,gt in support,C2ST,MMD,MEDDIST,NLTP,RT
"[1.0, -0.23709648847579956, -0.5998075008392334, -0.8979094624519348, -1.2654106616973877, -1.299945592880249, -1.5826348066329956, -1.6761465072631836, -1.7930885553359985, -1.833282470703125]","[1.0, 0.9998999834060669, 0.9995999932289124, 0.9990000128746033, 0.9965999722480774, 0.9958999752998352, 0.9918000102043152, 0.9900000095367432, 0.9883000254631042, 0.9901000261306763]",0.71075,0.007192731,3.1122413,-0.29383564,9981.881
