acceptance rate,gt in support,C2ST,MMD,KSD_GAUSS,MEDDIST,NLTP,RT
"[1.0, -0.0021769432350993156, -0.0021332905162125826, -0.0008912358316592872, -0.0010653483914211392, -0.0020896419882774353, -0.0024607409723103046, -0.0025044004432857037, -0.001217750832438469, -0.0019369333749637008]","[1.0, 1.0, 0.9998999834060669, 1.0, 0.9998999834060669, 1.0, 1.0, 1.0, 1.0, 1.0]",0.95995,0.29111266,44919264000000.0,8.225107,7.0632553,236.6497
