C2ST,C2ST_Z,MMD,MMD_Z,KSD_GAUSS,MEDDIST,C2ST_1K,C2ST_1K_Z,MMD_1K,MMD_1K_Z,KSD_GAUSS_1K,MEDDIST_1K,NLTP,RT
0.51915,0.53065,0.00090658665,0.000903368,inf,0.08832568,0.5065,0.496,0.00018262863,0.00018954277,inf,0.0856912,-4.220113,1689.2744
