C2ST,C2ST_Z,MMD,MMD_Z,KSD_GAUSS,MEDDIST,C2ST_1K,C2ST_1K_Z,MMD_1K,MMD_1K_Z,KSD_GAUSS_1K,MEDDIST_1K,NLTP,RT
0.9908,0.991,0.15058374,0.42025572,38972460000000.0,21.38971,0.979,0.9805,0.14657414,0.40476078,2366253800000.0,21.576597,5.649377,390.76227
