acceptance rate,gt in support,C2ST,MMD,MEDDIST,NLTP,RT
"[1.0, -0.6288951635360718, -0.7884981036186218, -0.7929044365882874, -0.8408626914024353, -0.9041335582733154, -0.9554210305213928, -0.9608635902404785, -1.0426322221755981, -0.9742027521133423]","[1.0, 1.0, 1.0, 1.0, 1.0, 1.0, 1.0, 1.0, 1.0, 1.0]",0.51605,0.00022387505,0.0905551,-3.6621158,3451.1167
