acceptance rate,gt in support,C2ST,MMD,MEDDIST,NLTP,RT
"[1.0, -0.5313942432403564, -0.8294868469238281, -1.1997555494308472, -1.1818978786468506, -1.2419296503067017, -1.295420527458191, -1.3025215864181519, -1.3048102855682373, -1.3053113222122192]","[1.0, 1.0, 1.0, 1.0, 0.9998999834060669, 1.0, 1.0, 1.0, 0.9998999834060669, 1.0]",0.50045,0.0027229786,20.09975,-5.295878,6573.687
