acceptance rate,gt in support,C2ST,MMD,MEDDIST,NLTP,RT
"[1.0, -0.3140791952610016, -0.2992097735404968, -0.6872304677963257, -0.6776152849197388, -0.7598669528961182, -0.7910981774330139, -0.8052874803543091, -0.8916887044906616, -0.8252343535423279]","[1.0, 1.0, 1.0, 1.0, 1.0, 1.0, 1.0, 1.0, 1.0, 1.0]",0.58545,0.0055193305,0.09109754,-3.3978305,2984.7405
