C2ST,C2ST_Z,MMD,MMD_Z,KSD_GAUSS,MEDDIST,C2ST_1K,C2ST_1K_Z,MMD_1K,MMD_1K_Z,KSD_GAUSS_1K,MEDDIST_1K,NLTP,RT
0.7876,0.7489,0.07816863,0.07809007,291237.4,1.6234082,0.756,0.761,0.07985246,0.07889867,30297.822,1.6201777,0.25508118,100.309814
