acceptance rate,gt in support,C2ST,MMD,MEDDIST,NLTP,RT
"[1.0, -0.8451957702636719, -1.2871819734573364, -1.4137589931488037, -1.5072818994522095, -1.5438510179519653, -1.6064033508300781, -1.6060184240341187, -1.7360413074493408, -1.7583333253860474]","[1.0, 1.0, 1.0, 1.0, 1.0, 1.0, 1.0, 1.0, 1.0, 1.0]",0.50095,0.0024297237,18.013878,-7.038248,7185.9995
