acceptance rate,gt in support,C2ST,MMD,MEDDIST,NLTP,RT
"[1.0, -0.885222315788269, -0.8577669858932495, -0.8539883494377136, -0.822257399559021, -0.897695004940033, -0.9409416913986206, -0.9742845892906189, -0.9248181581497192, -0.941827118396759]","[1.0, 1.0, 1.0, 1.0, 1.0, 1.0, 1.0, 1.0, 1.0, 1.0]",0.49505,0.0043878555,27.87472,-8.9078455,2530.6206
