C2ST,C2ST_Z,MMD,MMD_Z,KSD_GAUSS,MEDDIST,C2ST_1K,C2ST_1K_Z,MMD_1K,MMD_1K_Z,KSD_GAUSS_1K,MEDDIST_1K,NLTP,RT
0.5419,0.5226,0.0048189163,0.0047243834,259368.78,16.004074,0.5345,0.5395,0.004138708,0.003983259,26327.09,16.016708,-1.007082,3312.5403
