acceptance rate,gt in support,C2ST,MMD,KSD_GAUSS,MEDDIST,NLTP,RT
"[1.0, -0.8881916403770447, -0.7987980246543884, -1.214084267616272, -1.3454468250274658, -1.2753361463546753, -1.3666578531265259, -1.4176840782165527, -1.4089782238006592, -1.4178944826126099]","[1.0, 0.9976000189781189, 1.0, 1.0, 0.9995999932289124, 1.0, 1.0, 0.9998999834060669, 1.0, 1.0]",0.58485,0.002000451,inf,0.08547166,-1.667544,126.781944
