C2ST,C2ST_Z,MMD,MMD_Z,KSD_GAUSS,MEDDIST,C2ST_1K,C2ST_1K_Z,MMD_1K,MMD_1K_Z,KSD_GAUSS_1K,MEDDIST_1K,NLTP,RT
0.5991,0.5772,0.005549073,0.005822301,179103.86,14.700195,0.574,0.5735,0.0052787066,0.005515814,18038.193,14.625336,-3.770671,212.0178
