acceptance rate,gt in support,C2ST,MMD,MEDDIST,NLTP,RT
"[1.0, -0.35845980048179626, -0.42369702458381653, -0.4326990842819214, -0.49535927176475525, -0.5636783242225647, -0.5522220134735107, -0.5772870779037476, -0.7805652022361755, -0.7310321927070618]","[1.0, 1.0, 0.9998999834060669, 1.0, 1.0, 1.0, 1.0, 1.0, 1.0, 1.0]",0.7527,0.0059508085,0.09857528,-3.480167,133.82227
