acceptance rate,gt in support,C2ST,MMD,MEDDIST,NLTP,RT
"[1.0, -0.005594870075583458, -0.007490681018680334, -0.198802188038826, -0.5800855159759521, -0.6693833470344543, -0.7496613264083862, -0.7758556008338928, -0.8401750922203064, -0.8641520738601685]","[1.0, 1.0, 1.0, 1.0, 1.0, 1.0, 1.0, 1.0, 1.0, 1.0]",0.67675,0.12660491,29.983328,-5.8285675,2216.105
