acceptance rate,gt in support,iw var,C2ST,MMD,MEDDIST,NLTP,RT
"[1.0, -0.6810606122016907, -0.8158360719680786, -0.9150267243385315, -0.8425432443618774, -0.8192189931869507, -1.0727579593658447, -1.088801383972168, -1.0400484800338745, -1.072715163230896]","[1.0, 1.0, 1.0, 1.0, 1.0, 1.0, 1.0, 1.0, 1.0, 1.0]","[0.0, 1.7880001479397833e-08, 1.7764252291385674e-08, 1.755963374705516e-08, 1.730345822181789e-08, 1.6229655841470958e-08, 1.914510328049346e-08, 1.615604539040305e-08, 1.6244333878034922e-08, 1.790734671658356e-08]",0.57365,0.0043082237,0.09230557,-2.8091414,118.191055
