acceptance rate,gt in support,C2ST,MMD,MEDDIST,NLTP,RT
"[1.0, 1.0, 1.0, 1.0, 1.0, 1.0, 1.0, 1.0, 1.0, 1.0]","[1.0, 0.9994999766349792, 0.9997000098228455, 0.9988999962806702, 0.9990000128746033, 0.9994999766349792, 0.9990000128746033, 0.9995999932289124, 0.9997000098228455, 0.9997000098228455]",0.56465,0.008423924,1.5596874,-1.719593,9543.559
