acceptance rate,gt in support,C2ST,MMD,MEDDIST,NLTP,RT
"[1.0, -0.4205212891101837, -0.47612351179122925, -0.8394457101821899, -0.813730001449585, -0.976130485534668, -1.0655436515808105, -1.0921339988708496, -1.1493946313858032, -1.219894528388977]","[1.0, 1.0, 1.0, 1.0, 1.0, 1.0, 1.0, 1.0, 1.0, 1.0]",0.6292,0.003392458,0.08466256,1.1618956,147.76317
