acceptance rate,gt in support,C2ST,MMD,KSD_GAUSS,MEDDIST,NLTP,RT
"[1.0, -0.2974402606487274, -0.31966447830200195, -0.6703174710273743, -0.66250079870224, -0.9308665990829468, -0.8894944787025452, -1.0644927024841309, -1.0634443759918213, -1.1403471231460571]","[1.0, 1.0, 1.0, 1.0, 1.0, 1.0, 1.0, 1.0, 1.0, 1.0]",0.6137,0.0037759542,inf,0.08948536,-3.164349,147.71219
