C2ST,C2ST_Z,MMD,MMD_Z,KSD_GAUSS,MEDDIST,C2ST_1K,C2ST_1K_Z,MMD_1K,MMD_1K_Z,KSD_GAUSS_1K,MEDDIST_1K,NLTP,RT
0.53615,0.53565,0.0017155409,0.0017179251,5816.019,1.346127,0.52,0.5285,0.0013492107,0.0013428926,730.28937,1.3604304,0.7369013,154.72218
