acceptance rate,gt in support,iw var,C2ST,MMD,MEDDIST,NLTP,RT
"[1.0, -0.18435585498809814, -0.1901710480451584, -0.26145726442337036, -0.3007405698299408, -0.27018752694129944, -0.335765540599823, -0.3668346405029297, -0.3816380500793457, -0.4128504991531372]","[1.0, 0.9983999729156494, 0.9994000196456909, 0.9995999932289124, 1.0, 1.0, 1.0, 1.0, 1.0, 1.0]","[0.0, 1.6954331272245327e-08, 1.7439099053717655e-08, 1.4861541330901673e-08, 1.8337905416387912e-08, 1.6561100935064132e-08, 1.5587158230800924e-08, 1.6906051669707267e-08, 1.8361095754926282e-08, 1.4197900632950677e-08]",0.80045,0.009680033,10.468306,3.7732391,31085.518
