C2ST,C2ST_Z,MMD,MMD_Z,KSD_GAUSS,MEDDIST,C2ST_1K,C2ST_1K_Z,MMD_1K,MMD_1K_Z,KSD_GAUSS_1K,MEDDIST_1K,NLTP,RT
0.98585,0.98615,0.12679744,0.40639555,6273202000000.0,17.819752,0.977,0.9685,0.115778446,0.38942164,1297652100000.0,17.59542,12.906338,157.93484
