acceptance rate,gt in support,C2ST,MMD,MEDDIST,NLTP,RT
"[1.0, -1.3390483856201172, -1.381575345993042, -2.0663657188415527, -2.1032395362854004, -2.519350528717041, -2.485244035720825, -2.40310001373291, -2.592721939086914, -2.5298523902893066]","[1.0, 1.0, 1.0, 1.0, 1.0, 1.0, 1.0, 1.0, 1.0, 1.0]",0.9799,0.44510698,15.062847,-8.245669,4491.3735
