acceptance rate,gt in support,C2ST,MMD,MEDDIST,NLTP,RT
"[1.0, 1.0, 1.0, 1.0, 1.0, 1.0, 1.0, 1.0, 1.0, 1.0]","[1.0, 0.9987999796867371, 0.9973000288009644, 0.9962999820709229, 0.9987000226974487, 0.9986000061035156, 0.9984999895095825, 0.9995999932289124, 0.9988999962806702, 0.9995999932289124]",0.56915,0.00857079,1.6098912,-2.2481394,9577.215
