C2ST,C2ST_Z,MMD,MMD_Z,KSD_GAUSS,MEDDIST,C2ST_1K,C2ST_1K_Z,MMD_1K,MMD_1K_Z,KSD_GAUSS_1K,MEDDIST_1K,NLTP,RT
0.5107,0.59175,0.012846708,0.01269865,872135.1,17.117243,0.491,0.59,0.014428973,0.014246345,100975.266,16.792856,-4.620234,283.69504
