acceptance rate,gt in support,C2ST,MMD,MEDDIST,NLTP,RT
"[1.0, 1.0, 1.0, 1.0, 1.0, 1.0, 1.0, 1.0, 1.0, 1.0]","[1.0, 0.9172000288963318, 0.9490000009536743, 0.9646000266075134, 0.9749000072479248, 0.9865999817848206, 0.9896000027656555, 0.991599977016449, 0.9898999929428101, 0.991100013256073]",0.6682,0.095029,9.8712635,5.5657234,1042.8126
