acceptance rate,gt in support,C2ST,MMD,MEDDIST,NLTP,RT
"[1.0, -0.055862925946712494, -0.11243896186351776, -0.11585628241300583, -0.14950692653656006, -0.20715324580669403, -0.20547711849212646, -0.2188911736011505, -0.20781853795051575, -0.1899692267179489]","[1.0, 0.9997000098228455, 0.9998000264167786, 0.9998000264167786, 0.9994000196456909, 0.9995999932289124, 0.9997000098228455, 0.9995999932289124, 0.9997000098228455, 0.9998000264167786]",0.52495,0.0025761127,1.4383821,2.4047585,16646.084
