C2ST,C2ST_Z,MMD,MMD_Z,KSD_GAUSS,MEDDIST,C2ST_1K,C2ST_1K_Z,MMD_1K,MMD_1K_Z,KSD_GAUSS_1K,MEDDIST_1K,NLTP,RT
0.62875,0.66185,0.07238698,0.06931281,2880243.2,27.937428,0.4915,0.654,0.0692116,0.06630194,430927.47,27.793882,-7.2953215,101.33822
