acceptance rate,gt in support,C2ST,MMD,KSD_GAUSS,MEDDIST,NLTP,RT
"[1.0, -0.5809534788131714, -0.8206534385681152, -0.9398899674415588, -0.9446216821670532, -1.049594521522522, -1.0191706418991089, -1.0563405752182007, -1.1460411548614502, -1.16749107837677]","[1.0, 1.0, 1.0, 1.0, 1.0, 1.0, 1.0, 1.0, 1.0, 1.0]",0.4962,-3.015995e-05,inf,0.08968598,-3.4939823,270.3699
