acceptance rate,gt in support,C2ST,MMD,KSD_GAUSS,MEDDIST,NLTP,RT
"[1.0, -0.08748567849397659, -0.08523386716842651, -0.3308381140232086, -0.4269348978996277, -0.44887542724609375, -0.43152448534965515, -0.42627766728401184, -0.4903942942619324, -0.4537453055381775]","[1.0, 1.0, 1.0, 1.0, 1.0, 1.0, 1.0, 1.0, 1.0, 1.0]",0.7275,0.0026729107,inf,0.09231143,-4.7941875,227.3808
