acceptance rate,gt in support,C2ST,MMD,KSD_GAUSS,MEDDIST,NLTP,RT
"[1.0, -0.07381195574998856, -0.07807953655719757, -0.11424311995506287, -0.13214966654777527, -0.15820269286632538, -0.1442083865404129, -0.12717388570308685, -0.13807746767997742, -0.1529211550951004]","[1.0, 0.9997000098228455, 0.9998000264167786, 0.9998000264167786, 0.9998000264167786, 0.9995999932289124, 0.9997000098228455, 0.9998000264167786, 0.9998000264167786, 0.9995999932289124]",0.50655,0.00059580803,2644.2302,1.4073023,2.538908,908.97003
