C2ST,C2ST_Z,MMD,MMD_Z,KSD_GAUSS,MEDDIST,C2ST_1K,C2ST_1K_Z,MMD_1K,MMD_1K_Z,KSD_GAUSS_1K,MEDDIST_1K,NLTP,RT
0.5319,0.52885,0.0027707815,0.0027731657,10044.021,1.5252808,0.5165,0.5065,0.0019490719,0.0019830465,1139.4778,1.5271719,-2.2400713,1529.6436
