acceptance rate,gt in support,C2ST,MMD,KSD_GAUSS,MEDDIST,NLTP,RT
"[1.0, -1.1197173595428467, -1.1135960817337036, -1.276955008506775, -1.0276708602905273, -1.1038130521774292, -1.1456506252288818, -1.1613187789916992, -1.2267730236053467, -1.1338815689086914]","[1.0, 1.0, 1.0, 1.0, 1.0, 1.0, 1.0, 1.0, 1.0, 1.0]",0.50215,0.002439618,455492.44,25.39685,-9.162162,357.5355
