C2ST,C2ST_Z,MMD,MMD_Z,KSD_GAUSS,MEDDIST,C2ST_1K,C2ST_1K_Z,MMD_1K,MMD_1K_Z,KSD_GAUSS_1K,MEDDIST_1K,NLTP,RT
0.91415,0.9113,0.083868384,0.30134755,351809.84,24.203974,0.8825,0.8845,0.07819855,0.2785821,35652.746,23.880653,5.4165616,2297.457
