acceptance rate,gt in support,C2ST,MMD,MEDDIST,NLTP,RT
"[1.0, -0.056604430079460144, -0.39960798621177673, -0.3630109131336212, -0.7439641356468201, -0.8934691548347473, -0.854143500328064, -1.2058401107788086, -1.213624358177185, -1.212539553642273]","[1.0, 0.9192000031471252, 0.8331999778747559, 0.8580999970436096, 0.8115000128746033, 0.8547999858856201, 0.8531000018119812, 0.8406999707221985, 0.8500000238418579, 0.8554999828338623]",0.8616,0.3160488,12.389801,12.135544,217.39757
