acceptance rate,gt in support,C2ST,MMD,MEDDIST,NLTP,RT
"[1.0, 1.0, 1.0, 1.0, 1.0, 1.0, 1.0, 1.0, 1.0, 1.0]","[1.0, 0.9869999885559082, 0.9886999726295471, 0.9957000017166138, 0.993399977684021, 0.9958000183105469, 0.9969000220298767, 0.9977999925613403, 0.9976999759674072, 0.9965000152587891]",0.9533,0.10331738,9.387238,7.526872,239.72614
