acceptance rate,gt in support,iw var,C2ST,MMD,MEDDIST,NLTP,RT
"[1.0, -0.007866399362683296, -0.004628107417374849, -0.0031382327433675528, -0.002591785043478012, -0.004935477860271931, -0.008441698737442493, -0.010083234868943691, -0.016058143228292465, -0.01572028174996376]","[1.0, 1.0, 0.9998999834060669, 1.0, 1.0, 1.0, 0.9997000098228455, 0.9995999932289124, 0.9993000030517578, 0.9991999864578247]","[0.0, 1.6671814151436593e-08, 1.751043576803113e-08, 1.5054018476234887e-08, 1.738906263426543e-08, 1.599708454591564e-08, 1.5416018683822585e-08, 1.8085190234273796e-08, 1.7055752365990884e-08, 1.7278606989634682e-08]",0.9875,0.19245642,7.6551094,9.452881,258.68576
