acceptance rate,gt in support,iw var,C2ST,MMD,MEDDIST,NLTP,RT
"[1.0, -0.5592482686042786, -0.6216384768486023, -0.8147817254066467, -0.6753472089767456, -0.6584863662719727, -0.7197251915931702, -0.7842491865158081, -0.7577070593833923, -0.8131647109985352]","[1.0, 1.0, 1.0, 1.0, 1.0, 1.0, 1.0, 1.0, 1.0, 1.0]","[0.0, 1.3307370830273335e-11, 7.863283808806631e-12, 1.8695350822994783e-11, 2.899275611256691e-11, 2.6242345102511777e-11, 2.449896362166637e-11, 3.163259584826328e-11, 4.233717543211668e-11, 2.8003235147400218e-11]",0.4957,0.00253582,22.781572,-9.132519,1534.0112
