acceptance rate,gt in support,C2ST,MMD,KSD_GAUSS,MEDDIST,NLTP,RT
"[1.0, -0.818769097328186, -0.9583310484886169, -1.2236406803131104, -1.2771064043045044, -1.39944589138031, -1.9700983762741089, -2.414539337158203, -2.3019816875457764, -2.531843423843384]","[1.0, 1.0, 1.0, 1.0, 1.0, 1.0, 1.0, 1.0, 1.0, 1.0]",0.86955,0.22618312,172763460.0,16.3768,-15.371264,4168.033
