acceptance rate,gt in support,iw var,C2ST,MMD,MEDDIST,NLTP,RT
"[1.0, -0.017864510416984558, -0.08402010798454285, -0.1278437227010727, -0.25010916590690613, -0.22098104655742645, -0.21183165907859802, -0.2762981355190277, -0.23965294659137726, -0.20377270877361298]","[1.0, 0.9995999932289124, 0.9995999932289124, 0.9993000030517578, 0.9983999729156494, 0.9987000226974487, 0.9991999864578247, 0.9984999895095825, 0.9990000128746033, 0.9995999932289124]","[0.0, 381.2435302734375, 383.843994140625, 395.3614501953125, 389.4578552246094, 390.77362060546875, 383.16717529296875, 390.8868713378906, 387.8504943847656, 390.588623046875]",0.57645,0.004672885,1.472728,-2.79591,840.6156
