acceptance rate,gt in support,iw var,C2ST,MMD,MEDDIST,NLTP,RT
"[1.0, -0.20978525280952454, -0.1921606808900833, -0.17714571952819824, -0.3899434506893158, -0.4149530827999115, -0.5110617280006409, -0.7269987463951111, -0.6979216933250427, -0.8914349675178528]","[1.0, 1.0, 1.0, 1.0, 1.0, 1.0, 1.0, 1.0, 1.0, 1.0]","[0.0, 2.2697321355735767e-08, 1.6727662810467336e-08, 1.6563056703944312e-08, 1.612856515009753e-08, 1.719206998984646e-08, 1.5172023637433085e-08, 1.7702703303257294e-08, 1.85093718130247e-08, 1.6970480132272314e-08]",0.61195,0.002016306,0.08858997,-2.5345874,139.389
