acceptance rate,gt in support,C2ST,MMD,MEDDIST,NLTP,RT
"[1.0, 1.0, 1.0, 1.0, 1.0, 1.0, 1.0, 1.0, 1.0, 1.0]","[1.0, 1.0, 0.9998999834060669, 1.0, 0.9998000264167786, 1.0, 1.0, 1.0, 1.0, 1.0]",0.60525,0.030014634,12.457867,0.68857193,1149.1191
