acceptance rate,gt in support,C2ST,MMD,KSD_GAUSS,MEDDIST,NLTP,RT
"[1.0, -0.5616158843040466, -0.6897316575050354, -1.0318567752838135, -0.9261595010757446, -0.9560878276824951, -1.107648491859436, -1.2591389417648315, -1.1273859739303589, -1.1358281373977661]","[1.0, 1.0, 1.0, 1.0, 1.0, 1.0, 1.0, 1.0, 1.0, 1.0]",0.48745,0.0030082464,302499.84,20.952328,-8.881696,1772.4026
