C2ST,C2ST_Z,MMD,MMD_Z,KSD_GAUSS,MEDDIST,C2ST_1K,C2ST_1K_Z,MMD_1K,MMD_1K_Z,KSD_GAUSS_1K,MEDDIST_1K,NLTP,RT
0.5558,0.54925,0.0030566454,0.0030561686,11735.167,1.381346,0.5775,0.564,0.0045751333,0.0046106577,1460.5852,1.3961954,0.40333843,151.681
