acceptance rate,gt in support,C2ST,MMD,MEDDIST,NLTP,RT
"[1.0, -0.012534849345684052, -0.02335205301642418, -0.02627195231616497, -0.3874987065792084, -0.49525734782218933, -0.5039010047912598, -0.6640609502792358, -0.7256496548652649, -0.7398888468742371]","[1.0, 1.0, 1.0, 1.0, 0.9958000183105469, 0.9932000041007996, 0.9926999807357788, 0.9889000058174133, 0.9865999817848206, 0.9866999983787537]",0.84115,0.08424401,2.042976,5.0818567,5284.2944
