acceptance rate,gt in support,iw var,C2ST,MMD,MEDDIST,NLTP,RT
"[1.0, -0.015135292895138264, -0.023008473217487335, -0.020428862422704697, -0.021933669224381447, -0.01811348833143711, -0.028167743235826492, -0.39326047897338867, -0.48761582374572754, -0.4009178578853607]","[1.0, 0.9746999740600586, 0.9891999959945679, 0.9872000217437744, 0.9890999794006348, 0.9984999895095825, 0.9970999956130981, 0.8540999889373779, 0.9369000196456909, 0.9861000180244446]","[0.0, 1.8798493428562324e-08, 1.573496177798006e-08, 1.910425062590093e-08, 1.650892045290675e-08, 1.7479385050478413e-08, 1.6423367554807555e-08, 1.6728499474538694e-08, 1.575229191530525e-08, 1.5451741219862924e-08]",0.97275,0.22804427,22.831291,11.279425,164.0222
