acceptance rate,gt in support,iw var,C2ST,MMD,MEDDIST,NLTP,RT
"[1.0, -0.01995115540921688, -0.04301564767956734, -0.039814747869968414, -0.08370400965213776, -0.26480045914649963, -0.31890958547592163, -0.4819798767566681, -0.5918448567390442, -0.6902847290039062]","[1.0, 1.0, 1.0, 1.0, 1.0, 1.0, 1.0, 1.0, 1.0, 1.0]","[0.0, 8.221042932781558e-14, 1.3364702140111762e-12, 1.1399709301529448e-12, 4.6893422304961074e-12, 1.7964329676600777e-11, 2.0008609352695217e-11, 2.7925051160337944e-11, 1.2165850792056343e-11, 2.4800318049189585e-11]",0.9867,0.5432125,104.01697,-10.06636,3805.7693
