acceptance rate,gt in support,C2ST,MMD,KSD_GAUSS,MEDDIST,NLTP,RT
"[1.0, -0.03308427706360817, -0.031190283596515656, -0.025396211072802544, -0.04645776376128197, -0.043783530592918396, -0.04296769201755524, -0.10083635151386261, -0.08870920538902283, -0.15496402978897095]","[1.0, 0.95660001039505, 0.9605000019073486, 0.9700000286102295, 0.9750000238418579, 0.9818999767303467, 0.983299970626831, 0.9883999824523926, 0.9901999831199646, 0.9717000126838684]",0.9944,0.0761013,3574382200000.0,28.34896,7.5434494,74.78819
