C2ST,C2ST_Z,MMD,MMD_Z,KSD_GAUSS,MEDDIST,C2ST_1K,C2ST_1K_Z,MMD_1K,MMD_1K_Z,KSD_GAUSS_1K,MEDDIST_1K,NLTP,RT
0.8173,0.7786,0.07227421,0.07233572,298339.47,1.7442162,0.7685,0.7595,0.06704879,0.06880772,28889.266,1.729216,1.957202,46.327713
