acceptance rate,gt in support,C2ST,MMD,KSD_GAUSS,MEDDIST,NLTP,RT
"[1.0, -0.6106566786766052, -0.6384610533714294, -1.051994800567627, -1.1437891721725464, -1.2190476655960083, -1.2516396045684814, -1.255707025527954, -1.2618873119354248, -1.275551676750183]","[1.0, 1.0, 1.0, 1.0, 1.0, 0.9998999834060669, 0.9998999834060669, 1.0, 1.0, 1.0]",0.62465,0.0033966303,inf,0.08851437,-3.8900445,107.421776
