acceptance rate,gt in support,C2ST,MMD,MEDDIST,NLTP,RT
"[1.0, -0.005572870373725891, -0.006387459114193916, -0.023100053891539574, -0.031797345727682114, -0.09132736176252365, -0.08483769744634628, -0.30803489685058594, -0.5599572658538818, -0.43869978189468384]","[1.0, 1.0, 1.0, 0.9998999834060669, 0.9998999834060669, 1.0, 1.0, 1.0, 0.9998999834060669, 1.0]",0.6901,0.16496408,18.275667,1.6790015,2142.0505
