C2ST,C2ST_Z,MMD,MMD_Z,KSD_GAUSS,MEDDIST,C2ST_1K,C2ST_1K_Z,MMD_1K,MMD_1K_Z,KSD_GAUSS_1K,MEDDIST_1K,NLTP,RT
0.5936,0.6213,0.0042353272,0.004235685,inf,0.08921231,0.523,0.537,0.0010750294,0.0010756254,inf,0.08462152,-3.3920352,91.7818
