acceptance rate,gt in support,C2ST,MMD,MEDDIST,NLTP,RT
"[1.0, 1.0, 1.0, 1.0, 1.0, 1.0, 1.0, 1.0, 1.0, 1.0]","[1.0, 0.998199999332428, 0.9980999827384949, 0.9977999925613403, 0.9983999729156494, 0.9991000294685364, 0.9990000128746033, 0.9990000128746033, 0.9990000128746033, 0.9991999864578247]",0.56055,0.0022656918,1.5034146,-2.9465942,1025.3594
