C2ST,C2ST_Z,MMD,MMD_Z,KSD_GAUSS,MEDDIST,C2ST_1K,C2ST_1K_Z,MMD_1K,MMD_1K_Z,KSD_GAUSS_1K,MEDDIST_1K,NLTP,RT
0.50035,0.56055,0.0014688969,0.001517415,2252868.5,24.103941,0.48,0.5655,0.0011283159,0.0011048317,373657.9,24.062408,-9.473323,223.50648
