acceptance rate,gt in support,C2ST,MMD,KSD_GAUSS,MEDDIST,NLTP,RT
"[1.0, -0.015067832544445992, -0.05985722318291664, -0.3241911232471466, -0.4004443883895874, -0.39768674969673157, -0.44559159874916077, -0.3946949541568756, -0.765356183052063, -0.7574999928474426]","[1.0, 0.9502999782562256, 0.9269000291824341, 0.8855000138282776, 0.8478000164031982, 0.8679999709129333, 0.9126999974250793, 0.9466000199317932, 0.9401999711990356, 0.9532999992370605]",0.8736,0.34343994,127957.86,13.2145195,12.722258,82.71283
