acceptance rate,gt in support,C2ST,MMD,KSD_GAUSS,MEDDIST,NLTP,RT
"[1.0, -0.2931542694568634, -0.34498968720436096, -0.45116034150123596, -0.5620514154434204, -0.6334276795387268, -0.6632201671600342, -0.6921617984771729, -0.7037005424499512, -0.6791892647743225]","[1.0, 1.0, 1.0, 1.0, 1.0, 1.0, 1.0, 1.0, 1.0, 1.0]",0.54355,0.007126212,inf,0.088205956,-4.461421,314.32364
