acceptance rate,gt in support,iw var,C2ST,MMD,MEDDIST,NLTP,RT
"[1.0, -0.7141802310943604, -0.7183228731155396, -0.9293465614318848, -0.9945191740989685, -1.1171096563339233, -1.1469510793685913, -1.2277214527130127, -1.1916202306747437, -1.1395336389541626]","[1.0, 1.0, 1.0, 1.0, 1.0, 1.0, 1.0, 1.0, 1.0, 1.0]","[0.0, 2.0984032220172644e-11, 2.0656438365351804e-11, 7.737882383451744e-12, 1.131338599191789e-11, 8.697931264123326e-12, 6.484626204061872e-12, 4.111219177593828e-12, 5.986451351996935e-12, 1.160813285772111e-11]",0.5609,0.022444248,21.213203,-4.880631,4120.255
