acceptance rate,gt in support,iw var,C2ST,MMD,MEDDIST,NLTP,RT
"[1.0, -0.3952341079711914, -0.3584267795085907, -0.39772292971611023, -0.41600823402404785, -0.6174427270889282, -0.6203320026397705, -0.8077113628387451, -0.8699880242347717, -0.9601894617080688]","[1.0, 1.0, 1.0, 1.0, 1.0, 1.0, 1.0, 1.0, 1.0, 1.0]","[0.0, 392.04046630859375, 388.9944152832031, 389.4371032714844, 391.92010498046875, 388.3117980957031, 386.0137634277344, 385.78204345703125, 375.127197265625, 386.3817443847656]",0.9796,0.52233344,130.61676,-11.82266,1110.8828
