acceptance rate,gt in support,C2ST,MMD,KSD_GAUSS,MEDDIST,NLTP,RT
"[1.0, -0.006718134041875601, -0.009816600941121578, -0.009905469603836536, -0.022710928693413734, -0.018045563250780106, -0.018453216180205345, -0.020565468817949295, -0.021385882049798965, -0.024384401738643646]","[1.0, 1.0, 1.0, 1.0, 1.0, 1.0, 1.0, 1.0, 1.0, 1.0]",0.50975,0.0006734133,2504.2388,1.323648,-0.33296108,910.7833
