C2ST,C2ST_Z,MMD,MMD_Z,KSD_GAUSS,MEDDIST,C2ST_1K,C2ST_1K_Z,MMD_1K,MMD_1K_Z,KSD_GAUSS_1K,MEDDIST_1K,NLTP,RT
0.9603,0.9623,0.13279068,0.31686324,25606922000000.0,10.232866,0.9475,0.915,0.12745345,0.29825962,5611160300000.0,10.153851,8.2426815,316.3461
