acceptance rate,gt in support,C2ST,MMD,MEDDIST,NLTP,RT
"[1.0, -0.8576105237007141, -1.4706979990005493, -1.6313023567199707, -1.85775625705719, -2.0604372024536133, -2.1520047187805176, -2.5135066509246826, -2.7109196186065674, -2.8817379474639893]","[1.0, 1.0, 1.0, 1.0, 1.0, 1.0, 1.0, 1.0, 1.0, 1.0]",0.97415,0.5105637,9.110567,-12.348167,1082.3289
