acceptance rate,gt in support,C2ST,MMD,KSD_GAUSS,MEDDIST,NLTP,RT
"[1.0, -0.024200715124607086, -0.05156259983778, -0.04735284671187401, -0.9010968208312988, -0.9926790595054626, -0.9592790007591248, -1.0973278284072876, -1.086920142173767, -1.1595593690872192]","[1.0, 1.0, 1.0, 1.0, 1.0, 1.0, 1.0, 1.0, 1.0, 1.0]",0.50075,0.0025389194,112844.5,20.297783,-5.5122676,1899.596
