acceptance rate,gt in support,C2ST,MMD,KSD_GAUSS,MEDDIST,NLTP,RT
"[1.0, -0.9458552598953247, -0.9229148626327515, -0.9193735122680664, -0.9923802018165588, -1.017112374305725, -1.0022562742233276, -1.0965760946273804, -1.0861046314239502, -1.133712649345398]","[1.0, 0.9983999729156494, 1.0, 1.0, 1.0, 1.0, 1.0, 1.0, 1.0, 1.0]",0.5506,0.01535511,inf,0.08977549,-4.215384,1199.8584
