C2ST,C2ST_Z,MMD,MMD_Z,KSD_GAUSS,MEDDIST,C2ST_1K,C2ST_1K_Z,MMD_1K,MMD_1K_Z,KSD_GAUSS_1K,MEDDIST_1K,NLTP,RT
0.50575,0.5092,0.0003823638,0.0003823042,inf,0.08914191,0.5205,0.5165,0.0024369955,0.0024372935,inf,0.08802433,-4.332053,570.86633
