acceptance rate,gt in support,C2ST,MMD,KSD_GAUSS,MEDDIST,NLTP,RT
"[1.0, -0.015247723087668419, -0.019542120397090912, -0.01684749871492386, -0.02077040821313858, -0.06308433413505554, -0.06989188492298126, -0.10256537795066833, -0.30865323543548584, -0.6237151026725769]","[1.0, 1.0, 1.0, 1.0, 1.0, 1.0, 1.0, 1.0, 1.0, 1.0]",0.99395,0.5493636,682661250.0,46.720757,-7.67416,228.0558
