C2ST,C2ST_Z,MMD,MMD_Z,KSD_GAUSS,MEDDIST,C2ST_1K,C2ST_1K_Z,MMD_1K,MMD_1K_Z,KSD_GAUSS_1K,MEDDIST_1K,NLTP,RT
0.54615,0.53295,0.00692451,0.0065273046,163655.77,14.996632,0.552,0.531,0.0064792633,0.006072402,16457.328,15.037414,-1.706317,2633.754
