acceptance rate,gt in support,C2ST,MMD,KSD_GAUSS,MEDDIST,NLTP,RT
"[1.0, -0.003291364526376128, -0.012222055345773697, -0.013362613506615162, -0.018453216180205345, -0.02029232494533062, -0.025350188836455345, -0.0195875596255064, -0.018838543444871902, -0.03675537928938866]","[1.0, 1.0, 1.0, 1.0, 1.0, 1.0, 1.0, 1.0, 1.0, 1.0]",0.5626,0.0036501884,13775.164,1.4184718,3.373849,275.1772
