acceptance rate,gt in support,C2ST,MMD,MEDDIST,NLTP,RT
"[1.0, -1.3236390352249146, -1.9210342168807983, -1.6691114902496338, -2.5049328804016113, -2.680980682373047, -2.8066842555999756, -2.5318000316619873, -2.86716365814209, -3.0534558296203613]","[1.0, 1.0, 1.0, 1.0, 1.0, 1.0, 1.0, 1.0, 1.0, 1.0]",0.87985,0.19701618,14.781117,-16.529375,6349.3833
