C2ST,C2ST_Z,MMD,MMD_Z,KSD_GAUSS,MEDDIST,C2ST_1K,C2ST_1K_Z,MMD_1K,MMD_1K_Z,KSD_GAUSS_1K,MEDDIST_1K,NLTP,RT
0.49195,0.5442,0.004631281,0.0046554804,460911.03,23.874672,0.485,0.5335,0.0029894114,0.0030180216,181362.95,24.155724,-8.7969265,1727.468
