acceptance rate,gt in support,C2ST,MMD,MEDDIST,NLTP,RT
"[1.0, 1.0, 1.0, 1.0, 1.0, 1.0, 1.0, 1.0, 1.0, 1.0]","[1.0, 1.0, 1.0, 1.0, 1.0, 1.0, 0.9998000264167786, 0.9998999834060669, 0.9998999834060669, 0.9998999834060669]",0.9583,0.27989972,7.8422017,9.747815,192.14185
