C2ST,C2ST_Z,MMD,MMD_Z,KSD_GAUSS,MEDDIST,C2ST_1K,C2ST_1K_Z,MMD_1K,MMD_1K_Z,KSD_GAUSS_1K,MEDDIST_1K,NLTP,RT
0.52415,0.5249,0.00062704086,0.00062704086,inf,0.086213544,0.5185,0.5175,0.000736475,0.0007362366,inf,0.08818996,-4.1538353,1682.3484
