acceptance rate,gt in support,C2ST,MMD,MEDDIST,NLTP,RT
"[1.0, -0.8331894278526306, -0.8432237505912781, -0.9246558547019958, -0.9353756308555603, -1.0199966430664062, -1.1740115880966187, -1.2633519172668457, -1.3394794464111328, -1.3321651220321655]","[1.0, 1.0, 1.0, 1.0, 1.0, 0.9998999834060669, 1.0, 1.0, 1.0, 0.9998999834060669]",0.50025,9.8228455e-05,0.08732259,-4.08772,6570.2524
