acceptance rate,gt in support,iw var,C2ST,MMD,MEDDIST,NLTP,RT
"[1.0, -0.09172949939966202, -0.12436006963253021, -0.08417823165655136, -0.1317671537399292, -0.6055483222007751, -0.7221617102622986, -0.6270880103111267, -0.5089185833930969, -0.6126102209091187]","[1.0, 0.9502000212669373, 0.9616000056266785, 0.9991000294685364, 0.998199999332428, 0.9919000267982483, 0.9900000095367432, 0.9975000023841858, 0.9987999796867371, 0.9991000294685364]","[0.0, 393.791015625, 394.5769958496094, 383.1494140625, 389.9206237792969, 381.9551696777344, 384.1085205078125, 383.94476318359375, 389.9582824707031, 391.3072509765625]",0.78935,0.031389832,23.52829,9.881882,33191.633
