C2ST,C2ST_Z,MMD,MMD_Z,KSD_GAUSS,MEDDIST,C2ST_1K,C2ST_1K_Z,MMD_1K,MMD_1K_Z,KSD_GAUSS_1K,MEDDIST_1K,NLTP,RT
0.9976,0.9996,0.56278795,0.5663237,880106560.0,32.12325,0.994,0.9975,0.564704,0.5677023,545021250.0,32.179092,-5.543365,92.919975
