acceptance rate,gt in support,iw var,C2ST,MMD,MEDDIST,NLTP,RT
"[1.0, -0.7308374047279358, -0.693060576915741, -0.7309932112693787, -0.7451298236846924, -0.7814645171165466, -0.7919427752494812, -0.8967095613479614, -0.82627272605896, -0.8573368787765503]","[1.0, 1.0, 1.0, 1.0, 1.0, 1.0, 1.0, 1.0, 1.0, 1.0]","[0.0, 1.7932414664301177e-08, 1.9590835620419966e-08, 1.5807779973897595e-08, 1.815086747569694e-08, 1.7277404396054408e-08, 1.6187970075520752e-08, 1.6433229887979905e-08, 1.7979418842628547e-08, 1.7355555215203822e-08]",0.5343,,0.08940108,-3.0157473,591.1053
