C2ST,C2ST_Z,MMD,MMD_Z,KSD_GAUSS,MEDDIST,C2ST_1K,C2ST_1K_Z,MMD_1K,MMD_1K_Z,KSD_GAUSS_1K,MEDDIST_1K,NLTP,RT
0.9043,0.89255,0.27424783,0.19439608,39942.223,14.632687,0.894,0.876,0.25932318,0.18470573,4406.581,14.345143,17.08091,92.53858
