acceptance rate,gt in support,C2ST,MMD,MEDDIST,NLTP,RT
"[1.0, 1.0, 1.0, 1.0, 1.0, 1.0, 1.0, 1.0, 1.0, 1.0]","[1.0, 0.9990000128746033, 0.9988999962806702, 0.9987000226974487, 0.9993000030517578, 0.9987999796867371, 0.9979000091552734, 0.9975000023841858, 0.9980000257492065, 0.9987000226974487]",0.7875,0.06777394,1.7942921,5.0302467,217.54002
