C2ST,C2ST_Z,MMD,MMD_Z,KSD_GAUSS,MEDDIST,C2ST_1K,C2ST_1K_Z,MMD_1K,MMD_1K_Z,KSD_GAUSS_1K,MEDDIST_1K,NLTP,RT
0.89065,0.86715,0.399198,0.27896142,152067.19,12.935547,0.8785,0.8485,0.4142692,0.2916913,15031.276,12.876747,18.880754,102.564156
