acceptance rate,gt in support,iw var,C2ST,MMD,MEDDIST,NLTP,RT
"[1.0, -0.011686348356306553, -0.013653818517923355, -0.02795925736427307, -0.5112025737762451, -0.4602549970149994, -0.4315635859966278, -0.4171793460845947, -0.22621357440948486, -0.21925079822540283]","[1.0, 0.923799991607666, 0.953499972820282, 0.9872000217437744, 0.7692000269889832, 0.8335000276565552, 0.8445000052452087, 0.7928000092506409, 0.9599999785423279, 0.9602000117301941]","[0.0, 1.756984602252487e-08, 1.5313771584146707e-08, 1.7886451431081696e-08, 1.5986229229270066e-08, 2.0010300971762263e-08, 1.5485774440548994e-08, 1.9792651073657908e-08, 1.7313485756176306e-08, 1.57940789335953e-08]",0.9905,0.09919977,27.297602,6.672183,1339.2766
