acceptance rate,gt in support,C2ST,MMD,MEDDIST,NLTP,RT
"[1.0, -0.18916285037994385, -0.4268188178539276, -0.8069151639938354, -0.9540688395500183, -0.8404328227043152, -1.4803836345672607, -1.560923457145691, -1.378088355064392, -1.739018440246582]","[1.0, 1.0, 1.0, 1.0, 1.0, 1.0, 1.0, 1.0, 1.0, 1.0]",0.9227,0.3341544,15.966507,-16.161549,3736.1182
