acceptance rate,gt in support,C2ST,MMD,KSD_GAUSS,MEDDIST,NLTP,RT
"[1.0, -0.19297264516353607, -0.2359360009431839, -0.3870396316051483, -0.5114140510559082, -0.5327619910240173, -0.7428816556930542, -0.762498140335083, -0.7030789852142334, -0.7824408411979675]","[1.0, 1.0, 1.0, 1.0, 1.0, 1.0, 1.0, 1.0, 1.0, 1.0]",0.54605,0.00733459,inf,0.09388545,-4.363595,294.1515
