acceptance rate,gt in support,C2ST,MMD,MEDDIST,NLTP,RT
"[1.0, -1.8261712789535522, -2.0075156688690186, -2.127261161804199, -2.1864404678344727, -2.1903316974639893, -2.192040205001831, -2.2035558223724365, -2.1556782722473145, -2.168398141860962]","[1.0, 0.9768000245094299, 0.9796000123023987, 0.9789999723434448, 0.9781000018119812, 0.978600025177002, 0.9793000221252441, 0.9789000153541565, 0.9850999712944031, 0.9854000210762024]",0.5521,0.004562378,9.921426,2.8119764,5152.122
