acceptance rate,gt in support,C2ST,MMD,KSD_GAUSS,MEDDIST,NLTP,RT
"[1.0, -0.013183501549065113, -0.29486358165740967, -0.6138579249382019, -0.6967679262161255, -0.7931355834007263, -0.6668753027915955, -0.6967175006866455, -0.6119343638420105, -0.5976526141166687]","[1.0, 0.9998999834060669, 0.9745000004768372, 0.9916999936103821, 0.9991000294685364, 0.9983000159263611, 0.9998999834060669, 1.0, 1.0, 1.0]",0.86345,0.016408086,2891110700.0,24.521397,3.653164,478.19086
