acceptance rate,gt in support,C2ST,MMD,KSD_GAUSS,MEDDIST,NLTP,RT
"[1.0, -0.8198331594467163, -1.2058401107788086, -1.4925658702850342, -1.77211332321167, -2.3783979415893555, -2.289687395095825, -2.4240572452545166, -2.4247512817382812, -2.6431922912597656]","[1.0, 1.0, 1.0, 1.0, 1.0, 1.0, 1.0, 1.0, 1.0, 1.0]",0.88165,0.4198847,228243490.0,15.739125,-16.590332,4234.3843
