acceptance rate,gt in support,C2ST,MMD,KSD_GAUSS,MEDDIST,NLTP,RT
"[1.0, -0.26217153668403625, -0.8485918641090393, -0.9875002503395081, -1.0231083631515503, -1.0504473447799683, -1.1577236652374268, -1.151646614074707, -1.1825172901153564, -1.3348028659820557]","[1.0, 1.0, 1.0, 1.0, 1.0, 1.0, 1.0, 1.0, 1.0, 0.9998999834060669]",0.5061,0.007172942,151665.8,16.186415,-4.35048,1877.2943
