C2ST,C2ST_Z,MMD,MMD_Z,KSD_GAUSS,MEDDIST,C2ST_1K,C2ST_1K_Z,MMD_1K,MMD_1K_Z,KSD_GAUSS_1K,MEDDIST_1K,NLTP,RT
0.7763,0.7894,0.002774477,0.04018271,2276137700.0,29.087778,0.7105,0.71,0.00084125996,0.032011747,39868016.0,28.848291,3.7905366,3618.7312
