acceptance rate,gt in support,C2ST,MMD,KSD_GAUSS,MEDDIST,NLTP,RT
"[1.0, 0.0, -0.00010860521433642134, -0.0007824347703717649, -0.0008259519236162305, -0.00307263620197773, -0.003641590243205428, -0.002701014280319214, -0.003970180172473192, -0.003970180172473192]","[1.0, 1.0, 1.0, 0.9994999766349792, 0.9997000098228455, 0.9991999864578247, 0.9991000294685364, 0.9997000098228455, 0.9994000196456909, 0.9994999766349792]",0.7737,0.051302552,192164.1,1.6617367,4.1376314,357.96353
