acceptance rate,gt in support,C2ST,MMD,KSD_GAUSS,MEDDIST,NLTP,RT
"[1.0, -0.6592387557029724, -1.038794755935669, -1.2273331880569458, -1.2479088306427002, -1.3528296947479248, -1.4224656820297241, -1.3882766962051392, -1.5819963216781616, -1.628416657447815]","[1.0, 1.0, 1.0, 1.0, 1.0, 1.0, 1.0, 1.0, 1.0, 1.0]",0.50015,0.0015180111,111248.93,20.17424,-5.7864532,1924.9528
