acceptance rate,gt in support,C2ST,MMD,KSD_GAUSS,MEDDIST,NLTP,RT
"[1.0, -0.005023326724767685, -0.006740191485732794, -0.006365419365465641, -0.05950843170285225, -0.08703439682722092, -0.10698766261339188, -0.3980485796928406, -0.424350380897522, -0.5308409929275513]","[1.0, 1.0, 1.0, 1.0, 1.0, 1.0, 1.0, 1.0, 1.0, 1.0]",0.503,0.04119754,3247263.2,21.142374,-5.0049486,97.91613
