acceptance rate,gt in support,C2ST,MMD,MEDDIST,NLTP,RT
"[1.0, -0.32342833280563354, -0.5050457715988159, -0.7088161706924438, -0.8045352697372437, -1.2078555822372437, -1.3184142112731934, -1.2769333124160767, -1.7012752294540405, -1.6256780624389648]","[1.0, 1.0, 1.0, 1.0, 1.0, 1.0, 1.0, 1.0, 1.0, 1.0]",0.9437,0.24787843,18.24075,-14.3722315,1044.543
