acceptance rate,gt in support,iw var,C2ST,MMD,MEDDIST,NLTP,RT
"[1.0, -0.4507514238357544, -0.6482037305831909, -1.065291166305542, -1.440264344215393, -1.7099653482437134, -2.6422908306121826, -2.7471513748168945, -3.0563066005706787, -3.131939172744751]","[1.0, 1.0, 1.0, 1.0, 1.0, 1.0, 1.0, 1.0, 1.0, 1.0]","[0.0, 5.924574719706754e-11, 7.833557413849945e-11, 7.078264363524767e-11, 1.0848483916747753e-10, 9.756952190631552e-11, 4.226996183631648e-11, 2.82056131922781e-11, 2.057858224102649e-11, 1.9145149007804285e-11]",0.90425,0.4467134,25.54321,-17.007624,5232.704
