acceptance rate,gt in support,iw var,C2ST,MMD,MEDDIST,NLTP,RT
"[1.0, -0.01986023411154747, -0.020998261868953705, -0.027727723121643066, -0.08288855105638504, -0.0919441282749176, -0.3782007694244385, -0.4492011070251465, -0.47664380073547363, -1.0078482627868652]","[1.0, 1.0, 1.0, 1.0, 1.0, 1.0, 1.0, 1.0, 1.0, 1.0]","[0.0, 8.248981467513794e-14, 8.107618444880629e-14, 3.280364261476487e-13, 4.8688488137049735e-12, 6.496411481676789e-12, 2.3391701770014706e-11, 3.0553101715291575e-11, 2.547795134588693e-11, 3.283693456035408e-11]",0.9942,0.5531843,45.453636,-9.601209,3750.0356
