acceptance rate,gt in support,C2ST,MMD,KSD_GAUSS,MEDDIST,NLTP,RT
"[1.0, -4.3438827560748905e-05, -0.001740665058605373, -0.0012612856226041913, -0.0008912358316592872, -0.006828406360000372, -0.00491351168602705, -0.0052650487050414085, -0.006563789676874876, -0.012356078252196312]","[1.0, 1.0, 0.9983999729156494, 0.9984999895095825, 0.9990000128746033, 0.9977999925613403, 0.9987999796867371, 0.9991999864578247, 0.9993000030517578, 0.9984999895095825]",0.7908,0.06561422,262301.06,1.7292585,0.020858765,336.74643
