acceptance rate,gt in support,iw var,C2ST,MMD,MEDDIST,NLTP,RT
"[1.0, -0.012892612256109715, -0.018543843179941177, -0.020542697980999947, -0.025189079344272614, -0.28487449884414673, -0.22734832763671875, -0.3824056088924408, -0.3462088108062744, -0.3654555678367615]","[1.0, 1.0, 1.0, 1.0, 1.0, 1.0, 1.0, 1.0, 1.0, 1.0]","[0.0, 1.1554414109521405e-12, 2.373733371321962e-12, 2.1868847878414588e-12, 3.4351499509505112e-12, 3.0310497167729267e-11, 4.213376522677059e-11, 3.6741710368604075e-11, 3.064538900421354e-11, 9.065607986524782e-11]",0.9901,0.51225185,112.55847,-8.015141,3802.3657
