acceptance rate,gt in support,C2ST,MMD,MEDDIST,NLTP,RT
"[1.0, -0.022139281034469604, -0.36495208740234375, -0.19804778695106506, -0.6014958024024963, -0.5287816524505615, -0.7241130471229553, -0.8205713033676147, -0.7835701704025269, -0.8534069061279297]","[1.0, 1.0, 1.0, 1.0, 1.0, 1.0, 1.0, 1.0, 1.0, 1.0]",0.98905,0.54270995,57.60206,-12.1023855,2971.3723
