acceptance rate,gt in support,C2ST,MMD,MEDDIST,NLTP,RT
"[1.0, -0.8452337980270386, -1.036684513092041, -1.492903470993042, -1.601625919342041, -1.6198749542236328, -1.6471316814422607, -1.6577919721603394, -1.7113810777664185, -1.7743031978607178]","[1.0, 0.945900022983551, 0.9873999953269958, 0.9937000274658203, 0.9954000115394592, 0.9976999759674072, 0.998199999332428, 0.9991000294685364, 0.9987000226974487, 0.9984999895095825]",0.62995,0.06697023,9.832125,6.405154,8423.759
