acceptance rate,gt in support,C2ST,MMD,KSD_GAUSS,MEDDIST,NLTP,RT
"[1.0, -0.0034445500932633877, -0.0028539919294416904, -0.001958749257028103, -0.0023952205665409565, -0.0019369333749637008, -0.0016316770343109965, -0.0012612856226041913, -0.0013048507971689105, -0.0010870946571230888]","[1.0, 0.9966999888420105, 0.9973000288009644, 0.9990000128746033, 0.9993000030517578, 0.9995999932289124, 1.0, 1.0, 1.0, 1.0]",0.95505,0.11989915,53424810000000.0,10.339056,8.759836,174.37791
