acceptance rate,gt in support,C2ST,MMD,MEDDIST,NLTP,RT
"[1.0, -0.14296920597553253, -0.1444808393716812, -0.5504830479621887, -0.5979536771774292, -0.609312117099762, -0.7775436639785767, -1.11415433883667, -1.123246192932129, -1.1829307079315186]","[1.0, 0.9128000140190125, 0.9204000234603882, 0.8065999746322632, 0.892799973487854, 0.9085999727249146, 0.9248999953269958, 0.9200999736785889, 0.9365000128746033, 0.9340000152587891]",0.8783,0.25529343,13.083455,11.9056015,206.67699
