C2ST,C2ST_Z,MMD,MMD_Z,KSD_GAUSS,MEDDIST,C2ST_1K,C2ST_1K_Z,MMD_1K,MMD_1K_Z,KSD_GAUSS_1K,MEDDIST_1K,NLTP,RT
0.5589,0.563,0.007953763,0.007951856,inf,0.08708584,0.548,0.5615,0.009156108,0.009117603,inf,0.08524123,-4.199158,1178.9045
