acceptance rate,gt in support,C2ST,MMD,KSD_GAUSS,MEDDIST,NLTP,RT
"[1.0, -0.16275888681411743, -0.14569397270679474, -0.27372118830680847, -0.3059801161289215, -0.27860164642333984, -0.4868156909942627, -0.5452694892883301, -0.5492506623268127, -0.5079733729362488]","[1.0, 1.0, 1.0, 1.0, 1.0, 1.0, 1.0, 1.0, 1.0, 1.0]",0.6105,-4.529953e-06,inf,0.09291448,-3.4464564,173.072
