acceptance rate,gt in support,C2ST,MMD,KSD_GAUSS,MEDDIST,NLTP,RT
"[1.0, -0.19189035892486572, -0.13948234915733337, -0.43320906162261963, -0.5573242902755737, -0.6046736240386963, -0.604324221611023, -0.5828605890274048, -0.6785258650779724, -0.7318121790885925]","[1.0, 1.0, 1.0, 1.0, 1.0, 1.0, 1.0, 1.0, 1.0, 1.0]",0.6204,0.008098483,inf,0.09754218,-3.3397605,186.24802
