acceptance rate,gt in support,C2ST,MMD,MEDDIST,NLTP,RT
"[1.0, -0.6158975958824158, -1.012780785560608, -1.3878521919250488, -1.3922877311706543, -1.582336664199829, -1.8321691751480103, -1.8919748067855835, -1.9427921772003174, -1.9293755292892456]","[1.0, 1.0, 1.0, 1.0, 1.0, 1.0, 1.0, 1.0, 1.0, 1.0]",0.84415,0.27971238,15.934501,-16.271671,793.15515
