acceptance rate,gt in support,C2ST,MMD,MEDDIST,NLTP,RT
"[1.0, -0.039077579975128174, -0.03846026211977005, -0.5228064060211182, -0.8271886706352234, -0.9178531765937805, -1.1192271709442139, -1.2352843284606934, -1.2139170169830322, -1.3026045560836792]","[1.0, 1.0, 1.0, 0.9944999814033508, 0.9769999980926514, 0.9692000150680542, 0.958899974822998, 0.9517999887466431, 0.9531999826431274, 0.9472000002861023]",0.8102,0.07164097,2.0155396,3.4196987,476.79633
