C2ST,C2ST_Z,MMD,MMD_Z,KSD_GAUSS,MEDDIST,C2ST_1K,C2ST_1K_Z,MMD_1K,MMD_1K_Z,KSD_GAUSS_1K,MEDDIST_1K,NLTP,RT
0.5426,0.54315,0.005876124,0.0058767796,inf,0.08644295,0.539,0.541,0.0050530434,0.005048871,inf,0.08557414,-1.9777699,1217.5857
