acceptance rate,gt in support,iw var,C2ST,MMD,MEDDIST,NLTP,RT
"[1.0, -0.70855712890625, -0.8080302476882935, -0.6201870441436768, -0.9520764350891113, -0.8800022006034851, -0.893639087677002, -1.060896873474121, -1.1229990720748901, -1.1160547733306885]","[1.0, 1.0, 1.0, 1.0, 1.0, 1.0, 1.0, 1.0, 1.0, 1.0]","[0.0, 1.8451574490541134e-08, 1.5838345746033156e-08, 1.7865696477770143e-08, 1.8666545642531673e-08, 1.589762632647762e-08, 1.818484385296415e-08, 1.5617098725329015e-08, 1.745513955597744e-08, 1.665949689311219e-08]",0.58275,3.0875206e-05,0.09205027,-4.5293303,650.9486
