acceptance rate,gt in support,C2ST,MMD,MEDDIST,NLTP,RT
"[1.0, 1.0, 1.0, 1.0, 1.0, 1.0, 1.0, 1.0, 1.0, 1.0]","[1.0, 0.9997000098228455, 0.9998000264167786, 1.0, 1.0, 1.0, 1.0, 1.0, 1.0, 0.9998000264167786]",0.5632,0.0032086372,1.4259117,2.2618256,997.322
