acceptance rate,gt in support,C2ST,MMD,KSD_GAUSS,MEDDIST,NLTP,RT
"[1.0, -0.0405769869685173, -0.06999390572309494, -0.07985059171915054, -0.07091332226991653, -0.09889601171016693, -0.11967242509126663, -0.10810033231973648, -0.12205304950475693, -0.1220242828130722]","[1.0, 1.0, 1.0, 1.0, 1.0, 0.9998999834060669, 0.9998999834060669, 0.9998999834060669, 0.9998000264167786, 0.9998000264167786]",0.50775,0.00046110153,1247.8527,1.3786645,0.37398434,611.07135
