acceptance rate,gt in support,C2ST,MMD,MEDDIST,NLTP,RT
"[1.0, -0.6905401945114136, -0.755104660987854, -0.7938297390937805, -1.3933607339859009, -1.3240134716033936, -1.3978097438812256, -1.4279032945632935, -1.3877673149108887, -1.6869078874588013]","[1.0, 1.0, 1.0, 1.0, 1.0, 1.0, 1.0, 1.0, 1.0, 1.0]",0.5011,0.00020849705,23.086792,-9.797266,3120.7778
