acceptance rate,gt in support,C2ST,MMD,MEDDIST,NLTP,RT
"[1.0, -0.245881125330925, -0.24101248383522034, -1.1246906518936157, -1.0915149450302124, -1.0371572971343994, -0.9119821190834045, -0.8908857107162476, -0.8701893091201782, -0.8835582733154297]","[1.0, 0.900600016117096, 0.9017999768257141, 0.8230999708175659, 0.9075000286102295, 0.932200014591217, 0.9433000087738037, 0.9541000127792358, 0.9606999754905701, 0.955299973487854]",0.79515,0.015011668,26.662405,4.792756,421.13614
