acceptance rate,gt in support,C2ST,MMD,MEDDIST,NLTP,RT
"[1.0, -1.1779545545578003, -1.2663804292678833, -1.3390052318572998, -1.7873828411102295, -1.7439095973968506, -1.8153945207595825, -2.082568407058716, -2.287825345993042, -2.183044195175171]","[1.0, 1.0, 1.0, 1.0, 1.0, 1.0, 1.0, 1.0, 1.0, 1.0]",0.9224,0.3246972,7.5084515,-14.130499,4779.019
