acceptance rate,gt in support,C2ST,MMD,MEDDIST,NLTP,RT
"[1.0, 1.0, 1.0, 1.0, 1.0, 1.0, 1.0, 1.0, 1.0, 1.0]","[1.0, 0.9878000020980835, 0.9932000041007996, 0.9940999746322632, 0.9951000213623047, 0.9954000115394592, 0.9955000281333923, 0.9966999888420105, 0.9934999942779541, 0.9937999844551086]",0.635,0.055742025,10.176019,7.0089273,1091.541
