acceptance rate,gt in support,C2ST,MMD,KSD_GAUSS,MEDDIST,NLTP,RT
"[1.0, -0.06915283203125, -0.08349341154098511, -0.24511680006980896, -0.35021093487739563, -0.9227936267852783, -1.0032098293304443, -1.0633187294006348, -1.1568087339401245, -1.1328272819519043]","[1.0, 1.0, 1.0, 1.0, 1.0, 1.0, 1.0, 1.0, 1.0, 1.0]",0.61185,0.029125333,1156148.2,21.621746,-3.9854326,286.0474
