acceptance rate,gt in support,C2ST,MMD,MEDDIST,NLTP,RT
"[1.0, 1.0, 1.0, 1.0, 1.0, 1.0, 1.0, 1.0, 1.0, 1.0]","[1.0, 0.9980999827384949, 0.9979000091552734, 0.9988999962806702, 0.9988999962806702, 0.9983999729156494, 0.9983000159263611, 0.9983999729156494, 0.9986000061035156, 0.9987999796867371]",0.946,0.14107418,9.498543,6.1739283,333.6641
