acceptance rate,gt in support,C2ST,MMD,KSD_GAUSS,MEDDIST,NLTP,RT
"[1.0, -0.00802120752632618, -0.004079756792634726, -0.004452561028301716, -0.055443327873945236, -0.21545401215553284, -0.141192227602005, -0.2983025312423706, -0.3405909240245819, -0.2917065918445587]","[1.0, 1.0, 1.0, 1.0, 1.0, 1.0, 1.0, 1.0, 1.0, 1.0]",0.62675,0.061313927,9638219.0,23.727621,-7.847113,98.38522
