C2ST,C2ST_Z,MMD,MMD_Z,KSD_GAUSS,MEDDIST,C2ST_1K,C2ST_1K_Z,MMD_1K,MMD_1K_Z,KSD_GAUSS_1K,MEDDIST_1K,NLTP,RT
0.5272,0.59975,0.005016923,0.0050168037,inf,0.088925555,0.531,0.574,0.0050861835,0.005081415,inf,0.09438216,-4.353252,249.28842
