acceptance rate,gt in support,C2ST,MMD,MEDDIST,NLTP,RT
"[1.0, -0.01110676396638155, -0.011351896449923515, -0.04563688859343529, -0.0496838353574276, -0.05107381194829941, -0.21706180274486542, -0.23150990903377533, -0.19945475459098816, -0.24074779450893402]","[1.0, 0.9541000127792358, 0.9502000212669373, 0.923799991607666, 0.9261000156402588, 0.9232000112533569, 0.8902999758720398, 0.8830999732017517, 0.9028000235557556, 0.8980000019073486]",0.81625,0.066900134,1.7587621,3.094016,170.98659
