C2ST,C2ST_Z,MMD,MMD_Z,KSD_GAUSS,MEDDIST,C2ST_1K,C2ST_1K_Z,MMD_1K,MMD_1K_Z,KSD_GAUSS_1K,MEDDIST_1K,NLTP,RT
0.51595,0.51155,0.0011998415,0.0012032986,3100.7014,1.3309295,0.5165,0.515,0.001418829,0.0015194416,563.09924,1.3363044,-0.5571861,888.1924
