acceptance rate,gt in support,iw var,C2ST,MMD,MEDDIST,NLTP,RT
"[1.0, -0.9089586734771729, -0.9264853000640869, -0.8846807479858398, -1.0023753643035889, -1.080640196800232, -1.1616547107696533, -1.2111248970031738, -1.3379722833633423, -1.4715975522994995]","[1.0, 0.9179999828338623, 0.9294000267982483, 0.9869999885559082, 0.996999979019165, 0.9980999827384949, 0.9977999925613403, 0.998199999332428, 0.9986000061035156, 0.9983000159263611]","[0.0, 1.6921719137030777e-08, 1.543966554606868e-08, 1.7231183591093213e-08, 1.7105648453252797e-08, 1.731889476275228e-08, 1.7083435110976097e-08, 1.6883694442526576e-08, 1.719278230893906e-08, 1.9649089466611258e-08]",0.77765,0.12629801,11.295073,4.4460316,1090.1232
