acceptance rate,gt in support,iw var,C2ST,MMD,MEDDIST,NLTP,RT
"[1.0, -0.34078124165534973, -0.5055671334266663, -0.7266128659248352, -1.152016282081604, -1.1782000064849854, -1.4786931276321411, -2.2479946613311768, -2.4755842685699463, -2.4974427223205566]","[1.0, 1.0, 1.0, 1.0, 1.0, 1.0, 1.0, 1.0, 1.0, 1.0]","[0.0, 5.2054333066209324e-11, 1.2341244692848363e-10, 1.4178078155957508e-10, 1.495659013306394e-10, 7.535652657431058e-11, 4.860037025600228e-11, 3.455421712650342e-11, 4.660980282289451e-11, 4.733389721844894e-11]",0.87835,0.23706043,15.322632,-16.276632,4612.43
