acceptance rate,gt in support,C2ST,MMD,MEDDIST,NLTP,RT
"[1.0, -0.00764535553753376, -0.007733754348009825, -0.01110676396638155, -0.017367009073495865, -0.015832891687750816, -0.0792507529258728, -0.256294310092926, -0.28836145997047424, -0.28642547130584717]","[1.0, 1.0, 1.0, 1.0, 1.0, 1.0, 1.0, 1.0, 1.0, 1.0]",0.9914,0.51392996,120.49448,-6.2339067,587.01965
