acceptance rate,gt in support,C2ST,MMD,MEDDIST,NLTP,RT
"[1.0, -1.1753535270690918, -1.2531929016113281, -1.278753638267517, -1.3258907794952393, -2.2913451194763184, -2.4214303493499756, -2.570065498352051, -2.428971290588379, -2.4603769779205322]","[1.0, 1.0, 1.0, 1.0, 1.0, 1.0, 1.0, 1.0, 1.0, 1.0]",0.83845,0.25101918,14.305525,-15.059167,9665.412
