acceptance rate,gt in support,C2ST,MMD,MEDDIST,NLTP,RT
"[1.0, -0.011730971746146679, -0.010794996283948421, -0.0519050657749176, -0.056975655257701874, -0.2489134669303894, -1.092712640762329, -1.128385305404663, -1.337929368019104, -1.4573032855987549]","[1.0, 1.0, 1.0, 1.0, 1.0, 1.0, 1.0, 1.0, 1.0, 1.0]",0.99595,0.56209177,23.83583,-6.2970634,2979.1045
