acceptance rate,gt in support,C2ST,MMD,MEDDIST,NLTP,RT
"[1.0, -0.006674022413790226, -0.007291886955499649, -0.14083166420459747, -0.2975694537162781, -0.2958065867424011, -0.31428810954093933, -0.7139928340911865, -0.6926751732826233, -0.7941771745681763]","[1.0, 1.0, 1.0, 1.0, 1.0, 1.0, 1.0, 1.0, 1.0, 1.0]",0.6369,0.06341362,24.433584,-8.081593,2076.1003
