C2ST,C2ST_Z,MMD,MMD_Z,KSD_GAUSS,MEDDIST,C2ST_1K,C2ST_1K_Z,MMD_1K,MMD_1K_Z,KSD_GAUSS_1K,MEDDIST_1K,NLTP,RT
0.5481,0.5489,0.008944511,0.008945584,inf,0.08712016,0.545,0.5515,0.0075056553,0.007500887,inf,0.08532545,-3.8791955,1195.783
