C2ST,C2ST_Z,MMD,MMD_Z,KSD_GAUSS,MEDDIST,C2ST_1K,C2ST_1K_Z,MMD_1K,MMD_1K_Z,KSD_GAUSS_1K,MEDDIST_1K,NLTP,RT
0.55025,0.54165,0.0015499592,0.001552701,3817.511,1.3310049,0.512,0.5125,0.0015143156,0.0015790462,485.5729,1.3379877,0.0008955002,113.079216
