acceptance rate,gt in support,iw var,C2ST,MMD,MEDDIST,NLTP,RT
"[1.0, -0.007269801571965218, -0.00861886516213417, -0.4875490963459015, -0.5734074115753174, -0.528231680393219, -0.8077512383460999, -0.9626532196998596, -1.0712201595306396, -1.2801717519760132]","[1.0, 1.0, 1.0, 1.0, 1.0, 1.0, 1.0, 1.0, 1.0, 1.0]","[0.0, 2.555888714648319e-13, 2.6729137024388006e-13, 1.4401089695748048e-11, 5.8171713973598216e-12, 1.874473146146194e-11, 2.3291393119739823e-11, 1.61235486767497e-11, 2.8106957733475824e-11, 1.659494937300554e-11]",0.652,0.09901297,27.522717,-7.0267634,1334.2894
