acceptance rate,gt in support,C2ST,MMD,KSD_GAUSS,MEDDIST,NLTP,RT
"[1.0, -0.24546055495738983, -0.2713216543197632, -0.2270185649394989, -0.2604672312736511, -0.4017202854156494, -0.5882120132446289, -0.523639440536499, -0.7911365628242493, -0.8641520738601685]","[1.0, 1.0, 1.0, 1.0, 1.0, 1.0, 1.0, 1.0, 1.0, 1.0]",0.6066,0.0002837181,inf,0.08842416,-4.490383,103.02833
