acceptance rate,gt in support,C2ST,MMD,KSD_GAUSS,MEDDIST,NLTP,RT
"[1.0, -0.002875854028388858, -0.009483559057116508, -0.01075046882033348, -0.008796104229986668, -0.015630243346095085, -0.010705972090363503, -0.009749988093972206, -0.016441376879811287, -0.02175098843872547]","[1.0, 1.0, 1.0, 1.0, 0.9998999834060669, 1.0, 1.0, 1.0, 1.0, 1.0]",0.54005,0.0016336441,5719.4756,1.4252237,4.1267414,343.8426
