C2ST,C2ST_Z,MMD,MMD_Z,KSD_GAUSS,MEDDIST,C2ST_1K,C2ST_1K_Z,MMD_1K,MMD_1K_Z,KSD_GAUSS_1K,MEDDIST_1K,NLTP,RT
0.71965,0.7104,0.0026737452,0.006058097,19928.496,10.672065,0.64,0.6325,0.0023251772,0.004688263,1555.0652,10.565609,1.9520017,5012.5684
