acceptance rate,gt in support,C2ST,MMD,KSD_GAUSS,MEDDIST,NLTP,RT
"[1.0, -0.05911014974117279, -0.16982850432395935, -0.4730149507522583, -0.4943413734436035, -0.5826113820075989, -0.6419509053230286, -0.604324221611023, -0.7927889227867126, -0.8625667691230774]","[1.0, 1.0, 1.0, 1.0, 1.0, 1.0, 1.0, 1.0, 1.0, 1.0]",0.5005,0.0006787777,948983.44,23.345236,-9.662429,255.97797
