acceptance rate,gt in support,C2ST,MMD,KSD_GAUSS,MEDDIST,NLTP,RT
"[1.0, -0.005374952685087919, -0.006321343593299389, -0.03245203569531441, -0.05831471085548401, -0.070095956325531, -0.08362504094839096, -0.09073822945356369, -0.10835108160972595, -0.14554215967655182]","[1.0, 1.0, 1.0, 1.0, 1.0, 1.0, 1.0, 1.0, 1.0, 1.0]",0.6513,0.077278495,6148913.5,25.079872,-9.279874,165.26878
