acceptance rate,gt in support,C2ST,MMD,MEDDIST,NLTP,RT
"[1.0, -1.6932319402694702, -1.8982958793640137, -2.0556039810180664, -2.0316035747528076, -2.0838050842285156, -2.0868325233459473, -2.078747272491455, -2.0800578594207764, -2.094916820526123]","[1.0, 0.9997000098228455, 0.9994000196456909, 0.9994999766349792, 0.9994999766349792, 0.9994000196456909, 0.9994999766349792, 0.9995999932289124, 0.9997000098228455, 0.9994999766349792]",0.53395,0.010455608,13.000709,1.0226583,4747.682
