acceptance rate,gt in support,C2ST,MMD,MEDDIST,NLTP,RT
"[1.0, -0.6013656854629517, -0.5809947848320007, -1.004045844078064, -1.0435913801193237, -1.7175959348678589, -1.5282338857650757, -1.661882758140564, -1.6064461469650269, -1.6654607057571411]","[1.0, 1.0, 1.0, 1.0, 1.0, 1.0, 1.0, 1.0, 1.0, 1.0]",0.8957,0.210805,15.861687,-15.55878,3812.5112
