acceptance rate,gt in support,iw var,C2ST,MMD,MEDDIST,NLTP,RT
"[1.0, -0.006740191485732794, -0.015517712570726871, -0.057793453335762024, -0.06073042377829552, -0.056357141584157944, -0.06223145127296448, -0.05814089998602867, -0.05630768835544586, -0.05615939572453499]","[1.0, 1.0, 0.9998999834060669, 0.9991999864578247, 0.9993000030517578, 0.9994000196456909, 0.9991999864578247, 0.9994000196456909, 0.9994999766349792, 0.9994000196456909]","[0.0, 383.5701599121094, 373.51214599609375, 386.576416015625, 384.4595947265625, 389.36859130859375, 388.797607421875, 387.1546630859375, 378.8276672363281, 389.7272644042969]",0.5494,0.0018240213,1.3206521,0.7417278,912.61743
