acceptance rate,gt in support,iw var,C2ST,MMD,MEDDIST,NLTP,RT
"[1.0, -0.11008232831954956, -0.11497822403907776, -0.1312968134880066, -0.18144424259662628, -0.20753829181194305, -0.2564118802547455, -0.21417206525802612, -0.2204756736755371, -0.24918317794799805]","[1.0, 0.9991000294685364, 0.9991999864578247, 0.9991000294685364, 0.9991000294685364, 0.9990000128746033, 0.9991999864578247, 0.9993000030517578, 0.9994000196456909, 0.9991999864578247]","[0.0, 385.4775695800781, 386.5624694824219, 386.7315673828125, 388.12176513671875, 387.91937255859375, 383.352294921875, 390.44964599609375, 390.5332336425781, 387.6289367675781]",0.5241,0.0010986328,1.4264612,-1.0161877,13843.972
