acceptance rate,gt in support,C2ST,MMD,MEDDIST,NLTP,RT
"[1.0, 1.0, 1.0, 1.0, 1.0, 1.0, 1.0, 1.0, 1.0, 1.0]","[1.0, 0.9998000264167786, 0.995199978351593, 0.9962999820709229, 0.998199999332428, 0.9993000030517578, 0.9994000196456909, 0.9991999864578247, 0.9993000030517578, 0.9995999932289124]",0.8646,0.022935152,11.760914,4.260252,947.7972
