acceptance rate,gt in support,C2ST,MMD,MEDDIST,NLTP,RT
"[1.0, -0.8899155855178833, -1.2298027276992798, -1.7643004655838013, -2.235448122024536, -2.421126365661621, -2.7194650173187256, -2.966610908508301, -3.0248959064483643, -3.042184829711914]","[1.0, 1.0, 1.0, 1.0, 1.0, 1.0, 1.0, 1.0, 1.0, 1.0]",0.90145,0.4485653,24.587555,-16.808891,6342.7856
