acceptance rate,gt in support,C2ST,MMD,MEDDIST,NLTP,RT
"[1.0, -0.0017624711617827415, -0.0015880790306255221, -0.004145531915128231, -0.003838719567283988, -0.0031382327433675528, -0.005374952685087919, -0.004759807139635086, -0.035269081592559814, -0.042608242481946945]","[1.0, 0.9951000213623047, 0.9957000017166138, 0.9958000183105469, 0.9955999851226807, 0.9968000054359436, 0.9958000183105469, 0.996999979019165, 0.9919999837875366, 0.9909999966621399]",0.79015,0.065611005,1.8081031,7.1694126,7516.361
