acceptance rate,gt in support,C2ST,MMD,MEDDIST,NLTP,RT
"[1.0, -0.012646635062992573, -0.10069943219423294, -0.1035013496875763, -0.2880662977695465, -0.2943500876426697, -0.31954360008239746, -0.3693009912967682, -0.4295348823070526, -0.4222401976585388]","[1.0, 0.9979000091552734, 0.9962000250816345, 0.9972000122070312, 0.9944999814033508, 0.9962000250816345, 0.9958000183105469, 0.9952999949455261, 0.9948999881744385, 0.9954000115394592]",0.6094,0.002404809,1.5266397,1.9426022,8249.458
