acceptance rate,gt in support,C2ST,MMD,MEDDIST,NLTP,RT
"[1.0, -0.035669658333063126, -0.073528952896595, -0.10341867059469223, -0.12285911291837692, -0.13709381222724915, -0.11784561723470688, -0.16440455615520477, -0.14932313561439514, -0.16326458752155304]","[1.0, 1.0, 1.0, 1.0, 1.0, 0.9998999834060669, 1.0, 0.9998999834060669, 0.9998999834060669, 0.9998999834060669]",0.5113,0.0017151833,1.3935324,0.8473959,16943.627
