acceptance rate,gt in support,iw var,C2ST,MMD,MEDDIST,NLTP,RT
"[1.0, -1.3763631582260132, -1.2633099555969238, -1.2775825262069702, -1.325138807296753, -1.3869620561599731, -1.8699666261672974, -1.872031807899475, -1.757004737854004, -1.8641799688339233]","[1.0, 1.0, 1.0, 1.0, 1.0, 1.0, 1.0, 1.0, 1.0, 1.0]","[0.0, 1.612992406307967e-08, 1.7899424165079836e-08, 1.8025236414587198e-08, 1.9284625452087312e-08, 1.6806682268111217e-08, 1.885863021300338e-08, 1.54974291177723e-08, 1.6446119133206594e-08, 1.777065961050539e-08]",0.50055,0.0016924143,24.657656,-9.081961,13989.409
