acceptance rate,gt in support,C2ST,MMD,KSD_GAUSS,MEDDIST,NLTP,RT
"[1.0, -0.8561658263206482, -0.8667006492614746, -1.1541167497634888, -1.0921339988708496, -1.1081196069717407, -1.246544599533081, -1.3217418193817139, -1.4051826000213623, -1.4194973707199097]","[1.0, 1.0, 1.0, 1.0, 1.0, 1.0, 1.0, 1.0, 1.0, 1.0]",0.5232,0.0015149117,inf,0.08803715,-2.2190926,2449.5203
