C2ST,C2ST_Z,MMD,MMD_Z,KSD_GAUSS,MEDDIST,C2ST_1K,C2ST_1K_Z,MMD_1K,MMD_1K_Z,KSD_GAUSS_1K,MEDDIST_1K,NLTP,RT
0.65745,0.64365,0.0022019148,0.0070871115,459117.2,26.474857,0.5805,0.578,0.0020816326,0.006132722,361.29874,26.685783,3.373556,5504.164
