acceptance rate,gt in support,C2ST,MMD,KSD_GAUSS,MEDDIST,NLTP,RT
"[1.0, -0.2698235809803009, -0.29422178864479065, -0.35918739438056946, -0.38261517882347107, -0.39505434036254883, -0.44871267676353455, -0.4429742693901062, -0.42906805872917175, -0.48638293147087097]","[1.0, 1.0, 1.0, 1.0, 1.0, 1.0, 1.0, 1.0, 1.0, 1.0]",0.49775,0.0028172731,1945123.0,23.916521,-9.494189,1713.2842
