acceptance rate,gt in support,iw var,C2ST,MMD,MEDDIST,NLTP,RT
"[1.0, -0.10020686686038971, -0.0810789167881012, -0.16174928843975067, -0.11142740398645401, -0.15720362961292267, -0.2494916319847107, -0.4972315728664398, -0.48425859212875366, -0.6737461090087891]","[1.0, 1.0, 1.0, 1.0, 1.0, 1.0, 1.0, 1.0, 1.0, 1.0]","[0.0, 1.9582431676212764e-08, 1.7057871559700288e-08, 1.6300393923529555e-08, 1.658048098818199e-08, 1.573576469127147e-08, 1.707883434676205e-08, 1.7008566999265895e-08, 1.538028548964121e-08, 1.723451248381025e-08]",0.8657,0.47264722,42.661453,-5.7037463,508.83835
