acceptance rate,gt in support,C2ST,MMD,MEDDIST,NLTP,RT
"[1.0, -1.631648302078247, -1.5083836317062378, -1.7945464849472046, -2.012583017349243, -1.9852111339569092, -2.23933482170105, -2.1770269870758057, -2.2867605686187744, -2.2695460319519043]","[1.0, 1.0, 1.0, 1.0, 0.9998000264167786, 0.9998000264167786, 0.9997000098228455, 1.0, 0.9998999834060669, 0.9998999834060669]",0.5006,0.0048662424,24.839485,-9.01998,3343.3906
