C2ST,C2ST_Z,MMD,MMD_Z,KSD_GAUSS,MEDDIST,C2ST_1K,C2ST_1K_Z,MMD_1K,MMD_1K_Z,KSD_GAUSS_1K,MEDDIST_1K,NLTP,RT
0.92395,0.9501,0.25146645,0.30445403,183358720.0,15.073554,0.885,0.9455,0.25627077,0.314551,71262310.0,15.191718,-15.521833,3159.663
