acceptance rate,gt in support,iw var,C2ST,MMD,MEDDIST,NLTP,RT
"[1.0, -0.0016098774503916502, -0.004057860467582941, -0.004935477860271931, -0.007004915736615658, -0.010683712549507618, -0.008596712723374367, -0.0705810934305191, -0.11975821852684021, -0.1329452097415924]","[1.0, 0.9993000030517578, 0.9987000226974487, 0.9977999925613403, 0.998199999332428, 0.9965000152587891, 0.998199999332428, 0.9918000102043152, 0.9842000007629395, 0.9825999736785889]","[0.0, 384.33172607421875, 388.9365539550781, 393.346435546875, 384.7967529296875, 389.1201477050781, 388.9682312011719, 389.2239990234375, 392.41619873046875, 386.8247985839844]",0.72445,0.021175027,1.4582968,8.562434,245.00117
