acceptance rate,gt in support,C2ST,MMD,KSD_GAUSS,MEDDIST,NLTP,RT
"[1.0, -1.09445321559906, -1.0451546907424927, -1.1912827491760254, -1.124566674232483, -1.271432638168335, -1.3434019088745117, -1.367289662361145, -1.422040343284607, -1.4500670433044434]","[1.0, 1.0, 1.0, 1.0, 1.0, 1.0, 1.0, 1.0, 1.0, 0.9998999834060669]",0.5061,0.0011223555,inf,0.08675629,-4.0896945,1267.4606
