C2ST,C2ST_Z,MMD,MMD_Z,KSD_GAUSS,MEDDIST,C2ST_1K,C2ST_1K_Z,MMD_1K,MMD_1K_Z,KSD_GAUSS_1K,MEDDIST_1K,NLTP,RT
0.9999,1.0,0.59899896,0.57970613,197085740.0,51.846886,0.998,0.9995,0.5979034,0.57990646,71102424.0,51.178387,13.2624655,88.52074
