acceptance rate,gt in support,C2ST,MMD,KSD_GAUSS,MEDDIST,NLTP,RT
"[1.0, -0.3998987376689911, -0.5369660258293152, -0.6426751017570496, -0.7673002481460571, -0.787051796913147, -0.7515771389007568, -0.818564772605896, -0.7602418661117554, -0.7719420194625854]","[1.0, 1.0, 1.0, 1.0, 1.0, 1.0, 1.0, 1.0, 1.0, 1.0]",0.5157,0.000936985,inf,0.08926439,-4.0686297,1788.3318
