acceptance rate,gt in support,C2ST,MMD,KSD_GAUSS,MEDDIST,NLTP,RT
"[1.0, -0.016260990872979164, -0.016260990872979164, -0.14002156257629395, -0.2043980211019516, -0.3491099178791046, -0.3610118329524994, -0.36004891991615295, -0.8497042059898376, -0.7684454321861267]","[1.0, 1.0, 1.0, 0.9988999962806702, 0.9983000159263611, 0.9961000084877014, 0.9958999752998352, 0.9961000084877014, 0.9840999841690063, 0.9860000014305115]",0.81505,0.06676239,26097000000.0,2.0792408,4.340841,289.7232
