acceptance rate,gt in support,C2ST,MMD,KSD_GAUSS,MEDDIST,NLTP,RT
"[1.0, -0.20145294070243835, -0.23239895701408386, -0.2655602693557739, -0.3188793957233429, -0.23961524665355682, -0.26504021883010864, -0.2645208537578583, -0.32578206062316895, -0.2906452417373657]","[1.0, 0.9997000098228455, 0.9997000098228455, 0.9991999864578247, 0.9994999766349792, 0.9997000098228455, 0.9995999932289124, 0.9994999766349792, 0.9993000030517578, 0.9997000098228455]",0.53685,0.004453182,19153.252,1.5413916,-2.2085047,786.00775
