acceptance rate,gt in support,C2ST,MMD,MEDDIST,NLTP,RT
"[1.0, -0.3729073703289032, -0.6188488006591797, -0.6901995539665222, -0.7871278524398804, -0.7782877683639526, -0.9197744727134705, -0.8951716423034668, -0.9406049251556396, -0.9174540042877197]","[1.0, 1.0, 1.0, 1.0, 1.0, 1.0, 1.0, 1.0, 1.0, 1.0]",0.5084,0.0007710457,0.090345226,-4.2681026,3329.451
