acceptance rate,gt in support,C2ST,MMD,MEDDIST,NLTP,RT
"[1.0, 1.0, 1.0, 1.0, 1.0, 1.0, 1.0, 1.0, 1.0, 1.0]","[1.0, 0.9703999757766724, 0.9782999753952026, 0.9894000291824341, 0.9886000156402588, 0.9950000047683716, 0.9955000281333923, 0.9948999881744385, 0.9970999956130981, 0.9961000084877014]",0.6482,0.104757905,10.53491,4.8032312,1047.6719
