acceptance rate,gt in support,iw var,C2ST,MMD,MEDDIST,NLTP,RT
"[1.0, -1.4165493249893188, -1.3882766962051392, -1.4224231243133545, -1.405012845993042, -1.4020518064498901, -1.4515470266342163, -1.5144076347351074, -1.5176029205322266, -1.5511219501495361]","[1.0, 0.9765999913215637, 0.9939000010490417, 0.9947999715805054, 0.9965999722480774, 0.9983999729156494, 0.998199999332428, 0.9980999827384949, 0.9988999962806702, 0.9984999895095825]","[0.0, 1.7141886132776563e-08, 2.197094950417977e-08, 1.6304028349622968e-08, 1.7806534913233918e-08, 1.789514492145372e-08, 1.616955636052353e-08, 1.4153204830336108e-08, 1.5985191836875856e-08, 1.610021982401122e-08]",0.56425,0.0070562363,10.423655,4.5998945,17738.344
