C2ST,C2ST_Z,MMD,MMD_Z,KSD_GAUSS,MEDDIST,C2ST_1K,C2ST_1K_Z,MMD_1K,MMD_1K_Z,KSD_GAUSS_1K,MEDDIST_1K,NLTP,RT
0.76685,0.73,0.041027308,0.03930396,90211.92,13.354065,0.728,0.6735,0.037549794,0.036266327,9273.057,13.265064,7.4545097,513.86755
