acceptance rate,gt in support,C2ST,MMD,MEDDIST,NLTP,RT
"[1.0, -0.020497160032391548, -0.023879380896687508, -0.024315517395734787, -0.02571864239871502, -0.01879321224987507, -0.021819494664669037, -0.02072487212717533, -0.03000202402472496, -0.026918359100818634]","[1.0, 0.9970999956130981, 0.9984999895095825, 0.9987000226974487, 0.9980000257492065, 0.9990000128746033, 0.9990000128746033, 0.9988999962806702, 0.9994000196456909, 0.9998000264167786]",0.9869,0.20376909,7.5222764,8.307853,130.206
