acceptance rate,gt in support,C2ST,MMD,KSD_GAUSS,MEDDIST,NLTP,RT
"[1.0, -0.010505701415240765, -0.04718336835503578, -0.02470608428120613, -0.029955483973026276, -0.06504730135202408, -0.07430126518011093, -0.05100055783987045, -0.05816569924354553, -0.08388835936784744]","[1.0, 0.9986000061035156, 0.9962000250816345, 0.9987000226974487, 0.9988999962806702, 0.9984999895095825, 0.9980000257492065, 0.9991999864578247, 0.9991000294685364, 0.998199999332428]",0.5666,0.0035454035,16090.501,1.4759715,0.030514717,152.34993
