C2ST,C2ST_Z,MMD,MMD_Z,KSD_GAUSS,MEDDIST,C2ST_1K,C2ST_1K_Z,MMD_1K,MMD_1K_Z,KSD_GAUSS_1K,MEDDIST_1K,NLTP,RT
0.5002,0.52815,0.0021226406,0.002102971,73165.75,16.263449,0.4935,0.5465,0.0009729862,0.0010424852,11997.016,16.852299,-4.158378,1718.6512
