acceptance rate,gt in support,iw var,C2ST,MMD,MEDDIST,NLTP,RT
"[1.0, -0.16513444483280182, -0.17740701138973236, -0.24714520573616028, -0.2864674925804138, -0.4122890532016754, -0.484788715839386, -0.4883171319961548, -0.559878408908844, -0.574547290802002]","[1.0, 1.0, 1.0, 1.0, 1.0, 1.0, 1.0, 1.0, 1.0, 1.0]","[0.0, 1.5307310974321808e-08, 1.6350272247223074e-08, 1.7635048976671897e-08, 1.649162229000467e-08, 1.634095703195726e-08, 1.637465629755752e-08, 1.8344788799140588e-08, 1.763545576238812e-08, 1.870914267954049e-08]",0.63945,0.0012562275,0.08764879,0.20484652,118.7002
