acceptance rate,gt in support,iw var,C2ST,MMD,MEDDIST,NLTP,RT
"[1.0, -1.6531256437301636, -1.5761507749557495, -1.665546178817749, -1.8496977090835571, -1.8387187719345093, -1.9942909479141235, -1.975082516670227, -1.9055417776107788, -1.9867717027664185]","[1.0, 0.9998999834060669, 1.0, 1.0, 1.0, 1.0, 0.9998999834060669, 0.9998999834060669, 0.9998999834060669, 0.9998999834060669]","[0.0, 1.5730796221191667e-08, 1.7884048020277987e-08, 1.7227209880843475e-08, 1.6657356383120714e-08, 1.8005488655603585e-08, 1.8570524673577893e-08, 1.6670421487674503e-08, 1.6833586968800773e-08, 1.7728233103753155e-08]",0.5471,0.0038882494,14.782217,-2.5447216,11968.047
