acceptance rate,gt in support,C2ST,MMD,KSD_GAUSS,MEDDIST,NLTP,RT
"[1.0, -0.2528213560581207, -0.3571399450302124, -0.5464141368865967, -0.8113526701927185, -0.9088021516799927, -0.9623345136642456, -1.107263445854187, -1.1135960817337036, -1.1442385911941528]","[1.0, 0.9987000226974487, 0.9975000023841858, 0.9955000281333923, 0.9919999837875366, 0.9902999997138977, 0.9887999892234802, 0.9846000075340271, 0.9842000007629395, 0.9833999872207642]",0.709,0.0113765,50296764.0,1.9767148,2.161682,3727.3625
