acceptance rate,gt in support,C2ST,MMD,MEDDIST,NLTP,RT
"[1.0, -0.23780925571918488, -0.34141629934310913, -0.48638293147087097, -0.749824047088623, -0.7407646179199219, -0.80055832862854, -0.9085284471511841, -1.0153090953826904, -1.0187169313430786]","[1.0, 1.0, 1.0, 1.0, 1.0, 1.0, 1.0, 1.0, 1.0, 1.0]",0.53375,0.003967285,0.08760135,-3.7677414,3428.3445
