C2ST,C2ST_Z,MMD,MMD_Z,KSD_GAUSS,MEDDIST,C2ST_1K,C2ST_1K_Z,MMD_1K,MMD_1K_Z,KSD_GAUSS_1K,MEDDIST_1K,NLTP,RT
0.62585,0.63,0.041523874,0.041713,3133305.8,18.35756,0.4945,0.6385,0.049072802,0.050952137,311857.62,17.74824,-6.1397357,248.78723
