C2ST,C2ST_Z,MMD,MMD_Z,KSD_GAUSS,MEDDIST,C2ST_1K,C2ST_1K_Z,MMD_1K,MMD_1K_Z,KSD_GAUSS_1K,MEDDIST_1K,NLTP,RT
0.82525,0.8248,0.013445139,0.09124982,12116473.0,26.881302,0.778,0.7665,0.011479974,0.08232069,7494.4707,26.836006,6.6356626,621.3218
