acceptance rate,gt in support,iw var,C2ST,MMD,MEDDIST,NLTP,RT
"[1.0, -1.2852931022644043, -1.201781153678894, -1.2865514755249023, -1.2905604839324951, -1.381658911705017, -1.4582486152648926, -1.4850667715072632, -1.4807225465774536, -1.4800450801849365]","[1.0, 1.0, 1.0, 1.0, 1.0, 1.0, 1.0, 1.0, 1.0, 1.0]","[0.0, 1.6428751692387777e-08, 2.053953096492478e-08, 1.7994183920677642e-08, 1.7061649870697693e-08, 1.7494565796027928e-08, 1.671989480200864e-08, 1.836000862454057e-08, 1.7399887752844734e-08, 1.6148479886624045e-08]",0.4949,8.761883e-05,0.08740242,-4.450424,17479.52
