acceptance rate,gt in support,C2ST,MMD,MEDDIST,NLTP,RT
"[1.0, 1.0, 1.0, 1.0, 1.0, 1.0, 1.0, 1.0, 1.0, 1.0]","[1.0, 0.9930999875068665, 0.9990000128746033, 0.9961000084877014, 0.9997000098228455, 1.0, 1.0, 1.0, 1.0, 1.0]",0.8669,0.13033098,12.293485,-14.387142,7065.664
