acceptance rate,gt in support,C2ST,MMD,MEDDIST,NLTP,RT
"[1.0, 1.0, 1.0, 1.0, 1.0, 1.0, 1.0, 1.0, 1.0, 1.0]","[1.0, 0.9872000217437744, 0.9836999773979187, 0.9854000210762024, 0.9854000210762024, 0.991599977016449, 0.9933000206947327, 0.9962999820709229, 0.9943000078201294, 0.9983000159263611]",0.98325,0.17932212,18.278755,12.659465,197.1174
