acceptance rate,gt in support,C2ST,MMD,KSD_GAUSS,MEDDIST,NLTP,RT
"[1.0, -0.00599097041413188, -0.08170749992132187, -0.5007598400115967, -1.1991541385650635, -1.112252950668335, -1.189515471458435, -1.3623851537704468, -1.3291219472885132, -1.484938383102417]","[1.0, 1.0, 1.0, 1.0, 1.0, 1.0, 1.0, 1.0, 1.0, 1.0]",0.4928,0.013334751,741406.9,17.944359,-7.0387936,267.2793
