acceptance rate,gt in support,iw var,C2ST,MMD,MEDDIST,NLTP,RT
"[1.0, -1.1403043270111084, -1.1340926885604858, -1.0794752836227417, -1.2153407335281372, -1.2690478563308716, -1.4344894886016846, -1.6839869022369385, -1.3172534704208374, -1.8204225301742554]","[1.0, 1.0, 1.0, 1.0, 1.0, 1.0, 1.0, 1.0, 1.0, 1.0]","[0.0, 1.8457088302170632e-08, 1.8560474046580566e-08, 1.5059212543633294e-08, 1.7062024681990806e-08, 1.7086234649354992e-08, 1.5707234624073863e-08, 1.671717164697384e-08, 2.010493638238131e-08, 1.635224045060113e-08]",0.4992,0.0254699,24.8998,-8.838457,493.96524
