acceptance rate,gt in support,C2ST,MMD,KSD_GAUSS,MEDDIST,NLTP,RT
"[1.0, -0.006872533354908228, -0.028121398761868477, -0.029420703649520874, -0.044095899909734726, -0.042775947600603104, -0.052100881934165955, -0.14478380978107452, -0.13551859557628632, -0.15518125891685486]","[1.0, 0.991100013256073, 0.9641000032424927, 0.9678999781608582, 0.9528999924659729, 0.9466999769210815, 0.9448000192642212, 0.9563999772071838, 0.9562000036239624, 0.9483000040054321]",0.9546,0.13592851,293193760000000.0,19.984238,9.21761,61.606995
