acceptance rate,gt in support,C2ST,MMD,KSD_GAUSS,MEDDIST,NLTP,RT
"[1.0, -1.117760181427002, -1.1063235998153687, -1.1501712799072266, -1.2447181940078735, -1.237029790878296, -1.2153407335281372, -1.2192169427871704, -1.2753791809082031, -1.3882766962051392]","[1.0, 1.0, 1.0, 1.0, 1.0, 1.0, 1.0, 1.0, 1.0, 1.0]",0.5566,0.0027616024,inf,0.08998054,-3.3499455,2155.9902
