C2ST,C2ST_Z,MMD,MMD_Z,KSD_GAUSS,MEDDIST,C2ST_1K,C2ST_1K_Z,MMD_1K,MMD_1K_Z,KSD_GAUSS_1K,MEDDIST_1K,NLTP,RT
0.6076,0.58705,0.0039619207,0.0039305687,18095.166,1.5785176,0.562,0.5745,0.0045511723,0.004515648,2133.1138,1.5825634,3.6604185,111.94018
