acceptance rate,gt in support,C2ST,MMD,KSD_GAUSS,MEDDIST,NLTP,RT
"[1.0, -0.028190890327095985, -0.06195586174726486, -0.1480998694896698, -0.3000178039073944, -0.28178903460502625, -0.8325138688087463, -0.7934054136276245, -0.8130840063095093, -0.9587258100509644]","[1.0, 1.0, 1.0, 1.0, 1.0, 1.0, 1.0, 1.0, 1.0, 1.0]",0.63065,0.048862457,563202.44,21.748564,-4.9401197,332.42554
