acceptance rate,gt in support,iw var,C2ST,MMD,MEDDIST,NLTP,RT
"[1.0, -0.004847646690905094, -0.006035012658685446, -0.014685834757983685, -0.022459302097558975, -0.051269255578517914, -0.034422047436237335, -0.057892702519893646, -0.4740055501461029, -0.564394474029541]","[1.0, 1.0, 1.0, 1.0, 1.0, 1.0, 1.0, 1.0, 1.0, 0.9998999834060669]","[0.0, 6.29500385195339e-14, 1.0194512470524178e-13, 1.5524359141955157e-12, 3.416664520750068e-12, 3.828610171952018e-12, 7.729171469517127e-12, 6.652329295059323e-12, 1.4865093531102325e-11, 1.4921569188586226e-11]",0.7637,0.31798744,22.113344,-4.4796233,1326.9618
