acceptance rate,gt in support,C2ST,MMD,KSD_GAUSS,MEDDIST,NLTP,RT
"[1.0, -0.002067819470539689, -0.0022860681638121605, -0.0015445114113390446, -0.0045183924958109856, -0.011017676442861557, -0.009550157934427261, -0.032218094915151596, -0.03616498038172722, -0.04155557602643967]","[1.0, 0.996999979019165, 0.996399998664856, 0.9977999925613403, 0.9970999956130981, 0.9940999746322632, 0.995199978351593, 0.9934999942779541, 0.995199978351593, 0.9932000041007996]",0.7322,0.03880787,155512.08,1.5848675,8.119201,80.32003
