acceptance rate,gt in support,C2ST,MMD,KSD_GAUSS,MEDDIST,NLTP,RT
"[1.0, -0.004035938531160355, -0.005946958903223276, -0.0367790162563324, -0.038887541741132736, -0.07455898821353912, -0.1573907732963562, -0.16036488115787506, -0.26030901074409485, -0.3002778887748718]","[1.0, 1.0, 1.0, 1.0, 1.0, 1.0, 1.0, 1.0, 1.0, 1.0]",0.8961,0.20500875,20744.678,17.839838,3.5618935,337.19965
