acceptance rate,gt in support,C2ST,MMD,MEDDIST,NLTP,RT
"[1.0, -0.8271886706352234, -1.1642671823501587, -1.336470365524292, -1.416717290878296, -1.4617036581039429, -1.7875975370407104, -1.7576899528503418, -1.7629071474075317, -1.7964836359024048]","[1.0, 0.9420999884605408, 0.9521999955177307, 0.9596999883651733, 0.9605000019073486, 0.9635000228881836, 0.9380999803543091, 0.9384999871253967, 0.946399986743927, 0.9487000107765198]",0.6854,0.10008323,10.770163,7.359355,555.8877
