acceptance rate,gt in support,iw var,C2ST,MMD,MEDDIST,NLTP,RT
"[1.0, -0.2645208537578583, -0.4401731491088867, -0.6097009181976318, -0.6948636770248413, -0.6684512495994568, -0.9335912466049194, -0.8450817465782166, -0.6657875776290894, -0.8807441592216492]","[1.0, 1.0, 1.0, 1.0, 1.0, 1.0, 1.0, 1.0, 1.0, 1.0]","[0.0, 1.1801399267541424e-11, 1.2487440768926827e-11, 1.7371990998493736e-11, 9.647064397322325e-12, 1.1903265699497734e-11, 1.5519772966765544e-11, 1.770120508504114e-11, 1.8998818143711738e-11, 2.7179598849347286e-11]",0.5007,0.0025748014,23.086792,-9.677433,3999.601
