acceptance rate,gt in support,C2ST,MMD,KSD_GAUSS,MEDDIST,NLTP,RT
"[1.0, -0.0010000382317230105, -0.016644403338432312, -0.06780537962913513, -0.10490911453962326, -0.10176863521337509, -0.24741382896900177, -0.24580462276935577, -0.3130064308643341, -0.32759425044059753]","[1.0, 1.0, 1.0, 0.9998000264167786, 0.9991999864578247, 0.9993000030517578, 0.9983000159263611, 0.9983000159263611, 0.9976999759674072, 0.9973999857902527]",0.8405,0.0906682,5204962000.0,2.0130198,4.2289863,401.1112
