acceptance rate,gt in support,C2ST,MMD,KSD_GAUSS,MEDDIST,NLTP,RT
"[1.0, -0.1633910834789276, -0.2391253560781479, -0.6625407338142395, -0.8068754076957703, -0.9557347297668457, -1.2671831846237183, -1.2886990308761597, -1.594653606414795, -1.7042820453643799]","[1.0, 1.0, 1.0, 1.0, 1.0, 1.0, 1.0, 1.0, 1.0, 1.0]",0.8799,0.32934478,1257808300.0,27.567303,-11.871192,461.71036
