acceptance rate,gt in support,C2ST,MMD,KSD_GAUSS,MEDDIST,NLTP,RT
"[1.0, -0.9290186166763306, -1.1892216205596924, -1.2014788389205933, -1.2562839984893799, -1.2256118059158325, -1.285502552986145, -1.249491572380066, -1.3001210689544678, -1.280710220336914]","[1.0, 1.0, 1.0, 1.0, 1.0, 1.0, 1.0, 1.0, 1.0, 1.0]",0.58135,0.016464233,inf,0.09153829,-4.27596,431.4137
