acceptance rate,gt in support,C2ST,MMD,KSD_GAUSS,MEDDIST,NLTP,RT
"[1.0, -0.21392324566841125, -0.31710314750671387, -0.4944091737270355, -0.4617196023464203, -0.6001532673835754, -0.6536079049110413, -0.7028963565826416, -0.7797797918319702, -0.7735719680786133]","[1.0, 1.0, 1.0, 1.0, 1.0, 1.0, 1.0, 1.0, 1.0, 1.0]",0.50495,0.003361702,2346823.0,23.895607,-8.429502,231.8204
