C2ST,C2ST_Z,MMD,MMD_Z,KSD_GAUSS,MEDDIST,C2ST_1K,C2ST_1K_Z,MMD_1K,MMD_1K_Z,KSD_GAUSS_1K,MEDDIST_1K,NLTP,RT
0.8891,0.87185,0.18675137,0.18548423,783302.4,2.0116363,0.8755,0.8815,0.18563539,0.18249178,78631.75,2.0061197,12.550125,83.64817
