C2ST,C2ST_Z,MMD,MMD_Z,KSD_GAUSS,MEDDIST,C2ST_1K,C2ST_1K_Z,MMD_1K,MMD_1K_Z,KSD_GAUSS_1K,MEDDIST_1K,NLTP,RT
0.57205,0.559,0.0041531324,0.0041760206,18570.707,1.4910452,0.56,0.556,0.0053726435,0.005428791,2317.1055,1.4981282,0.05036354,120.15121
