acceptance rate,gt in support,iw var,C2ST,MMD,MEDDIST,NLTP,RT
"[1.0, -0.2570785582065582, -0.26078376173973083, -0.28512561321258545, -0.3761995732784271, -0.3455667495727539, -0.4337196946144104, -0.3738992512226105, -0.4226997196674347, -0.41532963514328003]","[1.0, 0.9998999834060669, 1.0, 1.0, 0.9998999834060669, 1.0, 0.9998999834060669, 1.0, 0.9998999834060669, 0.9998999834060669]","[0.0, 1.531109639074657e-08, 1.718652775650753e-08, 1.7748076786006095e-08, 1.4446107421406396e-08, 1.8102722876278676e-08, 1.6619594589428743e-08, 1.6695063109750663e-08, 1.8009423286002857e-08, 1.6455709683782516e-08]",0.77185,0.0029025078,11.683977,2.8573744,28097.443
