acceptance rate,gt in support,C2ST,MMD,MEDDIST,NLTP,RT
"[1.0, -0.3002200424671173, -0.3610118329524994, -0.7254957556724548, -1.107905387878418, -1.0829795598983765, -1.7794631719589233, -2.0677952766418457, -2.0257508754730225, -2.487553119659424]","[1.0, 1.0, 1.0, 1.0, 1.0, 1.0, 1.0, 1.0, 1.0, 1.0]",0.89985,0.43536592,25.141474,-17.093533,5706.604
