acceptance rate,gt in support,iw var,C2ST,MMD,MEDDIST,NLTP,RT
"[1.0, -0.22231951355934143, -0.2460724115371704, -0.34720590710639954, -0.5187366008758545, -0.4744800925254822, -0.4897902309894562, -1.0846407413482666, -1.1549019813537598, -1.209963321685791]","[1.0, 1.0, 1.0, 1.0, 1.0, 1.0, 1.0, 1.0, 1.0, 1.0]","[0.0, 1.7991148126839107e-08, 1.8483738983832154e-08, 1.7380878958306312e-08, 1.7341772462486915e-08, 1.6444815287286474e-08, 1.7559697695901377e-08, 2.0027384195486775e-08, 1.566509233441593e-08, 1.7398766871679072e-08]",0.5006,0.0024837255,21.307276,-9.122774,16403.744
