acceptance rate,gt in support,C2ST,MMD,MEDDIST,NLTP,RT
"[1.0, -0.025649545714259148, -0.16989272832870483, -0.6931891441345215, -0.657774806022644, -0.8655439615249634, -1.009863018989563, -1.154158115386963, -1.1838001012802124, -1.2062506675720215]","[1.0, 0.95660001039505, 0.9355000257492065, 0.9003000259399414, 0.9204999804496765, 0.9309999942779541, 0.9235000014305115, 0.9142000079154968, 0.9226999878883362, 0.9240999817848206]",0.8879,0.2971787,13.466026,6.5479345,220.68324
