acceptance rate,gt in support,C2ST,MMD,MEDDIST,NLTP,RT
"[1.0, -0.19162021577358246, -0.38898515701293945, -0.5946109294891357, -0.6342500448226929, -0.9220671057701111, -1.0382338762283325, -1.1094499826431274, -1.2099218368530273, -1.3325470685958862]","[1.0, 1.0, 1.0, 1.0, 1.0, 1.0, 1.0, 1.0, 1.0, 1.0]",0.93105,0.22393835,17.033813,-16.007093,1041.1617
