acceptance rate,gt in support,C2ST,MMD,MEDDIST,NLTP,RT
"[1.0, 1.0, 1.0, 1.0, 1.0, 1.0, 1.0, 1.0, 1.0, 1.0]","[1.0, 0.998199999332428, 0.9965000152587891, 0.9940999746322632, 0.9950000047683716, 0.9962000250816345, 0.9922000169754028, 0.9959999918937683, 0.9955999851226807, 0.9933000206947327]",0.7572,0.048995852,1.7310255,2.3369408,234.47766
