acceptance rate,gt in support,C2ST,MMD,KSD_GAUSS,MEDDIST,NLTP,RT
"[1.0, -1.4518860578536987, -1.5756772756576538, -1.6676905155181885, -1.671924114227295, -1.6501399278640747, -1.7171257734298706, -1.6694567203521729, -1.677436113357544, -1.6710134744644165]","[1.0, 1.0, 1.0, 1.0, 1.0, 1.0, 1.0, 1.0, 1.0, 1.0]",0.5642,0.021566033,116614.03,12.973013,1.1278954,1361.6699
