acceptance rate,gt in support,C2ST,MMD,MEDDIST,NLTP,RT
"[1.0, -0.0249590165913105, -0.06984087079763412, -0.13554826378822327, -0.14185398817062378, -0.673090934753418, -0.6345120072364807, -0.6488223671913147, -0.6437063813209534, -0.6686537265777588]","[1.0, 1.0, 1.0, 1.0, 0.9998999834060669, 0.9991000294685364, 0.9994999766349792, 0.9998999834060669, 0.9998999834060669, 1.0]",0.86285,0.14177686,16.894924,3.0380945,180.04594
