acceptance rate,gt in support,C2ST,MMD,MEDDIST,NLTP,RT
"[1.0, -1.3678803443908691, -1.3960332870483398, -1.409106731414795, -1.4967201948165894, -1.548043131828308, -1.5546553134918213, -1.5505644083023071, -1.567160725593567, -1.6469604969024658]","[1.0, 1.0, 1.0, 1.0, 1.0, 0.9998000264167786, 1.0, 1.0, 1.0, 1.0]",0.53605,0.0048230886,0.0911929,-3.456665,6397.883
