acceptance rate,gt in support,C2ST,MMD,MEDDIST,NLTP,RT
"[1.0, -1.4124184846878052, -1.3932318687438965, -1.4071402549743652, -1.4262261390686035, -1.4128072261810303, -1.468010425567627, -1.4955291748046875, -1.5602833032608032, -1.6177685260772705]","[1.0, 0.9997000098228455, 1.0, 1.0, 1.0, 1.0, 1.0, 0.9998999834060669, 0.9998999834060669, 0.9998000264167786]",0.5004,0.00018811226,0.08661018,-4.059026,3455.7373
