acceptance rate,gt in support,iw var,C2ST,MMD,MEDDIST,NLTP,RT
"[1.0, -0.00957235973328352, -0.02218499220907688, -0.07296346127986908, -0.5819888710975647, -0.5036932229995728, -0.9827579259872437, -0.8820661902427673, -0.7915202379226685, -0.9522493481636047]","[1.0, 1.0, 1.0, 1.0, 1.0, 1.0, 1.0, 1.0, 1.0, 1.0]","[0.0, 2.041995550428055e-08, 1.802137994388886e-08, 1.596743715026605e-08, 1.528020909802308e-08, 1.6024175764073334e-08, 1.6282534431866225e-08, 1.9049533506176886e-08, 1.558050222172369e-08, 1.5719963997185005e-08]",0.9928,0.54674023,72.59427,-11.307773,189.82153
