acceptance rate,gt in support,C2ST,MMD,MEDDIST,NLTP,RT
"[1.0, -0.026433464139699936, -0.048274051398038864, -0.1227726936340332, -0.1287190318107605, -0.4212462306022644, -0.399135947227478, -0.39415648579597473, -0.4556838572025299, -0.43191564083099365]","[1.0, 0.9972000122070312, 0.9932000041007996, 0.9882000088691711, 0.9897000193595886, 0.9965000152587891, 0.9966999888420105, 0.9972000122070312, 0.9977999925613403, 0.9977999925613403]",0.8882,0.07489562,11.132116,4.846287,375.25842
