acceptance rate,gt in support,C2ST,MMD,KSD_GAUSS,MEDDIST,NLTP,RT
"[1.0, -1.558071494102478, -1.9990888833999634, -2.2573747634887695, -2.3791701793670654, -2.6036183834075928, -2.4506587982177734, -2.8660967350006104, -2.8153605461120605, -2.7919576168060303]","[1.0, 1.0, 1.0, 1.0, 1.0, 1.0, 1.0, 1.0, 1.0, 1.0]",0.8955,0.30048558,223118160.0,7.2828712,-14.558473,4763.112
