acceptance rate,gt in support,C2ST,MMD,MEDDIST,NLTP,RT
"[1.0, 1.0, 1.0, 1.0, 1.0, 1.0, 1.0, 1.0, 1.0, 1.0]","[1.0, 1.0, 1.0, 1.0, 1.0, 1.0, 0.9998000264167786, 0.9998000264167786, 0.9998999834060669, 0.9994999766349792]",0.5856,0.014955044,14.9997015,-1.401804,1185.4432
