C2ST,C2ST_Z,MMD,MMD_Z,KSD_GAUSS,MEDDIST,C2ST_1K,C2ST_1K_Z,MMD_1K,MMD_1K_Z,KSD_GAUSS_1K,MEDDIST_1K,NLTP,RT
0.6594,0.6291,0.010083437,0.010156751,43412.85,1.601069,0.629,0.6265,0.008397937,0.008830428,4127.015,1.6023879,-2.4204464,110.66808
