acceptance rate,gt in support,iw var,C2ST,MMD,MEDDIST,NLTP,RT
"[1.0, -0.0013484203955158591, -0.0032257449347525835, -0.004189387429505587, -0.004715893883258104, -0.004847646690905094, -0.11294563859701157, -0.19348086416721344, -0.16698047518730164, -0.1903056651353836]","[1.0, 0.9988999962806702, 0.9988999962806702, 0.9986000061035156, 0.9987000226974487, 0.9990000128746033, 0.9904999732971191, 0.9864000082015991, 0.9891999959945679, 0.9896000027656555]","[0.0, 381.19976806640625, 388.6781005859375, 387.0268249511719, 384.3689880371094, 386.0404968261719, 384.399169921875, 390.25018310546875, 385.06805419921875, 382.9024963378906]",0.7651,0.03754139,1.660043,2.9149551,216.69022
