acceptance rate,gt in support,C2ST,MMD,KSD_GAUSS,MEDDIST,NLTP,RT
"[1.0, -0.17379558086395264, -0.341448038816452, -0.39318886399269104, -0.749539315700531, -0.7856860756874084, -1.331868290901184, -1.1938199996948242, -1.4298031330108643, -1.76920485496521]","[1.0, 1.0, 1.0, 1.0, 1.0, 1.0, 1.0, 1.0, 1.0, 1.0]",0.9737,0.50673103,478592100.0,28.4785,-15.311107,464.11276
