acceptance rate,gt in support,C2ST,MMD,KSD_GAUSS,MEDDIST,NLTP,RT
"[1.0, -0.019678423181176186, -0.018362581729888916, -0.031400326639413834, -0.026525771245360374, -0.33967217803001404, -0.3863695561885834, -0.6784844398498535, -1.0181814432144165, -1.2194708585739136]","[1.0, 0.43059998750686646, 0.5800999999046326, 0.9217000007629395, 0.9569000005722046, 0.7942000031471252, 0.6843000054359436, 0.6328999996185303, 0.847000002861023, 0.6492999792098999]",0.9993,0.67352426,3213750800.0,53.522835,1.0252303,111.65362
