acceptance rate,gt in support,C2ST,MMD,MEDDIST,NLTP,RT
"[1.0, -0.2462254911661148, -0.570853590965271, -0.6201146245002747, -0.6033474206924438, -0.8386319875717163, -0.9540688395500183, -0.9912295341491699, -1.0302029848098755, -1.0491485595703125]","[1.0, 1.0, 1.0, 1.0, 1.0, 1.0, 1.0, 1.0, 1.0, 1.0]",0.97285,0.55819803,23.93998,-11.370683,875.7995
