C2ST,C2ST_Z,MMD,MMD_Z,KSD_GAUSS,MEDDIST,C2ST_1K,C2ST_1K_Z,MMD_1K,MMD_1K_Z,KSD_GAUSS_1K,MEDDIST_1K,NLTP,RT
0.5466,0.5379,0.004506111,0.004508376,19365.291,1.5869862,0.5385,0.5325,0.004532218,0.0045154095,2155.5154,1.5904167,1.7435837,709.4199
