C2ST,C2ST_Z,MMD,MMD_Z,KSD_GAUSS,MEDDIST,C2ST_1K,C2ST_1K_Z,MMD_1K,MMD_1K_Z,KSD_GAUSS_1K,MEDDIST_1K,NLTP,RT
0.8895,0.88805,0.12775677,0.15195829,308604470000.0,3.318267,0.8345,0.8435,0.11400545,0.13916606,33893925000.0,3.3795838,2.514635,250.42252
