C2ST,C2ST_Z,MMD,MMD_Z,KSD_GAUSS,MEDDIST,C2ST_1K,C2ST_1K_Z,MMD_1K,MMD_1K_Z,KSD_GAUSS_1K,MEDDIST_1K,NLTP,RT
0.4953,0.53175,0.0024607182,0.0026273727,637825.06,27.404379,0.4835,0.543,0.006208062,0.0066742897,295422.34,27.340445,-8.850042,9564.023
