acceptance rate,gt in support,C2ST,MMD,MEDDIST,NLTP,RT
"[1.0, 1.0, 1.0, 1.0, 1.0, 1.0, 1.0, 1.0, 1.0, 1.0]","[1.0, 0.9991999864578247, 1.0, 1.0, 0.9998999834060669, 1.0, 1.0, 1.0, 0.9998999834060669, 0.9998000264167786]",0.81815,0.38809034,24.474476,1.7818422,150.17104
