acceptance rate,gt in support,C2ST,MMD,MEDDIST,NLTP,RT
"[1.0, -0.006453558336943388, -0.031960926949977875, -0.27014705538749695, -0.2542228102684021, -0.4024876356124878, -0.6960699558258057, -0.7675969004631042, -0.8445121645927429, -0.8129630088806152]","[1.0, 1.0, 1.0, 1.0, 1.0, 1.0, 1.0, 1.0, 1.0, 1.0]",0.9217,0.5398339,48.72884,-4.0159707,2162.893
