acceptance rate,gt in support,C2ST,MMD,KSD_GAUSS,MEDDIST,NLTP,RT
"[1.0, -0.43313056230545044, -0.47629687190055847, -0.5847344398498535, -0.6073733568191528, -0.6946916580200195, -0.747430145740509, -0.6998757123947144, -0.8580018877983093, -0.8634775876998901]","[1.0, 0.996999979019165, 0.9998999834060669, 1.0, 1.0, 0.9998000264167786, 0.9998000264167786, 0.9998000264167786, 0.9998000264167786, 0.9998000264167786]",0.84635,0.025143266,75294.33,19.428894,3.862312,3646.5085
