acceptance rate,gt in support,C2ST,MMD,MEDDIST,NLTP,RT
"[1.0, -0.012803156860172749, -0.020337840542197227, -0.019792035222053528, -0.06961139291524887, -0.0995236337184906, -0.1458762288093567, -0.26837095618247986, -0.42143717408180237, -0.44257301092147827]","[1.0, 1.0, 1.0, 1.0, 1.0, 1.0, 1.0, 1.0, 1.0, 1.0]",0.98955,0.5378134,43.08163,-10.287456,567.019
