acceptance rate,gt in support,C2ST,MMD,MEDDIST,NLTP,RT
"[1.0, -0.01434903871268034, -0.026872146874666214, -0.9082158207893372, -0.9808421730995178, -1.4701420068740845, -1.5907607078552246, -1.6732375621795654, -1.6733654737472534, -1.7128013372421265]","[1.0, 1.0, 1.0, 1.0, 1.0, 1.0, 0.9998999834060669, 0.9998999834060669, 0.9998999834060669, 0.9998999834060669]",0.50035,0.010251045,18.248287,-6.89352,418.0979
