acceptance rate,gt in support,C2ST,MMD,MEDDIST,NLTP,RT
"[1.0, -0.982841432094574, -1.0038068294525146, -1.1535804271697998, -1.2028189897537231, -1.214084267616272, -1.2255688905715942, -1.2632261514663696, -1.2611360549926758, -1.2713472843170166]","[1.0, 1.0, 1.0, 1.0, 1.0, 1.0, 1.0, 1.0, 1.0, 1.0]",0.6258,0.047739983,20.92845,-3.6040533,6883.663
