acceptance rate,gt in support,C2ST,MMD,MEDDIST,NLTP,RT
"[1.0, -0.007755863014608622, -0.035269081592559814, -0.26444104313850403, -0.4434562623500824, -0.7153061032295227, -0.7332196831703186, -0.8471004366874695, -1.0816470384597778, -1.04603910446167]","[1.0, 0.9991000294685364, 0.9955000281333923, 0.982699990272522, 0.9729999899864197, 0.9599999785423279, 0.972100019454956, 0.9721999764442444, 0.9711999893188477, 0.9753000140190125]",0.862,0.20459163,12.562109,9.961673,7479.205
