acceptance rate,gt in support,iw var,C2ST,MMD,MEDDIST,NLTP,RT
"[1.0, -0.006872533354908228, -0.00861886516213417, -0.0104834521189332, -0.0519050657749176, -0.08499611169099808, -0.1264469176530838, -0.32434383034706116, -0.38101109862327576, -0.5677926540374756]","[1.0, 1.0, 1.0, 1.0, 1.0, 1.0, 1.0, 1.0, 1.0, 1.0]","[0.0, 1.6264232627349884e-08, 1.6933906721305902e-08, 1.7094992088573235e-08, 1.738671784323742e-08, 1.7068845892254103e-08, 1.746236399924328e-08, 1.7580980227194232e-08, 1.626403900445439e-08, 1.5936493014123698e-08]",0.9886,0.54207885,118.53354,-10.120893,179.18402
