acceptance rate,gt in support,C2ST,MMD,KSD_GAUSS,MEDDIST,NLTP,RT
"[1.0, -0.8652254343032837, -0.9143130779266357, -1.0364696979522705, -1.1556470394134521, -1.2369465827941895, -1.2243252992630005, -1.2530200481414795, -1.3033524751663208, -1.2746042013168335]","[1.0, 1.0, 1.0, 0.9998000264167786, 1.0, 0.9997000098228455, 1.0, 1.0, 1.0, 1.0]",0.515,0.00031971931,inf,0.08983591,-3.5946364,288.7825
