acceptance rate,gt in support,C2ST,MMD,MEDDIST,NLTP,RT
"[1.0, -0.7578728199005127, -0.7306427359580994, -0.7713857889175415, -0.883516788482666, -0.7237679958343506, -0.8229172229766846, -0.9115882515907288, -0.8955129384994507, -0.993320107460022]","[1.0, 1.0, 1.0, 1.0, 1.0, 1.0, 1.0, 1.0, 1.0, 1.0]",0.49615,0.0024149418,20.976177,-8.794791,6542.745
