acceptance rate,gt in support,iw var,C2ST,MMD,MEDDIST,NLTP,RT
"[1.0, -1.2003579139709473, -1.1664279699325562, -1.16010320186615, -1.3023971319198608, -1.2981730699539185, -1.3221442699432373, -1.2725015878677368, -1.2660428285598755, -1.2797993421554565]","[1.0, 0.9700000286102295, 1.0, 1.0, 1.0, 1.0, 1.0, 1.0, 1.0, 1.0]","[0.0, 1.6774137634456565e-08, 1.9951086116520855e-08, 1.651517500533828e-08, 1.668792926068363e-08, 1.8309043170461337e-08, 1.649446623730455e-08, 1.8845856430971253e-08, 1.5800356578665742e-08, 1.7744490321547346e-08]",0.53335,0.006750703,0.09019779,-4.403029,766.4603
