acceptance rate,gt in support,C2ST,MMD,MEDDIST,NLTP,RT
"[1.0, -0.17548368871212006, -0.2321024090051651, -0.6059688329696655, -0.5456506609916687, -0.6595955491065979, -0.778473973274231, -0.7986028790473938, -0.8016178607940674, -0.9357500672340393]","[1.0, 1.0, 1.0, 1.0, 1.0, 1.0, 1.0, 1.0, 1.0, 0.9991999864578247]",0.59955,0.0027452707,0.09183112,-4.1792345,148.89249
