acceptance rate,gt in support,C2ST,MMD,KSD_GAUSS,MEDDIST,NLTP,RT
"[1.0, -0.00017375548486597836, -0.00015202900976873934, -0.0008694734424352646, -0.0025044004432857037, -0.001893304754048586, -0.0014355465536937118, -0.0027228686958551407, -0.003948262892663479, -0.0031382327433675528]","[1.0, 1.0, 1.0, 0.9998000264167786, 0.9998000264167786, 0.9998000264167786, 1.0, 0.9998000264167786, 0.9998000264167786, 1.0]",0.7565,0.047039986,164572.55,1.6131868,1.7268,337.08942
