C2ST,C2ST_Z,MMD,MMD_Z,KSD_GAUSS,MEDDIST,C2ST_1K,C2ST_1K_Z,MMD_1K,MMD_1K_Z,KSD_GAUSS_1K,MEDDIST_1K,NLTP,RT
0.50135,0.5021,0.00048029423,0.00048017502,inf,0.08862011,0.482,0.489,-0.00042450428,-0.0004246235,inf,0.0844456,-3.7119613,195.62259
