C2ST,C2ST_Z,MMD,MMD_Z,KSD_GAUSS,MEDDIST,C2ST_1K,C2ST_1K_Z,MMD_1K,MMD_1K_Z,KSD_GAUSS_1K,MEDDIST_1K,NLTP,RT
0.58745,0.65575,0.00073444843,0.0007343292,inf,0.08697766,0.4955,0.6545,0.0011277199,0.0011267662,inf,0.08297385,-3.5064511,92.517586
