acceptance rate,gt in support,C2ST,MMD,KSD_GAUSS,MEDDIST,NLTP,RT
"[1.0, -0.010639196261763573, -0.00764535553753376, -0.3989182710647583, -0.41755783557891846, -0.3323291838169098, -0.31951338052749634, -0.3169829845428467, -0.3858060836791992, -0.3242216408252716]","[1.0, 1.0, 1.0, 0.939300000667572, 0.9340999722480774, 0.9958000183105469, 0.9968000054359436, 0.9973000288009644, 0.9991999864578247, 0.9994999766349792]",0.91205,0.080590725,102915100000.0,23.858688,4.304392,440.14645
