acceptance rate,gt in support,iw var,C2ST,MMD,MEDDIST,NLTP,RT
"[1.0, -0.2135680466890335, -0.2931116223335266, -0.330497145652771, -0.4426130950450897, -0.4906294345855713, -0.5717031955718994, -0.6266465783119202, -0.6370654106140137, -0.7722417712211609]","[1.0, 1.0, 1.0, 1.0, 1.0, 1.0, 1.0, 1.0, 1.0, 1.0]","[0.0, 1.5316526713604617e-08, 1.7801003338036026e-08, 1.496547774593182e-08, 1.8883470787045553e-08, 1.56807082873911e-08, 1.6849995176926313e-08, 1.6741140029807866e-08, 1.7070536983965212e-08, 1.7228723336870644e-08]",0.7211,0.0042265654,0.088111565,-2.481851,154.24658
