acceptance rate,gt in support,C2ST,MMD,MEDDIST,NLTP,RT
"[1.0, -0.00941699743270874, -0.008596712723374367, -0.1404714435338974, -0.35340026021003723, -0.8669803142547607, -0.965652346611023, -0.9698862433433533, -0.9794315695762634, -1.0881869792938232]","[1.0, 1.0, 1.0, 1.0, 1.0, 1.0, 1.0, 1.0, 0.9998999834060669, 0.9998999834060669]",0.83945,0.36634776,33.143623,-4.0449815,200.39346
