acceptance rate,gt in support,C2ST,MMD,MEDDIST,NLTP,RT
"[1.0, 1.0, 1.0, 1.0, 1.0, 1.0, 1.0, 1.0, 1.0, 1.0]","[1.0, 0.9998000264167786, 0.9998999834060669, 1.0, 1.0, 1.0, 1.0, 0.9998999834060669, 1.0, 1.0]",0.51825,0.00052690506,0.0886544,-3.5140417,6308.827
