acceptance rate,gt in support,C2ST,MMD,MEDDIST,NLTP,RT
"[1.0, -0.4505062699317932, -0.6292279362678528, -0.7147428393363953, -0.7125715017318726, -0.7336506843566895, -0.7208275198936462, -0.7333763837814331, -0.6431331634521484, -0.6454306244850159]","[1.0, 0.9854999780654907, 0.9789000153541565, 0.9771000146865845, 0.983299970626831, 0.9829999804496765, 0.983299970626831, 0.9794999957084656, 0.9908000230789185, 0.9904999732971191]",0.57015,0.007664919,1.6112046,0.5703411,2413.0122
