C2ST,C2ST_Z,MMD,MMD_Z,KSD_GAUSS,MEDDIST,C2ST_1K,C2ST_1K_Z,MMD_1K,MMD_1K_Z,KSD_GAUSS_1K,MEDDIST_1K,NLTP,RT
0.5459,0.5719,0.004293561,0.0043096542,inf,0.08763938,0.5185,0.55,0.0031405687,0.0031425953,inf,0.08800757,-4.1107855,1850.831
