acceptance rate,gt in support,C2ST,MMD,KSD_GAUSS,MEDDIST,NLTP,RT
"[1.0, -0.001500922255218029, -0.0035759175661951303, -0.00421131681650877, -0.011307312175631523, -0.009261691011488438, -0.0084638437256217, -0.01099540013819933, -0.011708659119904041, -0.017434827983379364]","[1.0, 0.9998999834060669, 1.0, 1.0, 1.0, 1.0, 1.0, 1.0, 1.0, 1.0]",0.5498,0.002222538,6590.397,1.4029028,2.0689,254.44112
