acceptance rate,gt in support,C2ST,MMD,KSD_GAUSS,MEDDIST,NLTP,RT
"[1.0, -0.8703101277351379, -0.8876045346260071, -0.9117851257324219, -0.9077473282814026, -0.8627646565437317, -0.8969663977622986, -1.03334641456604, -1.0929608345031738, -1.0821714401245117]","[1.0, 1.0, 1.0, 1.0, 1.0, 1.0, 1.0, 0.9998999834060669, 0.9998999834060669, 0.9998999834060669]",0.55945,0.015866756,inf,0.08758774,-3.863991,1451.0922
