C2ST,C2ST_Z,MMD,MMD_Z,KSD_GAUSS,MEDDIST,C2ST_1K,C2ST_1K_Z,MMD_1K,MMD_1K_Z,KSD_GAUSS_1K,MEDDIST_1K,NLTP,RT
0.5003,0.599,0.017686725,0.01778698,2198229.5,24.351591,0.485,0.594,0.015807867,0.015876174,318368.16,24.052025,-9.134892,166.47214
