C2ST,C2ST_Z,MMD,MMD_Z,KSD_GAUSS,MEDDIST,C2ST_1K,C2ST_1K_Z,MMD_1K,MMD_1K_Z,KSD_GAUSS_1K,MEDDIST_1K,NLTP,RT
0.6281,0.6081,0.011527419,0.011477828,50851.7,1.6025715,0.58,0.5835,0.01204586,0.011864901,5944.081,1.6189964,3.1047783,146.12492
