acceptance rate,gt in support,C2ST,MMD,MEDDIST,NLTP,RT
"[1.0, 1.0, 1.0, 1.0, 1.0, 1.0, 1.0, 1.0, 1.0, 1.0]","[1.0, 0.9998999834060669, 0.9998999834060669, 0.9998999834060669, 0.9998999834060669, 0.9998999834060669, 0.9998999834060669, 0.9998999834060669, 0.9998000264167786, 0.9998000264167786]",0.5351,0.009349942,12.879011,1.2585058,11592.396
