acceptance rate,gt in support,C2ST,MMD,MEDDIST,NLTP,RT
"[1.0, -0.6384232640266418, -0.9356667995452881, -1.240248203277588, -1.3303028345108032, -1.6968472003936768, -1.744856834411621, -1.7793775796890259, -1.9405055046081543, -1.9389983415603638]","[1.0, 0.9991000294685364, 0.9987000226974487, 0.9944999814033508, 0.9932000041007996, 0.9857000112533569, 0.9846000075340271, 0.9824000000953674, 0.979200005531311, 0.9797000288963318]",0.80575,0.122036636,3.1868825,0.6895631,3707.2078
