acceptance rate,gt in support,C2ST,MMD,MEDDIST,NLTP,RT
"[1.0, -0.705754280090332, -0.8364127278327942, -1.2537118196487427, -1.194456696510315, -1.2988207340240479, -1.535212516784668, -1.570332646369934, -1.6111366748809814, -1.6124365329742432]","[1.0, 0.9359999895095825, 0.9778000116348267, 0.9732000231742859, 0.9847999811172485, 0.9843999743461609, 0.9878000020980835, 0.9891999959945679, 0.9890000224113464, 0.9908000230789185]",0.62495,0.056733847,10.281018,3.557704,8448.844
