acceptance rate,gt in support,iw var,C2ST,MMD,MEDDIST,NLTP,RT
"[1.0, -0.01657670922577381, -0.03734660521149635, -0.02814457006752491, -0.04205766320228577, -0.22723835706710815, -0.23014286160469055, -0.558776319026947, -0.45800498127937317, -0.4478186368942261]","[1.0, 0.9868000149726868, 0.9613000154495239, 0.9793000221252441, 0.9843999743461609, 0.9646000266075134, 0.963699996471405, 0.8070999979972839, 0.8858000040054321, 0.9103999733924866]","[0.0, 1.5168470923754285e-08, 1.656483661349739e-08, 1.5648501161535933e-08, 1.563998353049101e-08, 2.0495589225788535e-08, 2.4118090635738554e-08, 1.718271036565966e-08, 1.819245554202098e-08, 1.7568829946412734e-08]",0.969,0.14836204,20.582586,16.51419,1481.2024
