acceptance rate,gt in support,iw var,C2ST,MMD,MEDDIST,NLTP,RT
"[1.0, -0.25995326042175293, -0.26209208369255066, -0.3724634647369385, -0.37304404377937317, -0.37551161646842957, -0.4187331795692444, -0.6619022488594055, -0.6772846579551697, -0.691008985042572]","[1.0, 1.0, 1.0, 1.0, 1.0, 1.0, 1.0, 1.0, 1.0, 1.0]","[0.0, 1.7063985779941504e-08, 1.754609790793893e-08, 1.883922884360345e-08, 1.580826847202843e-08, 1.589024911652359e-08, 1.5841598255406097e-08, 1.695538998092161e-08, 1.6331194174767916e-08, 1.635173596525874e-08]",0.77665,0.00014972687,0.09465897,-3.961906,129.74374
