acceptance rate,gt in support,C2ST,MMD,MEDDIST,NLTP,RT
"[1.0, -0.604533851146698, -1.275120735168457, -1.6615867614746094, -2.411055564880371, -2.743858814239502, -2.7690300941467285, -2.934194564819336, -4.506004333496094, -4.594757080078125]","[1.0, 0.8652999997138977, 0.7929999828338623, 0.6258999705314636, 0.6776999831199646, 0.7081000208854675, 0.9222999811172485, 0.8303999900817871, 0.5715000033378601, 0.738099992275238]",0.84715,0.41346735,13.695955,-6.19653,13565.006
