acceptance rate,gt in support,C2ST,MMD,KSD_GAUSS,MEDDIST,NLTP,RT
"[1.0, -0.00804333109408617, -0.008530260063707829, -0.01824934221804142, -0.10372187942266464, -0.16405589878559113, -0.21499066054821014, -0.330032616853714, -0.4118030071258545, -0.6100546717643738]","[1.0, 1.0, 1.0, 1.0, 1.0, 1.0, 1.0, 1.0, 1.0, 1.0]",0.99695,0.55896616,988363840.0,49.446392,-6.6310763,111.86122
