C2ST,C2ST_Z,MMD,MMD_Z,KSD_GAUSS,MEDDIST,C2ST_1K,C2ST_1K_Z,MMD_1K,MMD_1K_Z,KSD_GAUSS_1K,MEDDIST_1K,NLTP,RT
0.7189,0.6762,0.02794826,0.027791977,94640.32,1.5682012,0.6575,0.66,0.025345206,0.025293589,9021.393,1.5769217,3.6343994,84.49416
