acceptance rate,gt in support,C2ST,MMD,MEDDIST,NLTP,RT
"[1.0, 1.0, 1.0, 1.0, 1.0, 1.0, 1.0, 1.0, 1.0, 1.0]","[1.0, 0.9993000030517578, 0.9997000098228455, 0.9998999834060669, 1.0, 0.9998000264167786, 0.9998999834060669, 0.9998999834060669, 1.0, 0.9998999834060669]",0.52945,0.00051414967,1.3690481,0.5502348,1011.4705
