acceptance rate,gt in support,C2ST,MMD,KSD_GAUSS,MEDDIST,NLTP,RT
"[1.0, -0.5815743803977966, -0.6190294027328491, -0.6858798861503601, -0.8409487009048462, -0.8811981081962585, -0.8447399139404297, -0.9945620894432068, -0.9793901443481445, -1.0269981622695923]","[1.0, 1.0, 1.0, 1.0, 1.0, 1.0, 1.0, 1.0, 1.0, 1.0]",0.51615,0.0014133453,inf,0.08659372,-2.3381734,1434.0004
