acceptance rate,gt in support,C2ST,MMD,MEDDIST,NLTP,RT
"[1.0, 1.0, 1.0, 1.0, 1.0, 1.0, 1.0, 1.0, 1.0, 1.0]","[1.0, 1.0, 1.0, 1.0, 0.9998999834060669, 1.0, 0.9998999834060669, 1.0, 1.0, 0.9998999834060669]",0.5216,0.0022058487,1.4265254,2.6163864,9337.865
