acceptance rate,gt in support,C2ST,MMD,KSD_GAUSS,MEDDIST,NLTP,RT
"[1.0, -0.32759425044059753, -0.6284149885177612, -0.7649347186088562, -0.8866835236549377, -0.9446641206741333, -0.9864465594291687, -0.9991756081581116, -1.012780785560608, -1.017276644706726]","[1.0, 1.0, 1.0, 1.0, 1.0, 1.0, 1.0, 1.0, 1.0, 1.0]",0.62025,0.054967403,1296015.8,21.236761,-4.6784625,1855.455
