acceptance rate,gt in support,C2ST,MMD,MEDDIST,NLTP,RT
"[1.0, -0.45846235752105713, -0.6860906481742859, -0.8275638818740845, -0.8065573573112488, -1.1330379247665405, -1.093167781829834, -1.0959506034851074, -1.2665070295333862, -1.226041555404663]","[1.0, 0.9810000061988831, 0.9990000128746033, 0.9962000250816345, 0.9995999932289124, 0.9925000071525574, 0.9944999814033508, 0.9958999752998352, 0.9990000128746033, 0.9994000196456909]",0.71815,0.008836865,22.446957,1.4914339,11444.208
