acceptance rate,gt in support,C2ST,MMD,MEDDIST,NLTP,RT
"[1.0, 1.0, 1.0, 1.0, 1.0, 1.0, 1.0, 1.0, 1.0, 1.0]","[1.0, 0.9954000115394592, 0.9962000250816345, 0.993399977684021, 0.9936000108718872, 0.9965000152587891, 0.998199999332428, 0.9959999918937683, 0.9977999925613403, 0.9979000091552734]",0.79905,0.08375144,1.77931,0.1276989,247.86176
