C2ST,C2ST_Z,MMD,MMD_Z,KSD_GAUSS,MEDDIST,C2ST_1K,C2ST_1K_Z,MMD_1K,MMD_1K_Z,KSD_GAUSS_1K,MEDDIST_1K,NLTP,RT
0.5729,0.57355,0.0006649494,0.00066387653,inf,0.093366206,0.499,0.4985,-0.00035130978,-0.0003515482,inf,0.09235395,-1.5424364,88.5696
