acceptance rate,gt in support,C2ST,MMD,MEDDIST,NLTP,RT
"[1.0, -0.8004798889160156, -1.1809910535812378, -1.221168041229248, -1.4621374607086182, -1.4854093790054321, -1.5721638202667236, -1.5920994281768799, -1.71930992603302, -1.7494088411331177]","[1.0, 0.9998000264167786, 0.9990000128746033, 0.9998000264167786, 0.9994999766349792, 0.9990000128746033, 0.9994000196456909, 0.9994000196456909, 0.9998999834060669, 0.9997000098228455]",0.50915,-2.5510788e-05,0.08571614,-4.3082657,3476.73
