C2ST,C2ST_Z,MMD,MMD_Z,KSD_GAUSS,MEDDIST,C2ST_1K,C2ST_1K_Z,MMD_1K,MMD_1K_Z,KSD_GAUSS_1K,MEDDIST_1K,NLTP,RT
0.49385,0.53215,0.0011874437,0.001237154,518713.2,21.236761,0.4825,0.507,-0.00028717518,-0.00025355816,131145.53,21.106867,-8.80912,1827.1301
