acceptance rate,gt in support,C2ST,MMD,KSD_GAUSS,MEDDIST,NLTP,RT
"[1.0, -0.6172627806663513, -0.7628753185272217, -1.097118854522705, -1.0767560005187988, -1.3963793516159058, -1.3812408447265625, -1.4621388912200928, -1.7210739850997925, -1.6405526399612427]","[1.0, 1.0, 1.0, 0.9998999834060669, 0.9998999834060669, 0.9997000098228455, 0.9998999834060669, 0.9998999834060669, 0.9998000264167786, 0.9998999834060669]",0.6145,0.02841568,93212.69,13.136944,1.9889317,235.21683
