C2ST,C2ST_Z,MMD,MMD_Z,KSD_GAUSS,MEDDIST,C2ST_1K,C2ST_1K_Z,MMD_1K,MMD_1K_Z,KSD_GAUSS_1K,MEDDIST_1K,NLTP,RT
0.7822,0.78685,0.023284197,0.05401969,304196.56,22.871075,0.767,0.759,0.022078395,0.05736077,14057.795,22.659248,6.774574,235.57622
