acceptance rate,gt in support,C2ST,MMD,KSD_GAUSS,MEDDIST,NLTP,RT
"[1.0, -1.0855348110198975, -1.143746018409729, -1.575634241104126, -1.7933454513549805, -1.9135099649429321, -1.9612330198287964, -2.0087738037109375, -2.2342708110809326, -2.307896375656128]","[1.0, 1.0, 1.0, 1.0, 1.0, 1.0, 1.0, 1.0, 1.0, 1.0]",0.84635,0.25118533,434758180.0,15.564623,-16.02369,3627.7017
