acceptance rate,gt in support,C2ST,MMD,KSD_GAUSS,MEDDIST,NLTP,RT
"[1.0, -0.0015662816585972905, -0.001457337406463921, -0.0013919943012297153, -0.0009565036161802709, -0.001697082188911736, -0.001893304754048586, -0.0011306422529742122, -0.0028102712240070105, -0.0023079016245901585]","[1.0, 1.0, 1.0, 1.0, 1.0, 0.9998999834060669, 0.9998999834060669, 0.9998999834060669, 1.0, 1.0]",0.9898,0.21031255,21093914000000.0,7.8498645,8.324188,180.68216
