acceptance rate,gt in support,C2ST,MMD,KSD_GAUSS,MEDDIST,NLTP,RT
"[1.0, -0.21634651720523834, -0.44960856437683105, -0.47690415382385254, -0.8986825942993164, -0.8699076175689697, -0.9188528060913086, -1.4813587665557861, -1.5443938970565796, -1.5117484331130981]","[1.0, 1.0, 1.0, 1.0, 1.0, 1.0, 1.0, 1.0, 1.0, 1.0]",0.59875,0.007734537,172703.67,15.140262,-2.4646282,477.29422
