acceptance rate,gt in support,C2ST,MMD,MEDDIST,NLTP,RT
"[1.0, -1.0094189643859863, -1.4851524829864502, -1.5719505548477173, -2.382687568664551, -2.3286800384521484, -2.5300259590148926, -2.5270657539367676, -2.50520396232605, -2.689718723297119]","[1.0, 0.9997000098228455, 0.9994999766349792, 0.9994999766349792, 0.9957000017166138, 0.9958999752998352, 0.993399977684021, 0.9941999912261963, 0.995199978351593, 0.9927999973297119]",0.58255,0.003617406,14.643608,-3.224701,1249.9318
