C2ST,C2ST_Z,MMD,MMD_Z,KSD_GAUSS,MEDDIST,C2ST_1K,C2ST_1K_Z,MMD_1K,MMD_1K_Z,KSD_GAUSS_1K,MEDDIST_1K,NLTP,RT
0.9645,0.96505,0.28152484,0.36772457,73780860000000.0,8.34973,0.9325,0.9265,0.25933266,0.33336073,9210646000000.0,8.354214,8.924504,363.40308
