acceptance rate,gt in support,C2ST,MMD,KSD_GAUSS,MEDDIST,NLTP,RT
"[1.0, -0.5450789332389832, -0.5819059610366821, -0.5388017296791077, -0.8290262222290039, -0.6904124021530151, -0.6689778566360474, -0.7319293022155762, -0.7273076772689819, -0.7525177597999573]","[1.0, 1.0, 1.0, 1.0, 1.0, 1.0, 1.0, 1.0, 1.0, 1.0]",0.50025,0.0011510849,329534.1,23.937418,-8.942276,1667.5698
