acceptance rate,gt in support,C2ST,MMD,MEDDIST,NLTP,RT
"[1.0, 1.0, 1.0, 1.0, 1.0, 1.0, 1.0, 1.0, 1.0, 1.0]","[1.0, 0.9998000264167786, 0.9998999834060669, 0.9998999834060669, 0.9998999834060669, 0.9998000264167786, 0.9995999932289124, 0.9997000098228455, 0.9995999932289124, 0.9997000098228455]",0.5354,0.009009957,11.673546,5.9983873,11601.706
