acceptance rate,gt in support,C2ST,MMD,KSD_GAUSS,MEDDIST,NLTP,RT
"[1.0, -0.0021332905162125826, -0.008353129029273987, -0.0074023050256073475, -0.04107794165611267, -0.03675537928938866, -0.2875186502933502, -0.2878977358341217, -0.26197296380996704, -0.3030032813549042]","[1.0, 1.0, 1.0, 1.0, 1.0, 1.0, 1.0, 1.0, 1.0, 1.0]",0.92265,0.2689764,66320.52,20.37482,4.1018896,251.03987
