acceptance rate,gt in support,C2ST,MMD,KSD_GAUSS,MEDDIST,NLTP,RT
"[1.0, -1.6248682737350464, -2.140589475631714, -2.2136728763580322, -2.187086582183838, -2.1575381755828857, -2.2076516151428223, -2.154555082321167, -2.3246021270751953, -2.2753775119781494]","[1.0, 1.0, 0.9995999932289124, 0.9997000098228455, 0.9998000264167786, 0.9998000264167786, 0.9997000098228455, 0.9998000264167786, 0.9997000098228455, 0.9998000264167786]",0.53775,0.003292203,170910.31,14.935482,-2.2062283,1922.2063
