acceptance rate,gt in support,C2ST,MMD,MEDDIST,NLTP,RT
"[1.0, -0.08929558843374252, -0.19538360834121704, -0.3671042323112488, -0.5818644762039185, -1.0912675857543945, -1.0930023193359375, -1.3036019802093506, -1.4297598600387573, -1.676060676574707]","[1.0, 1.0, 1.0, 1.0, 1.0, 0.9997000098228455, 0.9998999834060669, 0.9987000226974487, 0.9955999851226807, 0.9983000159263611]",0.994,0.49425578,26.276337,-9.491468,795.70807
