C2ST,C2ST_Z,MMD,MMD_Z,KSD_GAUSS,MEDDIST,C2ST_1K,C2ST_1K_Z,MMD_1K,MMD_1K_Z,KSD_GAUSS_1K,MEDDIST_1K,NLTP,RT
0.89835,0.94965,0.3044016,0.32118773,388293300.0,25.211758,0.8275,0.9455,0.3024478,0.3211508,54069092.0,25.664104,-12.674984,3472.6907
