acceptance rate,gt in support,C2ST,MMD,KSD_GAUSS,MEDDIST,NLTP,RT
"[1.0, -0.0008912358316592872, -0.0008912358316592872, -0.00421131681650877, -0.003729203948751092, -0.003970180172473192, -0.00429901946336031, -0.008441698737442493, -0.00890690553933382, -0.005968951154500246]","[1.0, 1.0, 1.0, 0.9995999932289124, 0.9991999864578247, 0.9993000030517578, 0.9993000030517578, 0.9994000196456909, 0.9994000196456909, 0.9995999932289124]",0.7342,0.05172527,193807.44,1.5243658,0.7514248,73.584694
