acceptance rate,gt in support,C2ST,MMD,KSD_GAUSS,MEDDIST,NLTP,RT
"[1.0, -0.08144547045230865, -0.13525167107582092, -0.14855819940567017, -0.4223933219909668, -0.39570191502571106, -0.638498842716217, -0.7007833123207092, -0.6188488006591797, -0.6600717902183533]","[1.0, 0.9973000288009644, 0.9986000061035156, 0.9986000061035156, 0.9983000159263611, 0.9986000061035156, 0.9986000061035156, 0.9991000294685364, 0.9995999932289124, 0.9998000264167786]",0.83085,0.09456557,34851.156,14.741226,12.587051,76.99125
