C2ST,C2ST_Z,MMD,MMD_Z,KSD_GAUSS,MEDDIST,C2ST_1K,C2ST_1K_Z,MMD_1K,MMD_1K_Z,KSD_GAUSS_1K,MEDDIST_1K,NLTP,RT
0.8094,0.78255,0.090372324,0.09071183,373110.22,1.7994914,0.7675,0.773,0.09214616,0.09457493,38097.363,1.8020557,3.2942495,58.873764
