C2ST,C2ST_Z,MMD,MMD_Z,KSD_GAUSS,MEDDIST,C2ST_1K,C2ST_1K_Z,MMD_1K,MMD_1K_Z,KSD_GAUSS_1K,MEDDIST_1K,NLTP,RT
0.51695,0.58345,0.00089514256,0.000898242,inf,0.089722864,0.472,0.5875,0.0014785528,0.0014858246,inf,0.09368797,-3.5791166,200.13351
