acceptance rate,gt in support,C2ST,MMD,KSD_GAUSS,MEDDIST,NLTP,RT
"[1.0, -0.46285280585289, -0.4250046908855438, -0.7909447550773621, -0.860632598400116, -0.9684299826622009, -0.9719576835632324, -1.1390633583068848, -1.2310742139816284, -1.0861454010009766]","[1.0, 1.0, 1.0, 1.0, 1.0, 1.0, 1.0, 1.0, 1.0, 1.0]",0.51175,0.00017726421,inf,0.08846417,-4.085426,223.4941
