acceptance rate,gt in support,C2ST,MMD,MEDDIST,NLTP,RT
"[1.0, -0.8416805863380432, -1.0557641983032227, -1.177382469177246, -1.1654521226882935, -1.0665127038955688, -1.5440680980682373, -1.4257113933563232, -1.3799073696136475, -1.4644527435302734]","[1.0, 1.0, 1.0, 1.0, 1.0, 1.0, 1.0, 1.0, 1.0, 1.0]",0.5006,0.0025246143,21.400934,-8.956493,3126.7224
