C2ST,C2ST_Z,MMD,MMD_Z,KSD_GAUSS,MEDDIST,C2ST_1K,C2ST_1K_Z,MMD_1K,MMD_1K_Z,KSD_GAUSS_1K,MEDDIST_1K,NLTP,RT
0.97635,0.97395,0.17571127,0.4548152,84063810000000.0,19.948986,0.956,0.9515,0.17339599,0.45007944,7679885400000.0,19.881393,5.822947,335.9916
