acceptance rate,gt in support,iw var,C2ST,MMD,MEDDIST,NLTP,RT
"[1.0, -0.0025044004432857037, -0.0035759175661951303, -0.17678669095039368, -0.18916285037994385, -0.491773396730423, -0.5415509939193726, -0.7233850359916687, -0.6789818406105042, -0.782102644443512]","[1.0, 1.0, 1.0, 1.0, 1.0, 1.0, 1.0, 1.0, 1.0, 1.0]","[0.0, 4.873302282548675e-13, 5.367162877328857e-13, 1.735800218838346e-11, 1.1028043062077941e-11, 1.1361134255594152e-11, 8.86805646277411e-12, 1.621743364599304e-11, 1.291914665524363e-11, 2.208075562670775e-11]",0.56095,0.022693992,22.825424,-9.872651,1307.8645
