C2ST,C2ST_Z,MMD,MMD_Z,KSD_GAUSS,MEDDIST,C2ST_1K,C2ST_1K_Z,MMD_1K,MMD_1K_Z,KSD_GAUSS_1K,MEDDIST_1K,NLTP,RT
0.91335,0.97465,0.43328327,0.42098212,,30.844278,0.8815,0.9665,0.43654412,0.41982043,,30.507048,-11.662583,529.42535
