acceptance rate,gt in support,iw var,C2ST,MMD,MEDDIST,NLTP,RT
"[1.0, -1.3464518785476685, -3.1337714195251465, -3.4330427646636963, -2.2435195446014404, -1.798082947731018, -1.8855363130569458, -1.8075611591339111, -1.9856007099151611, -2.1495609283447266]","[1.0, 0.5925999879837036, 0.00019999999494757503, 0.31200000643730164, 0.9617999792098999, 1.0, 1.0, 1.0, 1.0, 1.0]","[0.0, 1.710537311794269e-08, 1.619529221841276e-08, 1.7408886776593135e-08, 1.5127945118820207e-08, 1.633746116169732e-08, 1.6753585185824704e-08, 1.6440093730807348e-08, 1.538872851369888e-08, 1.5345701598334927e-08]",0.9957,0.4721946,381.4349,-5.140067,1262.0983
