acceptance rate,gt in support,iw var,C2ST,MMD,MEDDIST,NLTP,RT
"[1.0, -0.005089244805276394, -0.006475602276623249, -0.019451258704066277, -0.03390522301197052, -0.028840187937021255, -0.030933724716305733, -0.05433451384305954, -0.05546800419688225, -0.0903637483716011]","[1.0, 0.9973000288009644, 0.9909999966621399, 0.9948999881744385, 0.9908000230789185, 0.9898999929428101, 0.9902999997138977, 0.988099992275238, 0.9890999794006348, 0.984000027179718]","[0.0, 1.9331819700596498e-08, 1.5657564134130553e-08, 1.7340624935968663e-08, 1.7601815116563557e-08, 1.885122102862624e-08, 1.6172647221424086e-08, 1.664815663104946e-08, 1.7188433787396207e-08, 1.8944776414286935e-08]",0.9398,0.089154124,24.869846,9.711829,5369.4272
