C2ST,C2ST_Z,MMD,MMD_Z,KSD_GAUSS,MEDDIST,C2ST_1K,C2ST_1K_Z,MMD_1K,MMD_1K_Z,KSD_GAUSS_1K,MEDDIST_1K,NLTP,RT
0.9147,0.914,0.029008865,0.16266519,37299864.0,19.619648,0.8665,0.859,0.029447675,0.17012835,26102.79,19.511652,8.043309,2495.9895
