acceptance rate,gt in support,C2ST,MMD,KSD_GAUSS,MEDDIST,NLTP,RT
"[1.0, -0.0047817653976380825, -0.00966115202754736, -0.020884333178400993, -0.2541837990283966, -0.25656864047050476, -0.2943500876426697, -0.33034226298332214, -0.5698040127754211, -0.6634202003479004]","[1.0, 1.0, 1.0, 1.0, 1.0, 1.0, 1.0, 1.0, 1.0, 1.0]",0.5007,0.013106942,1539715.9,22.394194,-8.892374,108.73412
