acceptance rate,gt in support,C2ST,MMD,MEDDIST,NLTP,RT
"[1.0, -0.779331624507904, -0.8033106923103333, -1.315496563911438, -1.68278968334198, -1.7279434204101562, -1.8205511569976807, -1.764814019203186, -2.082683801651001, -2.1297261714935303]","[1.0, 1.0, 1.0, 1.0, 1.0, 1.0, 1.0, 1.0, 1.0, 1.0]",0.9838,0.53847826,29.166061,-12.1318445,635.0429
