acceptance rate,gt in support,C2ST,MMD,MEDDIST,NLTP,RT
"[1.0, 1.0, 1.0, 1.0, 1.0, 1.0, 1.0, 1.0, 1.0, 1.0]","[1.0, 0.9976000189781189, 0.9976000189781189, 0.9973000288009644, 0.9966999888420105, 0.9976000189781189, 0.9984999895095825, 0.9986000061035156, 0.9998999834060669, 0.9995999932289124]",0.9916,0.06790829,26.5677,4.7688155,253.35345
