acceptance rate,gt in support,C2ST,MMD,MEDDIST,NLTP,RT
"[1.0, 1.0, 1.0, 1.0, 1.0, 1.0, 1.0, 1.0, 1.0, 1.0]","[1.0, 0.996999979019165, 0.9814000129699707, 0.9837999939918518, 0.9782000184059143, 0.9832000136375427, 0.9776999950408936, 0.9760000109672546, 0.9624000191688538, 0.9909999966621399]",0.8268,0.030292273,25.69179,5.6651387,1041.6772
