acceptance rate,gt in support,C2ST,MMD,KSD_GAUSS,MEDDIST,NLTP,RT
"[1.0, -1.2210404872894287, -1.224410891532898, -1.232102394104004, -1.4731009006500244, -1.475792407989502, -1.5124331712722778, -1.4890660047531128, -1.504542350769043, -1.5575202703475952]","[1.0, 1.0, 1.0, 1.0, 1.0, 1.0, 1.0, 1.0, 1.0, 1.0]",0.56885,0.0031231642,inf,0.090153515,-3.7189143,1712.4229
