acceptance rate,gt in support,C2ST,MMD,MEDDIST,NLTP,RT
"[1.0, -1.914155125617981, -2.1447837352752686, -2.1706745624542236, -2.1916937828063965, -2.1180191040039062, -2.132324695587158, -2.1016807556152344, -2.07918119430542, -2.082568407058716]","[1.0, 0.9616000056266785, 0.954800009727478, 0.9567999839782715, 0.963699996471405, 0.9779000282287598, 0.9781000018119812, 0.9857000112533569, 0.9857000112533569, 0.9882000088691711]",0.55855,0.0028121471,10.246381,3.372178,5262.805
