acceptance rate,gt in support,iw var,C2ST,MMD,MEDDIST,NLTP,RT
"[1.0, -0.17999571561813354, -0.1808840036392212, -0.5589728951454163, -0.4573405086994171, -0.779742419719696, -0.759742021560669, -0.8133664727210999, -0.8215163946151733, -0.8008327484130859]","[1.0, 0.9635000228881836, 0.9965000152587891, 0.9973000288009644, 0.9987999796867371, 0.9905999898910522, 0.9914000034332275, 0.9955999851226807, 0.9969000220298767, 0.9980000257492065]","[0.0, 1.5771707495559895e-08, 1.7057001144848982e-08, 1.6271574310167125e-08, 1.53909205380387e-08, 1.6108520739521737e-08, 1.75704695237755e-08, 1.7856207179534067e-08, 1.8527238410115388e-08, 1.7787582962114357e-08]",0.77285,0.019017458,26.887516,3.8265014,5442.8774
