acceptance rate,gt in support,C2ST,MMD,MEDDIST,NLTP,RT
"[1.0, 1.0, 1.0, 1.0, 1.0, 1.0, 1.0, 1.0, 1.0, 1.0]","[1.0, 0.9916999936103821, 0.9908000230789185, 0.9886000156402588, 0.9901999831199646, 0.989300012588501, 0.9904999732971191, 0.9930999875068665, 0.992900013923645, 0.9932000041007996]",0.62985,0.0058453083,1.5647669,-3.019888,975.0234
