acceptance rate,gt in support,C2ST,MMD,MEDDIST,NLTP,RT
"[1.0, -0.007601149380207062, -0.00808758195489645, -0.008308878168463707, -0.006850469391793013, -0.008353129029273987, -0.022322125732898712, -0.024384401738643646, -0.02266516350209713, -0.026502713561058044]","[1.0, 0.9958000183105469, 0.995199978351593, 0.9947999715805054, 0.9965000152587891, 0.9961000084877014, 0.9932000041007996, 0.9932000041007996, 0.9939000010490417, 0.9941999912261963]",0.79585,0.09447861,1.7062039,9.796842,173.27536
