acceptance rate,gt in support,iw var,C2ST,MMD,MEDDIST,NLTP,RT
"[1.0, -0.16017644107341766, -0.2709973156452179, -0.9894033074378967, -1.0760223865509033, -0.8825215697288513, -1.0306264162063599, -0.9483758807182312, -1.0577439069747925, -1.1513183116912842]","[1.0, 1.0, 1.0, 1.0, 1.0, 1.0, 1.0, 1.0, 1.0, 1.0]","[0.0, 3.6828123016474645e-12, 7.942834757967976e-12, 2.6145923967546558e-11, 1.934750450127698e-11, 3.163063214128847e-11, 3.276374310745567e-11, 3.254271505048756e-11, 3.492741512678421e-11, 5.803513572488761e-11]",0.4934,0.00327456,20.952328,-8.766358,4171.6304
