acceptance rate,gt in support,C2ST,MMD,KSD_GAUSS,MEDDIST,NLTP,RT
"[1.0, -0.0021332905162125826, -0.002045998116955161, -0.005352964159101248, -0.009905469603836536, -0.007203578017652035, -0.008574560284614563, -0.007181497290730476, -0.012892612256109715, -0.012892612256109715]","[1.0, 1.0, 1.0, 1.0, 1.0, 1.0, 1.0, 1.0, 1.0, 1.0]",0.5701,0.0054768324,20172.781,1.4607003,4.189376,302.36066
