acceptance rate,gt in support,C2ST,MMD,MEDDIST,NLTP,RT
"[1.0, 1.0, 1.0, 1.0, 1.0, 1.0, 1.0, 1.0, 1.0, 1.0]","[1.0, 0.9998000264167786, 0.9998000264167786, 0.9995999932289124, 0.9995999932289124, 0.9995999932289124, 0.9997000098228455, 0.9995999932289124, 0.9995999932289124, 0.9995999932289124]",0.51565,0.0017825365,1.4278088,2.8726597,9603.089
