C2ST,C2ST_Z,MMD,MMD_Z,KSD_GAUSS,MEDDIST,C2ST_1K,C2ST_1K_Z,MMD_1K,MMD_1K_Z,KSD_GAUSS_1K,MEDDIST_1K,NLTP,RT
0.6378,0.6233,0.02055788,0.020593166,65301.84,1.4506972,0.628,0.6285,0.024877071,0.0249058,7799.823,1.4653351,-0.7020912,85.188
