C2ST,C2ST_Z,MMD,MMD_Z,KSD_GAUSS,MEDDIST,C2ST_1K,C2ST_1K_Z,MMD_1K,MMD_1K_Z,KSD_GAUSS_1K,MEDDIST_1K,NLTP,RT
0.5532,0.5535,0.013293147,0.013293266,inf,0.092586115,0.546,0.5435,0.008327484,0.008332491,inf,0.09652114,-3.1551561,179.67375
