acceptance rate,gt in support,C2ST,MMD,MEDDIST,NLTP,RT
"[1.0, -0.4678403437137604, -0.9270152449607849, -1.2624306678771973, -1.4650013446807861, -1.577099323272705, -1.766745686531067, -1.8301700353622437, -2.532060146331787, -2.7378571033477783]","[1.0, 1.0, 1.0, 1.0, 1.0, 1.0, 1.0, 1.0, 1.0, 1.0]",0.92965,0.36113188,7.861997,-13.149112,3880.4915
