C2ST,C2ST_Z,MMD,MMD_Z,KSD_GAUSS,MEDDIST,C2ST_1K,C2ST_1K_Z,MMD_1K,MMD_1K_Z,KSD_GAUSS_1K,MEDDIST_1K,NLTP,RT
0.56115,0.5995,0.0025078058,0.0024980307,inf,0.091756836,0.492,0.577,0.0026760101,0.0026575327,inf,0.09044556,-3.5034692,322.84363
