acceptance rate,gt in support,C2ST,MMD,MEDDIST,NLTP,RT
"[1.0, -0.010639196261763573, -0.01795504055917263, -0.027936095371842384, -0.04795866087079048, -0.045202918350696564, -0.2696215510368347, -0.267606258392334, -0.27748948335647583, -0.270511269569397]","[1.0, 0.9937999844551086, 0.9878000020980835, 0.9672999978065491, 0.963699996471405, 0.9456999897956848, 0.7922000288963318, 0.8331000208854675, 0.814300000667572, 0.8389999866485596]",0.9927,0.10347152,27.30661,6.9397087,4703.7266
