acceptance rate,gt in support,C2ST,MMD,KSD_GAUSS,MEDDIST,NLTP,RT
"[1.0, -1.4916807413101196, -1.2347455024719238, -1.4013357162475586, -1.5329207181930542, -1.6291900873184204, -1.7446413040161133, -1.8869141340255737, -1.7870395183563232, -1.8199511766433716]","[1.0, 1.0, 1.0, 1.0, 1.0, 1.0, 1.0, 1.0, 1.0, 1.0]",0.49295,0.003544569,421940.53,24.698177,-8.949876,282.92487
