acceptance rate,gt in support,C2ST,MMD,MEDDIST,NLTP,RT
"[1.0, -0.009550157934427261, -0.021865172311663628, -0.7778039574623108, -0.8166081309318542, -0.8697869181632996, -0.9251835346221924, -0.9912295341491699, -1.0283868312835693, -1.0642409324645996]","[1.0, 1.0, 1.0, 1.0, 1.0, 1.0, 1.0, 1.0, 1.0, 1.0]",0.6577,0.08973813,28.354895,-5.884159,189.4074
