acceptance rate,gt in support,C2ST,MMD,KSD_GAUSS,MEDDIST,NLTP,RT
"[1.0, -0.0011306422529742122, -0.004628107417374849, -0.0026791610289365053, -0.0035977899096906185, -0.005352964159101248, -0.021659689024090767, -0.029281310737133026, -0.038199372589588165, -0.038745079189538956]","[1.0, 0.9955000281333923, 0.9860000014305115, 0.9919000267982483, 0.9908999800682068, 0.9854999780654907, 0.9896000027656555, 0.9868999719619751, 0.9857000112533569, 0.9883999824523926]",0.80835,0.07218671,290116.44,1.7923235,-0.58221054,81.730606
