acceptance rate,gt in support,C2ST,MMD,MEDDIST,NLTP,RT
"[1.0, -1.7477859258651733, -1.9049813747406006, -1.9926056861877441, -2.0230965614318848, -2.0462749004364014, -2.020148277282715, -2.026311159133911, -2.008296251296997, -2.0191097259521484]","[1.0, 0.9848999977111816, 0.9922000169754028, 0.9937000274658203, 0.9944999814033508, 0.9955000281333923, 0.9966999888420105, 0.9973000288009644, 0.998199999332428, 0.998199999332428]",0.55695,0.012571931,10.087484,2.5209942,15865.984
