acceptance rate,gt in support,C2ST,MMD,MEDDIST,NLTP,RT
"[1.0, 1.0, 1.0, 1.0, 1.0, 1.0, 1.0, 1.0, 1.0, 1.0]","[1.0, 0.9825000166893005, 0.9958999752998352, 0.9984999895095825, 0.9977999925613403, 0.9980000257492065, 0.9987999796867371, 0.9991000294685364, 0.9991999864578247, 0.9994000196456909]",0.53415,0.00431633,10.677307,4.5718946,11746.978
