C2ST,C2ST_Z,MMD,MMD_Z,KSD_GAUSS,MEDDIST,C2ST_1K,C2ST_1K_Z,MMD_1K,MMD_1K_Z,KSD_GAUSS_1K,MEDDIST_1K,NLTP,RT
0.5422,0.5287,0.009742498,0.009540319,114629.5,13.11057,0.534,0.5245,0.012237549,0.012140393,11473.336,13.224593,1.4284382,2115.5488
