acceptance rate,gt in support,iw var,C2ST,MMD,MEDDIST,NLTP,RT
"[1.0, -0.010639196261763573, -0.621021032333374, -1.0259910821914673, -1.2347455024719238, -1.541167974472046, -1.538158655166626, -1.6192290782928467, -1.624570369720459, -1.5655174255371094]","[1.0, 1.0, 1.0, 1.0, 1.0, 1.0, 1.0, 1.0, 1.0, 1.0]","[0.0, 2.9639743350656778e-12, 3.639868267901747e-11, 3.5798308761769704e-11, 2.1919839207629188e-11, 1.6070674305201926e-11, 2.3979767824200415e-11, 1.8051919334349797e-11, 2.0164309458281515e-11, 3.265193670998201e-11]",0.50085,0.0034466982,18.027756,-6.9502535,4142.34
