acceptance rate,gt in support,C2ST,MMD,MEDDIST,NLTP,RT
"[1.0, -0.006894598715007305, -0.01126273162662983, -0.040743909776210785, -0.03765435144305229, -0.1803244799375534, -0.26700350642204285, -0.24968451261520386, -0.2483745515346527, -0.41680121421813965]","[1.0, 1.0, 1.0, 1.0, 1.0, 1.0, 1.0, 1.0, 1.0, 1.0]",0.9853,0.52780646,50.50027,-10.028051,556.5942
