acceptance rate,gt in support,iw var,C2ST,MMD,MEDDIST,NLTP,RT
"[1.0, -0.22098104655742645, -0.220367431640625, -0.24645526707172394, -0.3997896909713745, -0.3579973876476288, -0.41994979977607727, -0.44177156686782837, -0.5756493210792542, -0.6915636658668518]","[1.0, 0.9984999895095825, 0.9983999729156494, 0.9983999729156494, 0.9972000122070312, 0.9975000023841858, 0.9975000023841858, 0.9976000189781189, 0.9965000152587891, 0.9970999956130981]","[0.0, 1.7002106389440996e-08, 1.595941157006564e-08, 1.5045841905703128e-08, 1.68300129388399e-08, 2.0551340185193112e-08, 1.6767765842473636e-08, 1.7709801625187538e-08, 1.727982912314019e-08, 1.7333501745042668e-08]",0.7511,0.016749382,2.34371,2.6098797,30030.156
