acceptance rate,gt in support,C2ST,MMD,KSD_GAUSS,MEDDIST,NLTP,RT
"[1.0, -0.0011088679311797023, -0.0031382327433675528, -0.0030070235952734947, -0.0031163834501057863, -0.012199717573821545, -0.012132737785577774, -0.009439192712306976, -0.01768353208899498, -0.01790977269411087]","[1.0, 0.9995999932289124, 0.9994000196456909, 0.9993000030517578, 0.9993000030517578, 0.9994000196456909, 0.9993000030517578, 0.9994999766349792, 0.9991999864578247, 0.9995999932289124]",0.712,0.031729817,108470.375,1.5647888,3.0734596,64.09791
