acceptance rate,gt in support,C2ST,MMD,MEDDIST,NLTP,RT
"[1.0, -0.061930812895298004, -0.6018429398536682, -1.0487029552459717, -1.1382522583007812, -1.2658320665359497, -1.2941362857818604, -1.4874274730682373, -1.528320074081421, -1.6119160652160645]","[1.0, 0.9369999766349792, 0.8956000208854675, 0.8924999833106995, 0.9851999878883362, 0.984499990940094, 0.9832000136375427, 0.9819999933242798, 0.9835000038146973, 0.9819999933242798]",0.8191,0.0076407194,25.092718,1.1346877,454.66675
