C2ST,C2ST_Z,MMD,MMD_Z,KSD_GAUSS,MEDDIST,C2ST_1K,C2ST_1K_Z,MMD_1K,MMD_1K_Z,KSD_GAUSS_1K,MEDDIST_1K,NLTP,RT
0.742,0.7069,0.04714346,0.04714465,164496.92,1.615444,0.6975,0.695,0.048252225,0.04844439,16705.963,1.6086171,5.3766565,43.895004
