acceptance rate,gt in support,C2ST,MMD,MEDDIST,NLTP,RT
"[1.0, -0.09922337532043457, -0.08441553264856339, -0.11238272488117218, -0.5099712610244751, -0.5612204074859619, -0.752190351486206, -0.7998924851417542, -1.2311153411865234, -1.267690896987915]","[1.0, 0.9447000026702881, 0.9739000201225281, 0.9776999950408936, 0.9009000062942505, 0.9172999858856201, 0.9470999836921692, 0.9510999917984009, 0.9488000273704529, 0.9388999938964844]",0.8687,0.2515512,11.507987,11.452231,7620.4966
