C2ST,C2ST_Z,MMD,MMD_Z,KSD_GAUSS,MEDDIST,C2ST_1K,C2ST_1K_Z,MMD_1K,MMD_1K_Z,KSD_GAUSS_1K,MEDDIST_1K,NLTP,RT
0.85625,0.8333,0.15888947,0.1603229,35950.254,17.021782,0.8485,0.8295,0.15419728,0.15539104,3327.003,16.708778,5.1660376,88.62274
