acceptance rate,gt in support,iw var,C2ST,MMD,MEDDIST,NLTP,RT
"[1.0, -1.1488640308380127, -1.1729755401611328, -1.3016093969345093, -1.3910462856292725, -1.3726341724395752, -1.391730785369873, -1.4189062118530273, -1.4442579746246338, -1.425240159034729]","[1.0, 0.9987999796867371, 0.9998999834060669, 0.9998999834060669, 0.9998999834060669, 0.9998999834060669, 1.0, 1.0, 1.0, 1.0]","[0.0, 1.8353999209352878e-08, 1.550687223073055e-08, 1.516469616547056e-08, 2.3461026898985438e-08, 1.618608358455731e-08, 1.601720001076501e-08, 2.289113787412589e-08, 1.5718271129117056e-08, 1.794633064378104e-08]",0.4979,0.00012373924,0.08953464,-3.8747988,14131.813
