C2ST,C2ST_Z,MMD,MMD_Z,KSD_GAUSS,MEDDIST,C2ST_1K,C2ST_1K_Z,MMD_1K,MMD_1K_Z,KSD_GAUSS_1K,MEDDIST_1K,NLTP,RT
0.68425,0.6464,0.12771165,0.09295201,151970.69,11.018649,0.6965,0.6545,0.13437498,0.09879923,15242.818,11.013014,5.128744,241.19421
