acceptance rate,gt in support,C2ST,MMD,MEDDIST,NLTP,RT
"[1.0, -0.5573634505271912, -0.6466609239578247, -0.6759234070777893, -0.921180784702301, -0.9994357824325562, -1.023941993713379, -1.0368564128875732, -1.1601868867874146, -1.3692755699157715]","[1.0, 1.0, 1.0, 1.0, 1.0, 1.0, 1.0, 1.0, 1.0, 1.0]",0.52815,0.0063014627,0.08997966,-4.47552,6494.793
