acceptance rate,gt in support,C2ST,MMD,MEDDIST,NLTP,RT
"[1.0, -0.004233221057802439, -0.0036853947676718235, -0.02587994933128357, -0.04905129596590996, -0.1340673416852951, -0.12831033766269684, -0.18555262684822083, -0.21903499960899353, -0.28869903087615967]","[1.0, 1.0, 1.0, 1.0, 1.0, 1.0, 1.0, 1.0, 1.0, 1.0]",0.5035,0.015393257,24.207438,-8.978575,2157.7488
