C2ST,C2ST_Z,MMD,MMD_Z,KSD_GAUSS,MEDDIST,C2ST_1K,C2ST_1K_Z,MMD_1K,MMD_1K_Z,KSD_GAUSS_1K,MEDDIST_1K,NLTP,RT
0.5134,0.5079,0.0010004044,0.0009969473,3637.6582,1.4283915,0.5195,0.507,0.0013674498,0.0014104843,681.1324,1.4240248,3.35427,694.8621
