acceptance rate,gt in support,C2ST,MMD,MEDDIST,NLTP,RT
"[1.0, 1.0, 1.0, 1.0, 1.0, 1.0, 1.0, 1.0, 1.0, 1.0]","[1.0, 0.9994999766349792, 0.9970999956130981, 0.9993000030517578, 0.9997000098228455, 0.9997000098228455, 0.9994999766349792, 0.9995999932289124, 0.9997000098228455, 0.9998999834060669]",0.72725,0.006831169,22.756836,1.6498599,6420.979
