acceptance rate,gt in support,C2ST,MMD,MEDDIST,NLTP,RT
"[1.0, 1.0, 1.0, 1.0, 1.0, 1.0, 1.0, 1.0, 1.0, 1.0]","[1.0, 0.9994000196456909, 1.0, 1.0, 0.9998999834060669, 1.0, 0.9998999834060669, 1.0, 1.0, 1.0]",0.53485,0.0038061142,0.088253245,-4.1485496,615.00146
