C2ST,C2ST_Z,MMD,MMD_Z,KSD_GAUSS,MEDDIST,C2ST_1K,C2ST_1K_Z,MMD_1K,MMD_1K_Z,KSD_GAUSS_1K,MEDDIST_1K,NLTP,RT
0.5539,0.54875,0.003586173,0.0035959482,12464.514,1.4073687,0.533,0.534,0.004932523,0.004989147,1798.9072,1.4013586,1.1183662,116.616844
