acceptance rate,gt in support,C2ST,MMD,KSD_GAUSS,MEDDIST,NLTP,RT
"[1.0, -0.19551981985569, -0.27699607610702515, -0.5101118087768555, -0.597308874130249, -0.6395202279090881, -0.6626605987548828, -0.5628045797348022, -0.634699285030365, -0.690497636795044]","[1.0, 1.0, 1.0, 1.0, 1.0, 1.0, 1.0, 1.0, 1.0, 1.0]",0.5462,0.019353986,7803783.5,21.260292,-10.036527,225.3228
