acceptance rate,gt in support,C2ST,MMD,KSD_GAUSS,MEDDIST,NLTP,RT
"[1.0, -1.1137696504592896, -1.1602287292480469, -1.2142096757888794, -1.3024801015853882, -1.2994260787963867, -1.2540148496627808, -1.2692177295684814, -1.2687506675720215, -1.3791269063949585]","[1.0, 1.0, 1.0, 1.0, 1.0, 1.0, 1.0, 1.0, 1.0, 1.0]",0.54555,0.0029689074,inf,0.09028727,-4.09946,1749.2799
