C2ST,C2ST_Z,MMD,MMD_Z,KSD_GAUSS,MEDDIST,C2ST_1K,C2ST_1K_Z,MMD_1K,MMD_1K_Z,KSD_GAUSS_1K,MEDDIST_1K,NLTP,RT
0.9344,0.9381,0.103855014,0.23783123,328248680000000.0,20.88311,0.919,0.909,0.097305655,0.23806357,30576000000000.0,20.597965,16.483158,351.81894
