acceptance rate,gt in support,C2ST,MMD,MEDDIST,NLTP,RT
"[1.0, -1.387979507446289, -1.4098787307739258, -1.4687340259552002, -1.4901907444000244, -1.499969482421875, -1.5478726625442505, -1.5958079099655151, -1.598384141921997, -1.6256353855133057]","[1.0, 0.9969000220298767, 0.998199999332428, 1.0, 0.9993000030517578, 0.9998999834060669, 0.9998999834060669, 0.9998999834060669, 0.9998999834060669, 0.9998000264167786]",0.55415,0.011455059,0.08873655,-4.2839146,527.4155
