acceptance rate,gt in support,C2ST,MMD,KSD_GAUSS,MEDDIST,NLTP,RT
"[1.0, -0.015292714349925518, -0.019655698910355568, -0.09547380357980728, -0.10718216747045517, -0.140441432595253, -0.3137809634208679, -0.30466428399086, -0.3348882496356964, -0.3147958517074585]","[1.0, 0.9997000098228455, 0.9994999766349792, 0.993399977684021, 0.9957000017166138, 0.9914000034332275, 0.9977999925613403, 0.9972000122070312, 0.9980999827384949, 0.9984999895095825]",0.91065,0.11958504,466134.6,10.416861,5.9872785,258.7978
