C2ST,C2ST_Z,MMD,MMD_Z,KSD_GAUSS,MEDDIST,C2ST_1K,C2ST_1K_Z,MMD_1K,MMD_1K_Z,KSD_GAUSS_1K,MEDDIST_1K,NLTP,RT
0.511,0.50225,0.00063598156,0.00063574314,2299.1062,1.3059726,0.5215,0.515,0.0015829802,0.0015614033,608.2124,1.3181052,-0.7152386,714.1395
