acceptance rate,gt in support,iw var,C2ST,MMD,MEDDIST,NLTP,RT
"[1.0, -0.010705972090363503, -0.010527952574193478, -0.07932895421981812, -0.5814915895462036, -0.7820650935173035, -0.8632794618606567, -1.4131098985671997, -1.366531491279602, -1.3819937705993652]","[1.0, 1.0, 1.0, 1.0, 1.0, 1.0, 1.0, 1.0, 1.0, 1.0]","[0.0, 1.6126389112969264e-08, 1.8268883295036176e-08, 1.9423398001094938e-08, 1.8120934086596208e-08, 1.6102637445669643e-08, 1.7908600824512177e-08, 1.73894445509859e-08, 1.555289941279625e-08, 1.8027726866876037e-08]",0.5016,0.004316926,18.384777,-7.220053,15017.682
