acceptance rate,gt in support,iw var,C2ST,MMD,MEDDIST,NLTP,RT
"[1.0, -0.00941699743270874, -0.016531584784388542, -0.23972833156585693, -0.15162613987922668, -0.2031135857105255, -0.36967384815216064, -0.3523236811161041, -0.4645792543888092, -0.5901936292648315]","[1.0, 1.0, 1.0, 1.0, 1.0, 1.0, 1.0, 1.0, 1.0, 1.0]","[0.0, 8.220401898247076e-13, 7.154462569256004e-13, 1.052112130056626e-11, 6.749488988544439e-12, 1.2510137890886508e-11, 1.1414224600214684e-11, 6.483736290918696e-12, 1.3980481702868808e-11, 1.8017972530648407e-11]",0.48975,0.013260961,21.071308,-9.648675,1316.3541
