acceptance rate,gt in support,C2ST,MMD,KSD_GAUSS,MEDDIST,NLTP,RT
"[1.0, -0.0025699373800307512, -0.005968951154500246, -0.005001382436603308, -0.1355779469013214, -0.12433115392923355, -0.11639535427093506, -0.1360529512166977, -0.128193661570549, -0.09704576432704926]","[1.0, 0.9998000264167786, 0.9983999729156494, 0.9994999766349792, 1.0, 1.0, 1.0, 1.0, 1.0, 1.0]",0.8851,0.04899156,901936.7,11.615835,4.4586377,444.09995
