acceptance rate,gt in support,C2ST,MMD,MEDDIST,NLTP,RT
"[1.0, -0.006850469391793013, -0.015787843614816666, -0.03482184186577797, -0.2630460262298584, -0.2391253560781479, -0.23518896102905273, -0.21059560775756836, -0.2540668547153473, -0.2801717519760132]","[1.0, 0.9994999766349792, 0.9976000189781189, 0.9973000288009644, 0.9991999864578247, 0.9994000196456909, 0.9995999932289124, 0.9998999834060669, 0.9997000098228455, 0.9998000264167786]",0.87365,0.029082775,11.714453,4.319862,4204.319
