acceptance rate,gt in support,C2ST,MMD,MEDDIST,NLTP,RT
"[1.0, -0.8126001358032227, -0.9204570055007935, -1.4623488187789917, -2.4656100273132324, -2.631096601486206, -2.6389222145080566, -2.690065860748291, -3.2141401767730713, -3.2477996349334717]","[1.0, 1.0, 1.0, 1.0, 1.0, 1.0, 1.0, 1.0, 1.0, 1.0]",0.77435,0.11749065,29.88453,-16.902569,6380.682
