acceptance rate,gt in support,C2ST,MMD,MEDDIST,NLTP,RT
"[1.0, -2.788527727127075, -2.1003432273864746, -2.6181821823120117, -2.8142476081848145, -2.7181544303894043, -3.0669405460357666, -3.2354769706726074, -3.3123888969421387, -3.4498541355133057]","[1.0, 0.9401999711990356, 1.0, 1.0, 1.0, 1.0, 1.0, 1.0, 1.0, 1.0]",0.7088,0.07932109,126.6375,-15.385102,4983.66
