acceptance rate,gt in support,C2ST,MMD,KSD_GAUSS,MEDDIST,NLTP,RT
"[1.0, -0.5482136011123657, -0.6055833697319031, -1.231279730796814, -1.6852731704711914, -1.6992255449295044, -1.8008278608322144, -1.814706802368164, -2.3947253227233887, -2.402773141860962]","[1.0, 1.0, 1.0, 1.0, 1.0, 1.0, 1.0, 1.0, 1.0, 1.0]",0.96695,0.48692918,640611800.0,11.402298,-12.351222,612.4626
