acceptance rate,gt in support,C2ST,MMD,MEDDIST,NLTP,RT
"[1.0, 1.0, 1.0, 1.0, 1.0, 1.0, 1.0, 1.0, 1.0, 1.0]","[1.0, 0.9990000128746033, 0.9987000226974487, 0.9990000128746033, 0.9986000061035156, 0.9983999729156494, 0.9980000257492065, 0.9988999962806702, 0.9988999962806702, 0.9993000030517578]",0.74985,0.063617945,1.6252768,8.009011,222.2872
