acceptance rate,gt in support,C2ST,MMD,KSD_GAUSS,MEDDIST,NLTP,RT
"[1.0, -0.008131837472319603, -0.006872533354908228, -0.01003878004848957, -0.025557396933436394, -0.7212845087051392, -0.8308295607566833, -0.9591208696365356, -0.9034761786460876, -0.9011832475662231]","[1.0, 1.0, 1.0, 1.0, 1.0, 1.0, 1.0, 1.0, 0.9997000098228455, 0.9984999895095825]",0.5004,0.05050659,2349276.5,18.654758,-5.1394897,131.61157
