acceptance rate,gt in support,iw var,C2ST,MMD,MEDDIST,NLTP,RT
"[1.0, -1.6110068559646606, -1.5462146997451782, -1.5592610836029053, -1.547064185142517, -1.6815108060836792, -1.6408547163009644, -1.6397768259048462, -1.7073097229003906, -1.6918625831604004]","[1.0, 0.9824000000953674, 0.9973000288009644, 0.9987000226974487, 0.9988999962806702, 0.9994999766349792, 0.9994999766349792, 0.9997000098228455, 0.9991999864578247, 0.9997000098228455]","[0.0, 1.5835857070101156e-08, 1.54128994012126e-08, 1.59812714173313e-08, 1.650913183937064e-08, 1.5605449377176228e-08, 2.104656715573583e-08, 1.91267961469066e-08, 1.6567577532100586e-08, 2.013213240559253e-08]",0.5546,0.0035357475,9.942512,3.9351225,16766.967
