acceptance rate,gt in support,C2ST,MMD,KSD_GAUSS,MEDDIST,NLTP,RT
"[1.0, -0.018204044550657272, -0.07032568752765656, -0.08494332432746887, -0.09385359287261963, -0.12070339173078537, -0.12968392670154572, -0.1498134285211563, -0.1759067326784134, -0.1861189305782318]","[1.0, 0.9970999956130981, 0.9951000213623047, 0.9944000244140625, 0.9973000288009644, 0.9958000183105469, 0.9959999918937683, 0.9979000091552734, 0.9968000054359436, 0.9962000250816345]",0.62665,0.01308167,55871.33,1.6397028,4.912163,129.72504
