acceptance rate,gt in support,iw var,C2ST,MMD,MEDDIST,NLTP,RT
"[1.0, -0.0027884384617209435, -0.002657308941707015, -0.023122960701584816, -0.48888570070266724, -0.41360026597976685, -0.6513057947158813, -0.6846595406532288, -0.6834425926208496, -0.7342390418052673]","[1.0, 1.0, 1.0, 1.0, 1.0, 1.0, 1.0, 1.0, 1.0, 1.0]","[0.0, 4.416587335112111e-14, 4.553941520212511e-14, 1.4496412967593408e-12, 2.1615294623633652e-11, 2.6055846716332987e-11, 2.0080147614121024e-11, 1.5873746761485563e-11, 1.649039758910842e-11, 1.2027993184782204e-11]",0.68325,0.115229964,28.25774,-5.818857,1292.0988
