acceptance rate,gt in support,iw var,C2ST,MMD,MEDDIST,NLTP,RT
"[1.0, -1.2274625301361084, -0.8651458024978638, -0.9517308473587036, -0.8772109150886536, -0.9564412832260132, -1.346158504486084, -1.3341206312179565, -1.4468107223510742, -1.3326319456100464]","[1.0, 0.927299976348877, 0.9993000030517578, 0.9998999834060669, 1.0, 0.9998000264167786, 0.9987000226974487, 0.9990000128746033, 0.9988999962806702, 0.9990000128746033]","[0.0, 1.8189155071013374e-08, 1.8372585230963523e-08, 1.6377720513105487e-08, 1.6790169254932152e-08, 1.6321367368732353e-08, 1.7911149896576717e-08, 1.8223190068056283e-08, 2.1505963232471004e-08, 1.672539973185394e-08]",0.8617,0.020762801,29.515072,10.88826,36769.77
