C2ST,C2ST_Z,MMD,MMD_Z,KSD_GAUSS,MEDDIST,C2ST_1K,C2ST_1K_Z,MMD_1K,MMD_1K_Z,KSD_GAUSS_1K,MEDDIST_1K,NLTP,RT
0.9124,0.9301,0.2112723,0.3068986,680000500.0,14.055046,0.901,0.9285,0.22104889,0.31642592,91044920.0,13.838964,-8.014141,5118.8203
