acceptance rate,gt in support,C2ST,MMD,KSD_GAUSS,MEDDIST,NLTP,RT
"[1.0, -0.025972167029976845, -0.02932778000831604, -0.06861841678619385, -0.7529683113098145, -0.814376950263977, -0.8300737738609314, -0.9452167749404907, -0.9591208696365356, -0.9444093108177185]","[1.0, 1.0, 1.0, 1.0, 1.0, 1.0, 1.0, 1.0, 1.0, 1.0]",0.49555,0.01823306,2671304.5,23.916521,-8.411657,157.55322
