acceptance rate,gt in support,C2ST,MMD,MEDDIST,NLTP,RT
"[1.0, -0.15948618948459625, -0.13924290239810944, -0.42546719312667847, -0.5099361538887024, -1.0937893390655518, -1.0783135890960693, -1.2086396217346191, -1.2970097064971924, -1.3035187721252441]","[1.0, 0.6686000227928162, 0.6539000272750854, 0.7037000060081482, 0.7089999914169312, 0.7897999882698059, 0.8460999727249146, 0.8176000118255615, 0.8633999824523926, 0.8863999843597412]",0.89165,0.2599277,12.712976,12.510213,201.68211
