C2ST,C2ST_Z,MMD,MMD_Z,KSD_GAUSS,MEDDIST,C2ST_1K,C2ST_1K_Z,MMD_1K,MMD_1K_Z,KSD_GAUSS_1K,MEDDIST_1K,NLTP,RT
0.61635,0.65285,0.0042619705,0.004285574,inf,0.08718464,0.5325,0.6415,0.0038784742,0.0038837194,inf,0.085096955,-4.0682554,69.078445
