acceptance rate,gt in support,iw var,C2ST,MMD,MEDDIST,NLTP,RT
"[1.0, -0.04469718411564827, -0.06636090576648712, -0.07073439657688141, -0.0992506667971611, -0.11981545388698578, -0.12586623430252075, -0.11401721835136414, -0.12580819427967072, -0.1359638273715973]","[1.0, 1.0, 1.0, 1.0, 1.0, 1.0, 0.9998999834060669, 1.0, 0.9998999834060669, 0.9998999834060669]","[0.0, 381.6627197265625, 384.6824951171875, 386.7939147949219, 389.44952392578125, 386.14715576171875, 382.3274230957031, 385.17498779296875, 386.3145446777344, 382.8094482421875]",0.51565,0.0009447336,1.3827661,3.3051643,9865.539
