acceptance rate,gt in support,C2ST,MMD,MEDDIST,NLTP,RT
"[1.0, -0.06085529923439026, -0.0736575648188591, -0.0717066079378128, -0.13329927623271942, -0.12511248886585236, -0.14932313561439514, -0.15202654898166656, -0.14065152406692505, -0.14575472474098206]","[1.0, 0.9977999925613403, 0.9984999895095825, 0.9991000294685364, 0.9986000061035156, 0.9988999962806702, 0.9983000159263611, 0.9987000226974487, 0.9990000128746033, 0.9991999864578247]",0.5592,0.0041413307,1.4036212,-0.06077099,274.72806
