acceptance rate,gt in support,C2ST,MMD,MEDDIST,NLTP,RT
"[1.0, 1.0, 1.0, 1.0, 1.0, 1.0, 1.0, 1.0, 1.0, 1.0]","[1.0, 0.9950000047683716, 0.9998999834060669, 0.9998000264167786, 1.0, 1.0, 1.0, 1.0, 1.0, 1.0]",0.527,0.0014463663,0.08951639,-3.8053439,681.5845
