acceptance rate,gt in support,iw var,C2ST,MMD,MEDDIST,NLTP,RT
"[1.0, -0.0009129993268288672, -0.0009565036161802709, -0.006607863586395979, -0.011173611506819725, -0.018543843179941177, -0.0220022052526474, -0.06023123860359192, -0.0948520079255104, -0.11815903335809708]","[1.0, 0.9998000264167786, 0.9998999834060669, 0.9983999729156494, 0.9980000257492065, 0.9980999827384949, 0.9980000257492065, 0.9962000250816345, 0.9937999844551086, 0.9933000206947327]","[0.0, 393.4735412597656, 391.9327392578125, 380.8023681640625, 376.1612243652344, 382.19207763671875, 383.8694152832031, 384.2788391113281, 381.13555908203125, 386.1086730957031]",0.67495,0.017945528,1.455775,4.8203716,224.88878
