acceptance rate,gt in support,iw var,C2ST,MMD,MEDDIST,NLTP,RT
"[1.0, -0.005616870243102312, -0.00296328729018569, -0.01565275713801384, -0.15686069428920746, -0.1135374903678894, -0.15137989819049835, -0.22753161191940308, -0.1986992210149765, -0.18068645894527435]","[1.0, 1.0, 1.0, 1.0, 1.0, 1.0, 1.0, 1.0, 1.0, 1.0]","[0.0, 1.8123930800584276e-08, 1.6313416395519198e-08, 1.8260031708905444e-08, 1.6410321990179e-08, 1.7002736996118983e-08, 1.6061552088331155e-08, 1.668106186514251e-08, 1.6772856881175358e-08, 1.5758162774659468e-08]",0.7553,0.10350913,27.513634,-7.0554347,136.49355
