C2ST,C2ST_Z,MMD,MMD_Z,KSD_GAUSS,MEDDIST,C2ST_1K,C2ST_1K_Z,MMD_1K,MMD_1K_Z,KSD_GAUSS_1K,MEDDIST_1K,NLTP,RT
0.50145,0.53895,0.0012898445,0.0013631582,325744.7,19.949938,0.478,0.5175,0.00023460388,0.0001552105,47745.598,20.16184,-5.2102585,332.84143
