C2ST,C2ST_Z,MMD,MMD_Z,KSD_GAUSS,MEDDIST,C2ST_1K,C2ST_1K_Z,MMD_1K,MMD_1K_Z,KSD_GAUSS_1K,MEDDIST_1K,NLTP,RT
0.54,0.5318,0.0053105354,0.0052632093,22463.549,1.600235,0.5525,0.557,0.005849242,0.0057513714,2479.7163,1.6137805,0.9262047,1072.7694
