C2ST,C2ST_Z,MMD,MMD_Z,KSD_GAUSS,MEDDIST,C2ST_1K,C2ST_1K_Z,MMD_1K,MMD_1K_Z,KSD_GAUSS_1K,MEDDIST_1K,NLTP,RT
0.762,0.7643,0.0026177168,0.031904697,2158167.2,24.241436,0.6995,0.685,0.0029671192,0.032295585,6619.481,23.750439,1.2587104,3734.703
