acceptance rate,gt in support,C2ST,MMD,MEDDIST,NLTP,RT
"[1.0, -0.013743476010859013, -1.3036435842514038, -1.236405611038208, -1.3741732835769653, -1.3209184408187866, -1.6791183948516846, -1.5661653280258179, -1.6187559366226196, -1.843148112297058]","[1.0, 1.0, 1.0, 1.0, 1.0, 1.0, 1.0, 1.0, 1.0, 1.0]",0.49285,0.018956184,27.658634,-8.345439,430.78857
