acceptance rate,gt in support,C2ST,MMD,MEDDIST,NLTP,RT
"[1.0, 1.0, 1.0, 1.0, 1.0, 1.0, 1.0, 1.0, 1.0, 1.0]","[1.0, 0.9269999861717224, 0.9552000164985657, 0.9882000088691711, 0.9713000059127808, 0.9704999923706055, 0.9575999975204468, 0.9567000269889832, 0.9294000267982483, 0.9064000248908997]",0.9569,0.098843694,22.433788,14.734014,196.09035
