acceptance rate,gt in support,iw var,C2ST,MMD,MEDDIST,NLTP,RT
"[1.0, -0.0006084615597501397, -0.0031819865107536316, -0.004320953972637653, -0.011797916144132614, -0.012065742164850235, -0.012691331095993519, -0.027334431186318398, -0.029606640338897705, -0.026502713561058044]","[1.0, 0.9998999834060669, 0.9998999834060669, 0.9997000098228455, 0.9997000098228455, 0.9994999766349792, 0.9998000264167786, 0.9995999932289124, 0.9994999766349792, 0.9997000098228455]","[0.0, 376.1122131347656, 387.16448974609375, 390.0203857421875, 398.11297607421875, 383.6895446777344, 387.69549560546875, 386.0452880859375, 383.582763671875, 394.0636291503906]",0.6223,0.011249423,1.366638,-0.40838528,221.98341
