C2ST,C2ST_Z,MMD,MMD_Z,KSD_GAUSS,MEDDIST,C2ST_1K,C2ST_1K_Z,MMD_1K,MMD_1K_Z,KSD_GAUSS_1K,MEDDIST_1K,NLTP,RT
0.6476,0.66005,0.0007067323,0.00070667267,inf,0.088982135,0.5,0.631,-0.0002591014,-0.00025844574,inf,0.08672254,-3.6089501,80.028725
