acceptance rate,gt in support,C2ST,MMD,KSD_GAUSS,MEDDIST,NLTP,RT
"[1.0, -0.00047798847663216293, -0.0007824347703717649, -0.0011306422529742122, -0.0013048507971689105, -0.0018497065175324678, -0.001500922255218029, -0.0030070235952734947, -0.015292714349925518, -0.016870077699422836]","[1.0, 0.993399977684021, 0.9937000274658203, 0.9959999918937683, 0.9944000244140625, 0.9941999912261963, 0.9973000288009644, 0.9950000047683716, 0.9943000078201294, 0.9957000017166138]",0.7981,0.06067562,246144.03,1.7628806,4.291173,308.00372
