acceptance rate,gt in support,iw var,C2ST,MMD,MEDDIST,NLTP,RT
"[1.0, -0.8038238286972046, -0.6663512587547302, -0.7780644297599792, -0.9558523893356323, -0.9922522306442261, -1.0570003986358643, -1.1169066429138184, -1.275724172592163, -1.4634416103363037]","[1.0, 1.0, 1.0, 1.0, 1.0, 1.0, 1.0, 1.0, 1.0, 1.0]","[0.0, 390.3450012207031, 377.5682678222656, 387.8032531738281, 391.0092468261719, 379.1527404785156, 384.8095397949219, 392.3638916015625, 393.6968078613281, 382.5794677734375]",0.95075,0.42021236,21.378195,-12.321506,18691.994
