acceptance rate,gt in support,C2ST,MMD,MEDDIST,NLTP,RT
"[1.0, -0.7128329873085022, -1.2219339609146118, -1.192042350769043, -1.60798978805542, -1.652924656867981, -1.8102290630340576, -1.8580994606018066, -1.751639485359192, -1.854130506515503]","[1.0, 1.0, 0.9980999827384949, 0.9987999796867371, 0.9972000122070312, 0.996999979019165, 0.995199978351593, 0.994700014591217, 0.9965000152587891, 0.9950000047683716]",0.635,0.0025826693,24.675346,0.18064842,10785.631
