acceptance rate,gt in support,C2ST,MMD,MEDDIST,NLTP,RT
"[1.0, -2.774517059326172, -3.5364322662353516, -4.138290882110596, -4.320540904998779, -4.138649940490723, -4.426397323608398, -4.4370527267456055, -4.5492119789123535, -4.512053489685059]","[1.0, 0.9973999857902527, 1.0, 1.0, 1.0, 1.0, 1.0, 1.0, 1.0, 1.0]",0.69,0.07576907,117.206085,-16.692,92508.14
