acceptance rate,gt in support,iw var,C2ST,MMD,MEDDIST,NLTP,RT
"[1.0, -0.11571454256772995, -0.2078535407781601, -0.5272801518440247, -0.7312270402908325, -0.9911019206047058, -1.0783135890960693, -1.09703528881073, -1.053998351097107, -1.088801383972168]","[1.0, 1.0, 1.0, 1.0, 1.0, 1.0, 1.0, 1.0, 1.0, 1.0]","[0.0, 1.5747776416219494e-08, 1.7444540034716738e-08, 1.6704348126950208e-08, 1.6718066930820896e-08, 2.08851123062459e-08, 1.690435702528248e-08, 1.51748196230983e-08, 1.724525766633178e-08, 1.8162149117983972e-08]",0.5004,0.004445553,16.27882,-4.7054415,17082.336
