C2ST,C2ST_Z,MMD,MMD_Z,KSD_GAUSS,MEDDIST,C2ST_1K,C2ST_1K_Z,MMD_1K,MMD_1K_Z,KSD_GAUSS_1K,MEDDIST_1K,NLTP,RT
0.98515,0.98595,0.09228933,0.35922384,56941905000000.0,22.079891,0.9745,0.975,0.0883168,0.35172755,6296233000000.0,21.579645,4.6055894,57.36321
