C2ST,C2ST_Z,MMD,MMD_Z,KSD_GAUSS,MEDDIST,C2ST_1K,C2ST_1K_Z,MMD_1K,MMD_1K_Z,KSD_GAUSS_1K,MEDDIST_1K,NLTP,RT
0.95795,0.96065,0.14962864,0.35010922,1075799450000000.0,19.612991,0.944,0.934,0.14455009,0.3506071,126424470000000.0,19.752583,11.683644,49.073845
