acceptance rate,gt in support,C2ST,MMD,MEDDIST,NLTP,RT
"[1.0, -0.21673975884914398, -0.303672730922699, -0.4083048105239868, -0.4589202105998993, -0.45358070731163025, -0.39487460255622864, -0.41288793087005615, -0.4333661198616028, -0.46285280585289]","[1.0, 0.9966999888420105, 0.9976000189781189, 0.9973000288009644, 0.9961000084877014, 0.9980000257492065, 0.9986000061035156, 0.9984999895095825, 0.9983000159263611, 0.9977999925613403]",0.5484,0.004016638,1.5799732,-2.0319262,17596.643
