acceptance rate,gt in support,C2ST,MMD,MEDDIST,NLTP,RT
"[1.0, 1.0, 1.0, 1.0, 1.0, 1.0, 1.0, 1.0, 1.0, 1.0]","[1.0, 0.9711999893188477, 0.980400025844574, 0.9904999732971191, 0.9868999719619751, 0.9855999946594238, 0.9879999756813049, 0.9922000169754028, 0.9926000237464905, 0.9934999942779541]",0.75925,0.001393795,29.208164,3.1017816,10162.559
