C2ST,C2ST_Z,MMD,MMD_Z,KSD_GAUSS,MEDDIST,C2ST_1K,C2ST_1K_Z,MMD_1K,MMD_1K_Z,KSD_GAUSS_1K,MEDDIST_1K,NLTP,RT
0.51525,0.5103,0.00083851814,0.00083851814,3311.0613,1.4111028,0.506,0.517,0.00057566166,0.0005890131,525.2463,1.4120408,2.6342,1228.5256
