C2ST,C2ST_Z,MMD,MMD_Z,KSD_GAUSS,MEDDIST,C2ST_1K,C2ST_1K_Z,MMD_1K,MMD_1K_Z,KSD_GAUSS_1K,MEDDIST_1K,NLTP,RT
0.61035,0.65705,0.0042937994,0.0042933226,inf,0.08842589,0.5475,0.602,0.0049729347,0.0049704313,inf,0.08383121,-4.3288965,80.33951
