C2ST,C2ST_Z,MMD,MMD_Z,KSD_GAUSS,MEDDIST,C2ST_1K,C2ST_1K_Z,MMD_1K,MMD_1K_Z,KSD_GAUSS_1K,MEDDIST_1K,NLTP,RT
0.8251,0.7977,0.112297416,0.11123639,96747.555,18.789873,0.824,0.798,0.118171096,0.11692971,9827.36,19.028019,1.2380524,94.01951
