acceptance rate,gt in support,C2ST,MMD,KSD_GAUSS,MEDDIST,NLTP,RT
"[1.0, -0.5574026703834534, -0.9570702910423279, -1.0928367376327515, -1.1371448040008545, -1.1403043270111084, -1.144221305847168, -1.148619294166565, -1.1817328929901123, -1.2473968267440796]","[1.0, 1.0, 1.0, 1.0, 1.0, 1.0, 1.0, 1.0, 1.0, 1.0]",0.6602,0.09747398,1954188.0,21.213203,-4.36176,1846.2847
