acceptance rate,gt in support,iw var,C2ST,MMD,MEDDIST,NLTP,RT
"[1.0, -0.2131776213645935, -0.22348040342330933, -0.3406226634979248, -0.4459148347377777, -0.46436837315559387, -0.5832347273826599, -0.6486289501190186, -0.6321597695350647, -0.6979289650917053]","[1.0, 1.0, 1.0, 1.0, 1.0, 1.0, 1.0, 1.0, 1.0, 1.0]","[0.0, 1.6600045782411144e-08, 1.5480498660735975e-08, 1.748875710916309e-08, 1.6894901477826352e-08, 1.609609689978697e-08, 1.6590865570265123e-08, 1.7061326573752922e-08, 1.7152572695522394e-08, 1.7447533195991127e-08]",0.6723,0.0031479597,0.08546616,-3.397853,152.7574
