C2ST,C2ST_Z,MMD,MMD_Z,KSD_GAUSS,MEDDIST,C2ST_1K,C2ST_1K_Z,MMD_1K,MMD_1K_Z,KSD_GAUSS_1K,MEDDIST_1K,NLTP,RT
0.4973,0.548,0.00476563,0.0044739246,1012271.2,24.41311,0.486,0.5135,0.0031608343,0.0029877424,211023.22,24.929884,-8.92666,1567.2748
