acceptance rate,gt in support,C2ST,MMD,KSD_GAUSS,MEDDIST,NLTP,RT
"[1.0, -0.6262423396110535, -0.6112241148948669, -0.7343176007270813, -0.765820324420929, -0.8218867182731628, -0.7666230797767639, -0.7924425601959229, -0.8496657609939575, -0.8018929958343506]","[1.0, 0.991599977016449, 0.9986000061035156, 0.9994999766349792, 0.9994999766349792, 0.9994000196456909, 0.9994000196456909, 0.9993000030517578, 0.9991999864578247, 0.9993000030517578]",0.66235,0.0014401674,1705459.8,26.070923,3.3542504,2238.3572
