C2ST,C2ST_Z,MMD,MMD_Z,KSD_GAUSS,MEDDIST,C2ST_1K,C2ST_1K_Z,MMD_1K,MMD_1K_Z,KSD_GAUSS_1K,MEDDIST_1K,NLTP,RT
0.4933,0.54255,0.0059570074,0.006058693,286948.34,24.8998,0.483,0.552,0.0041080713,0.004105568,172684.23,25.327848,-8.990814,231.9915
