acceptance rate,gt in support,C2ST,MMD,MEDDIST,NLTP,RT
"[1.0, -0.011909485794603825, -0.010416709817945957, -0.010438956320285797, -0.1701175719499588, -0.19521336257457733, -0.2087656557559967, -0.2677268981933594, -0.29336756467819214, -0.3209356665611267]","[1.0, 0.9635000228881836, 0.9674999713897705, 0.9648000001907349, 0.9016000032424927, 0.888700008392334, 0.9085999727249146, 0.9021999835968018, 0.9031999707221985, 0.9093000292778015]",0.8066,0.04394543,1.7141371,9.212329,178.34972
