C2ST,C2ST_Z,MMD,MMD_Z,KSD_GAUSS,MEDDIST,C2ST_1K,C2ST_1K_Z,MMD_1K,MMD_1K_Z,KSD_GAUSS_1K,MEDDIST_1K,NLTP,RT
0.57385,0.5801,0.011977196,0.011976242,inf,0.091294974,0.563,0.563,0.014779806,0.014783502,inf,0.09392327,-4.111393,1851.52
