acceptance rate,gt in support,C2ST,MMD,MEDDIST,NLTP,RT
"[1.0, -0.007954869419336319, -0.0056828525848686695, -0.013385011814534664, -0.014595982618629932, -0.014685834757983685, -0.021157823503017426, -0.022047901526093483, -0.019042694941163063, -0.021568410098552704]","[1.0, 0.9998999834060669, 0.9998999834060669, 0.9998999834060669, 0.9998999834060669, 0.9998999834060669, 0.9998999834060669, 0.9998999834060669, 0.9998999834060669, 0.9998999834060669]",0.54365,0.0032309294,1.3546932,-0.2160778,8253.63
