acceptance rate,gt in support,C2ST,MMD,MEDDIST,NLTP,RT
"[1.0, -0.6361249089241028, -1.1521395444869995, -1.495954155921936, -1.5262984037399292, -1.850780963897705, -1.922675371170044, -1.962097406387329, -1.9869047403335571, -1.8819115161895752]","[1.0, 1.0, 1.0, 0.9998999834060669, 1.0, 0.9995999932289124, 0.9994000196456909, 0.9993000030517578, 0.9994999766349792, 0.9998999834060669]",0.6053,0.027153254,14.920181,-1.2178516,8618.969
