acceptance rate,gt in support,C2ST,MMD,MEDDIST,NLTP,RT
"[1.0, 1.0, 1.0, 1.0, 1.0, 1.0, 1.0, 1.0, 1.0, 1.0]","[1.0, 1.0, 0.9998000264167786, 0.9997000098228455, 0.9998999834060669, 0.9998999834060669, 0.9998999834060669, 0.9994000196456909, 1.0, 1.0]",0.51785,0.0013065338,0.08690311,-3.7641327,6155.2876
