C2ST,C2ST_Z,MMD,MMD_Z,KSD_GAUSS,MEDDIST,C2ST_1K,C2ST_1K_Z,MMD_1K,MMD_1K_Z,KSD_GAUSS_1K,MEDDIST_1K,NLTP,RT
0.97275,0.9745,0.16167521,0.38254517,201467200000000.0,21.99832,0.953,0.9485,0.15336263,0.3631121,22034350000000.0,21.96661,13.228222,51.260376
