C2ST,C2ST_Z,MMD,MMD_Z,KSD_GAUSS,MEDDIST,C2ST_1K,C2ST_1K_Z,MMD_1K,MMD_1K_Z,KSD_GAUSS_1K,MEDDIST_1K,NLTP,RT
0.5016,0.60885,0.029457808,0.035305023,1521850.2,18.05547,0.476,0.6115,0.030801058,0.036211967,215090.53,18.854702,-6.273937,276.02902
