acceptance rate,gt in support,C2ST,MMD,MEDDIST,NLTP,RT
"[1.0, -0.3856653571128845, -0.5143850445747375, -0.5502131581306458, -0.5556038618087769, -0.5546683073043823, -0.5387266278266907, -0.5313573479652405, -0.48938798904418945, -0.4858841001987457]","[1.0, 0.996999979019165, 0.9940999746322632, 0.9955999851226807, 0.9941999912261963, 0.9939000010490417, 0.9939000010490417, 0.9950000047683716, 0.9980000257492065, 0.9979000091552734]",0.5456,0.004436016,1.5474935,-2.5264559,2339.4348
