C2ST,C2ST_Z,MMD,MMD_Z,KSD_GAUSS,MEDDIST,C2ST_1K,C2ST_1K_Z,MMD_1K,MMD_1K_Z,KSD_GAUSS_1K,MEDDIST_1K,NLTP,RT
0.63155,0.5975,0.036542773,0.035966158,97204.7,13.100436,0.6235,0.5905,0.038338065,0.038194656,9715.83,12.974383,2.4208937,233.15118
