acceptance rate,gt in support,C2ST,MMD,KSD_GAUSS,MEDDIST,NLTP,RT
"[1.0, -0.6267569065093994, -0.7513729333877563, -0.7430018186569214, -0.7757259607315063, -0.8295705914497375, -0.8736250400543213, -0.9237642288208008, -0.9490619897842407, -0.9829248785972595]","[1.0, 1.0, 1.0, 1.0, 0.9998999834060669, 1.0, 1.0, 1.0, 1.0, 1.0]",0.51615,0.0025377274,inf,0.090137154,-2.5675788,219.44351
