acceptance rate,gt in support,iw var,C2ST,MMD,MEDDIST,NLTP,RT
"[1.0, -0.6874841451644897, -1.0668925046920776, -1.5228787660598755, -1.9694950580596924, -1.8919209241867065, -2.136892795562744, -2.134770631790161, -2.750378131866455, -2.791300058364868]","[1.0, 1.0, 1.0, 1.0, 1.0, 1.0, 1.0, 1.0, 1.0, 1.0]","[0.0, 5.7364824695982364e-11, 5.4412391259361925e-11, 7.845684518725804e-11, 1.32524935470002e-10, 1.5074307080364946e-10, 1.7439442945299533e-10, 2.1713289499736277e-10, 2.107684582419722e-10, 1.659250514762789e-10]",0.93645,0.4117223,8.375706,-14.155504,4929.964
