C2ST,C2ST_Z,MMD,MMD_Z,KSD_GAUSS,MEDDIST,C2ST_1K,C2ST_1K_Z,MMD_1K,MMD_1K_Z,KSD_GAUSS_1K,MEDDIST_1K,NLTP,RT
0.5424,0.54685,0.0001809597,0.00018084049,inf,0.08765942,0.505,0.5265,-0.0003566742,-0.00035727024,inf,0.085817546,-3.8536832,2151.606
