acceptance rate,gt in support,iw var,C2ST,MMD,MEDDIST,NLTP,RT
"[1.0, -0.49036073684692383, -0.46542397141456604, -0.4562215805053711, -0.6115790605545044, -0.6733365058898926, -0.7306816577911377, -0.6997306942939758, -0.7988761067390442, -0.8932992815971375]","[1.0, 0.9994000196456909, 1.0, 1.0, 1.0, 1.0, 1.0, 1.0, 1.0, 1.0]","[0.0, 1.6386143997237923e-08, 1.6974892602661384e-08, 1.6948597192367743e-08, 1.4782691515335955e-08, 1.8670158752343013e-08, 1.55071404606133e-08, 1.6623047827124537e-08, 1.6568947103223763e-08, 1.664694160297131e-08]",0.6089,0.0026808977,0.090394594,-3.3778603,166.79343
