C2ST,C2ST_Z,MMD,MMD_Z,KSD_GAUSS,MEDDIST,C2ST_1K,C2ST_1K_Z,MMD_1K,MMD_1K_Z,KSD_GAUSS_1K,MEDDIST_1K,NLTP,RT
0.5099,0.50515,0.00035333633,0.00035440922,1401.1703,1.3264825,0.4905,0.504,0.00045585632,0.00044822693,256.71915,1.3244984,-0.4894781,632.546
