acceptance rate,gt in support,C2ST,MMD,MEDDIST,NLTP,RT
"[1.0, -1.0096207857131958, -1.110913872718811, -1.6627320051193237, -1.7032058238983154, -1.8294363021850586, -1.7927461862564087, -1.882944107055664, -2.0354766845703125, -2.047311305999756]","[1.0, 0.9995999932289124, 0.9998999834060669, 0.9991000294685364, 0.9987999796867371, 0.9990000128746033, 0.9990000128746033, 0.9984999895095825, 0.9980999827384949, 0.9979000091552734]",0.59465,0.02168262,12.7550535,1.8170166,610.0762
