acceptance rate,gt in support,C2ST,MMD,MEDDIST,NLTP,RT
"[1.0, 1.0, 1.0, 1.0, 1.0, 1.0, 1.0, 1.0, 1.0, 1.0]","[1.0, 1.0, 1.0, 0.9998000264167786, 1.0, 1.0, 1.0, 0.9998999834060669, 1.0, 1.0]",0.5219,0.004148662,0.08953741,-4.036174,638.9706
