acceptance rate,gt in support,C2ST,MMD,MEDDIST,NLTP,RT
"[1.0, -0.005572870373725891, -0.009505758062005043, -0.011976457200944424, -0.02735753357410431, -0.03107365034520626, -0.041531678289175034, -0.06138021498918533, -0.06953491270542145, -0.05650550499558449]","[1.0, 1.0, 1.0, 1.0, 1.0, 1.0, 1.0, 1.0, 1.0, 1.0]",0.5474,0.0026284456,1.4268918,4.3448277,8295.096
