acceptance rate,gt in support,iw var,C2ST,MMD,MEDDIST,NLTP,RT
"[1.0, -1.3655227422714233, -1.3526170253753662, -1.4522253274917603, -1.603800654411316, -1.8096683025360107, -1.8961962461471558, -2.139662027359009, -2.221848726272583, -2.3500163555145264]","[1.0, 1.0, 1.0, 1.0, 1.0, 1.0, 1.0, 1.0, 1.0, 1.0]","[0.0, 387.1746520996094, 383.0400390625, 383.3027038574219, 386.4766540527344, 387.86859130859375, 390.4137878417969, 387.53363037109375, 390.1548156738281, 389.9508056640625]",0.9393,0.42166165,9.119465,-13.414719,29880.71
