acceptance rate,gt in support,C2ST,MMD,KSD_GAUSS,MEDDIST,NLTP,RT
"[1.0, -0.6422938108444214, -0.8041003346443176, -0.9236427545547485, -0.9855635166168213, -1.0835460424423218, -1.1800860166549683, -1.1801271438598633, -1.215256929397583, -1.2554187774658203]","[1.0, 0.9997000098228455, 0.9961000084877014, 0.9972000122070312, 0.9993000030517578, 0.9991999864578247, 0.9987000226974487, 0.9990000128746033, 0.9988999962806702, 0.9986000061035156]",0.7267,0.002449274,921575.1,24.214996,0.55915785,2988.724
