acceptance rate,gt in support,iw var,C2ST,MMD,MEDDIST,NLTP,RT
"[1.0, -0.022482173517346382, -0.020178580656647682, -0.15012013912200928, -0.3555942475795746, -0.5572459697723389, -0.757748544216156, -0.7970060110092163, -0.9295105934143066, -1.0443122386932373]","[1.0, 0.9887999892234802, 0.9925000071525574, 0.9710999727249146, 0.9607999920845032, 0.9750999808311462, 0.9897000193595886, 0.9939000010490417, 0.986299991607666, 0.9886999726295471]","[0.0, 1.8074228336217857e-08, 1.716318465128097e-08, 1.5741173697847444e-08, 1.5795398766726976e-08, 1.6694052362709044e-08, 1.8362387166348526e-08, 1.6257764912097628e-08, 1.56391219974239e-08, 1.77055259342751e-08]",0.91635,0.15438247,13.765296,12.400222,311.7128
