acceptance rate,gt in support,C2ST,MMD,KSD_GAUSS,MEDDIST,NLTP,RT
"[1.0, -0.3328273296356201, -0.513604998588562, -0.844100296497345, -0.7567138671875, -0.831670880317688, -1.0606471300125122, -1.093582034111023, -1.0988770723342896, -1.1178008317947388]","[1.0, 1.0, 1.0, 1.0, 1.0, 1.0, 1.0, 1.0, 1.0, 1.0]",0.6559,0.07791495,111845.84,13.279732,3.0871248,336.5581
