acceptance rate,gt in support,C2ST,MMD,KSD_GAUSS,MEDDIST,NLTP,RT
"[1.0, -1.6605485677719116, -1.8150075674057007, -1.8690146207809448, -1.9497491121292114, -1.8404327630996704, -1.783509612083435, -1.8596038818359375, -1.8484445810317993, -1.8168164491653442]","[1.0, 0.9945999979972839, 0.9970999956130981, 0.9980000257492065, 0.998199999332428, 0.9986000061035156, 0.9987999796867371, 0.9983999729156494, 0.9984999895095825, 0.9984999895095825]",0.5578,0.0033738613,115550.85,10.924879,4.0604134,2118.7876
