acceptance rate,gt in support,C2ST,MMD,MEDDIST,NLTP,RT
"[1.0, -0.01075046882033348, -0.01345218438655138, -0.14560285210609436, -2.2974655628204346, -1.8792961835861206, -1.6604621410369873, -2.0738565921783447, -2.113943338394165, -1.977820873260498]","[1.0, 1.0, 1.0, 1.0, 0.6592000126838684, 0.8780999779701233, 1.0, 1.0, 1.0, 1.0]",0.9953,0.6131773,337.24133,-8.845497,662.88586
