acceptance rate,gt in support,C2ST,MMD,MEDDIST,NLTP,RT
"[1.0, -0.8146602511405945, -0.8988116383552551, -0.968026340007782, -1.2995991706848145, -1.2570269107818604, -1.2927279472351074, -1.413932204246521, -1.4369429349899292, -1.4328055381774902]","[1.0, 0.9998999834060669, 0.9997000098228455, 0.9998999834060669, 0.9998000264167786, 0.9998999834060669, 0.9998999834060669, 0.9997000098228455, 0.9998999834060669, 0.9998000264167786]",0.4973,-2.8848648e-05,0.089974776,-3.9134712,341.188
