acceptance rate,gt in support,C2ST,MMD,MEDDIST,NLTP,RT
"[1.0, -1.078616976737976, -1.239786982536316, -1.4074815511703491, -1.5634076595306396, -1.6834733486175537, -1.6952509880065918, -2.1315457820892334, -2.091082811355591, -2.0812246799468994]","[1.0, 0.9991999864578247, 0.9977999925613403, 0.9962000250816345, 0.9926000237464905, 0.9897000193595886, 0.9912999868392944, 0.9908999800682068, 0.9911999702453613, 0.9911999702453613]",0.73145,0.002384305,29.251472,2.5461864,5246.0947
