acceptance rate,gt in support,C2ST,MMD,MEDDIST,NLTP,RT
"[1.0, -0.03489241376519203, -0.09471695870161057, -0.04587814584374428, -0.2980436682701111, -0.49805116653442383, -0.45321065187454224, -0.5361443161964417, -0.6175146698951721, -0.5050457715988159]","[1.0, 1.0, 1.0, 1.0, 1.0, 1.0, 1.0, 1.0, 1.0, 1.0]",0.50005,0.009581327,21.621746,-9.29627,2146.4175
