acceptance rate,gt in support,C2ST,MMD,MEDDIST,NLTP,RT
"[1.0, -0.6765828728675842, -0.9476909041404724, -0.9803022742271423, -1.2788904905319214, -1.2304489612579346, -1.361076831817627, -1.354022741317749, -1.411082148551941, -1.3848919868469238]","[1.0, 1.0, 1.0, 1.0, 1.0, 1.0, 1.0, 1.0, 1.0, 1.0]",0.51535,3.9339066e-06,0.08672669,-2.7522905,371.51266
