acceptance rate,gt in support,iw var,C2ST,MMD,MEDDIST,NLTP,RT
"[1.0, -0.012579560279846191, -0.015855416655540466, -0.01549520529806614, -0.017977677285671234, -0.3563828468322754, -0.5216139554977417, -0.5369660258293152, -0.521649956703186, -1.1692403554916382]","[1.0, 0.11219999939203262, 0.07840000092983246, 0.11580000072717667, 0.1688999980688095, 0.3231000006198883, 0.3919000029563904, 0.1712999939918518, 0.21549999713897705, 0.37720000743865967]","[0.0, 5.4521257707119616e-14, 8.487976895779278e-14, 9.893380738127192e-14, 2.0163941859534934e-13, 3.451984184610346e-11, 2.3330061840742822e-11, 2.471792562297459e-11, 2.910321983407016e-11, 2.959397657487095e-11]",0.9994,0.6589008,41.24552,6.9955435,3795.2742
