C2ST,C2ST_Z,MMD,MMD_Z,KSD_GAUSS,MEDDIST,C2ST_1K,C2ST_1K_Z,MMD_1K,MMD_1K_Z,KSD_GAUSS_1K,MEDDIST_1K,NLTP,RT
0.56145,0.59185,0.025553942,0.025812268,2087550.8,23.216373,0.487,0.557,0.014700532,0.014775157,264315.3,23.151674,-9.64139,220.52472
