acceptance rate,gt in support,C2ST,MMD,KSD_GAUSS,MEDDIST,NLTP,RT
"[1.0, -0.6007590293884277, -0.6121121048927307, -1.3058128356933594, -1.3000322580337524, -1.5789592266082764, -1.5784393548965454, -1.6377146244049072, -1.7147456407546997, -1.7649425268173218]","[1.0, 0.9537000060081482, 0.9812999963760376, 0.9799000024795532, 0.9843000173568726, 0.9811999797821045, 0.9860000014305115, 0.9822999835014343, 0.9825000166893005, 0.98089998960495]",0.6584,0.08919644,89625.53,10.560508,8.39492,216.35536
