acceptance rate,gt in support,iw var,C2ST,MMD,MEDDIST,NLTP,RT
"[1.0, -0.0058368840254843235, -0.004759807139635086, -0.004101680591702461, -0.0051331957802176476, -0.00401401799172163, -0.006145111750811338, -0.011240443214774132, -0.012043412774801254, -0.007733754348009825]","[1.0, 0.9987999796867371, 0.9990000128746033, 0.9995999932289124, 0.9998999834060669, 0.9998999834060669, 0.9998999834060669, 0.9998999834060669, 0.9997000098228455, 0.9998000264167786]","[0.0, 1.5043724488350563e-08, 1.78754824275984e-08, 1.8294928239015462e-08, 1.5774048733874224e-08, 1.6699765126304555e-08, 1.624164269742323e-08, 1.7863202472767625e-08, 1.5855013302257248e-08, 1.624674261790915e-08]",0.9557,0.114305735,10.610357,7.354496,140.03946
