C2ST,C2ST_Z,MMD,MMD_Z,KSD_GAUSS,MEDDIST,C2ST_1K,C2ST_1K_Z,MMD_1K,MMD_1K_Z,KSD_GAUSS_1K,MEDDIST_1K,NLTP,RT
0.7734,0.7703,0.013586521,0.08880973,20186.242,19.559696,0.7685,0.7555,0.016607165,0.100393176,3392.2366,19.782455,1.5622668,3244.67
