C2ST,C2ST_Z,MMD,MMD_Z,KSD_GAUSS,MEDDIST,C2ST_1K,C2ST_1K_Z,MMD_1K,MMD_1K_Z,KSD_GAUSS_1K,MEDDIST_1K,NLTP,RT
0.8789,0.8787,0.022616029,0.07124841,452482.1,11.468693,0.846,0.812,0.023644805,0.07274848,98700.086,11.445775,4.078521,234.46283
