acceptance rate,gt in support,C2ST,MMD,KSD_GAUSS,MEDDIST,NLTP,RT
"[1.0, -0.5329101085662842, -0.8062395453453064, -0.831670880317688, -0.8906324505805969, -1.3240550756454468, -1.2267730236053467, -1.311326026916504, -1.2958065271377563, -1.3309367895126343]","[1.0, 1.0, 1.0, 1.0, 1.0, 1.0, 1.0, 1.0, 1.0, 1.0]",0.5967,0.037713766,115228.97,13.332803,2.753418,205.79172
