acceptance rate,gt in support,iw var,C2ST,MMD,MEDDIST,NLTP,RT
"[1.0, -0.36842095851898193, -0.3830346167087555, -0.46021318435668945, -0.44802168011665344, -0.5262576341629028, -0.5178055167198181, -0.5664301514625549, -0.6820619702339172, -0.7772835493087769]","[1.0, 1.0, 1.0, 1.0, 1.0, 1.0, 1.0, 1.0, 1.0, 1.0]","[0.0, 1.646654013143234e-08, 2.1554530604817046e-08, 1.742794353276622e-08, 1.7521582407198366e-08, 1.5911425066406082e-08, 1.6062491781099197e-08, 1.8215544628219504e-08, 1.8114606703534264e-08, 1.6238898226106357e-08]",0.60455,0.00021874905,0.084247224,-1.5290896,436.58334
