acceptance rate,gt in support,C2ST,MMD,MEDDIST,NLTP,RT
"[1.0, 1.0, 1.0, 1.0, 1.0, 1.0, 1.0, 1.0, 1.0, 1.0]","[1.0, 0.9107999801635742, 0.9409000277519226, 0.9462000131607056, 0.9314000010490417, 0.920199990272522, 0.9218000173568726, 0.9355999827384949, 0.9549999833106995, 0.947700023651123]",0.85645,0.3088234,12.334671,16.87606,259.39114
