acceptance rate,gt in support,C2ST,MMD,KSD_GAUSS,MEDDIST,NLTP,RT
"[1.0, -0.005946958903223276, -0.0047378502786159515, -0.055196668952703476, -0.048274051398038864, -0.048565350472927094, -0.04764353111386299, -0.06411503255367279, -0.050439245998859406, -0.08265207707881927]","[1.0, 0.9990000128746033, 0.9990000128746033, 0.9990000128746033, 0.9993000030517578, 0.9994000196456909, 0.9994000196456909, 0.9993000030517578, 0.9994999766349792, 0.9994999766349792]",0.60105,0.005946636,25074.082,1.5559782,-1.9945984,347.71265
