acceptance rate,gt in support,iw var,C2ST,MMD,MEDDIST,NLTP,RT
"[1.0, -0.20197121798992157, -0.294392853975296, -0.3295685946941376, -0.33677035570144653, -0.3638131320476532, -0.3945872187614441, -0.41217684745788574, -0.3523236811161041, -0.34785041213035583]","[1.0, 0.9994000196456909, 0.9988999962806702, 0.9980999827384949, 0.9988999962806702, 0.9987999796867371, 0.9984999895095825, 0.9986000061035156, 0.9994000196456909, 0.9994000196456909]","[0.0, 393.4477844238281, 392.62738037109375, 375.7055358886719, 390.678466796875, 390.6600036621094, 383.6055603027344, 383.5662841796875, 385.48223876953125, 389.466064453125]",0.52425,0.0008318424,1.5136218,0.5808077,11735.893
