acceptance rate,gt in support,C2ST,MMD,MEDDIST,NLTP,RT
"[1.0, -1.247610092163086, -1.297268033027649, -1.7721989154815674, -2.2560312747955322, -2.9372575283050537, -2.8767950534820557, -2.9074275493621826, -2.8790524005889893, -3.0464518070220947]","[1.0, 0.9998000264167786, 1.0, 1.0, 1.0, 0.9998999834060669, 0.9997000098228455, 0.9997000098228455, 1.0, 0.9998000264167786]",0.94725,0.14630741,17.069885,-11.90576,5602.6235
