acceptance rate,gt in support,iw var,C2ST,MMD,MEDDIST,NLTP,RT
"[1.0, -0.5221555233001709, -0.6263525485992432, -0.6616231799125671, -0.7016564607620239, -0.7915970087051392, -0.7968505024909973, -0.7482401132583618, -0.8294030427932739, -0.8989406824111938]","[1.0, 1.0, 1.0, 1.0, 1.0, 1.0, 1.0, 1.0, 1.0, 1.0]","[0.0, 1.6969242011555252e-08, 1.7243349859086265e-08, 1.693230977650728e-08, 1.5018457588666934e-08, 1.7542967967187906e-08, 1.5380273055143334e-08, 1.5808668152317296e-08, 1.685604900103499e-08, 1.7262596685441167e-08]",0.7879,0.19309187,14.338812,2.4707108,872.0158
