acceptance rate,gt in support,C2ST,MMD,KSD_GAUSS,MEDDIST,NLTP,RT
"[1.0, -0.719801127910614, -1.1587656736373901, -1.1786912679672241, -1.4405208826065063, -1.4918071031570435, -1.5659492015838623, -1.791610598564148, -1.7195676565170288, -1.7227585315704346]","[1.0, 0.9330999851226807, 0.9560999870300293, 0.9710999727249146, 0.9768999814987183, 0.9807000160217285, 0.9786999821662903, 0.9799000024795532, 0.9832000136375427, 0.9840999841690063]",0.71035,0.15552974,88361.74,10.627457,4.661042,242.38428
