acceptance rate,gt in support,C2ST,MMD,KSD_GAUSS,MEDDIST,NLTP,RT
"[1.0, -0.006409499794244766, -0.0066960775293409824, -0.13162009418010712, -0.16928307712078094, -0.45506423711776733, -0.46117499470710754, -0.5122608542442322, -0.5937153697013855, -0.638498842716217]","[1.0, 0.9922000169754028, 0.9934999942779541, 0.9891999959945679, 0.9833999872207642, 0.9527999758720398, 0.9639999866485596, 0.9729999899864197, 0.9796000123023987, 0.9882000088691711]",0.851,0.1714158,38656.09,12.178347,11.445193,218.192
