acceptance rate,gt in support,C2ST,MMD,KSD_GAUSS,MEDDIST,NLTP,RT
"[1.0, -0.44510722160339355, -0.5113083124160767, -0.5793430209159851, -0.699476957321167, -0.7227728962898254, -0.7758987545967102, -0.7747337818145752, -0.8149032592773438, -0.8057236075401306]","[1.0, 1.0, 1.0, 1.0, 1.0, 1.0, 1.0, 1.0, 1.0, 1.0]",0.52165,0.0006748438,inf,0.08928755,-4.077209,342.13275
