acceptance rate,gt in support,C2ST,MMD,KSD_GAUSS,MEDDIST,NLTP,RT
"[1.0, -0.013564206659793854, -0.010950852185487747, -0.08945564180612564, -0.08399375528097153, -0.07992887496948242, -0.08330922573804855, -0.07422395795583725, -0.11033422499895096, -0.14608895778656006]","[1.0, 0.9983999729156494, 0.9987999796867371, 0.998199999332428, 0.9986000061035156, 0.9987999796867371, 0.9993000030517578, 0.9994999766349792, 0.9986000061035156, 0.9988999962806702]",0.6209,0.010556102,45882.977,1.6004021,1.3157015,370.90802
