acceptance rate,gt in support,C2ST,MMD,MEDDIST,NLTP,RT
"[1.0, -0.027311302721500397, -0.021568410098552704, -0.22159551084041595, -0.2021441012620926, -0.2930689752101898, -0.3927237093448639, -0.4215135872364044, -0.6378946900367737, -1.2473114728927612]","[1.0, 1.0, 1.0, 1.0, 1.0, 1.0, 1.0, 1.0, 1.0, 1.0]",0.96755,0.50100255,28.43293,-15.515755,912.45184
