acceptance rate,gt in support,iw var,C2ST,MMD,MEDDIST,NLTP,RT
"[1.0, -0.006718134041875601, -0.007711646147072315, -0.02436145767569542, -0.0475950613617897, -0.23095518350601196, -0.7460564970970154, -0.911548912525177, -0.9908466935157776, -1.0439115762710571]","[1.0, 1.0, 1.0, 1.0, 1.0, 1.0, 1.0, 1.0, 1.0, 1.0]","[0.0, 6.266527281893058e-14, 8.228102444177154e-14, 1.4194701187034142e-12, 5.287127506636846e-12, 2.46899289207958e-11, 8.932667799887994e-11, 7.176873678682583e-11, 5.587030491027711e-11, 7.432095910919756e-11]",0.9967,0.558257,50.475098,-8.15336,3790.3542
