acceptance rate,gt in support,C2ST,MMD,MEDDIST,NLTP,RT
"[1.0, -0.17910920083522797, -0.5451170206069946, -0.7126462459564209, -1.1753102540969849, -1.092671275138855, -1.0548187494277954, -1.0103075504302979, -1.0042850971221924, -0.9139171242713928]","[1.0, 0.9208999872207642, 0.7645000219345093, 0.767799973487854, 0.7609000205993652, 0.819599986076355, 0.8489999771118164, 0.8898000121116638, 0.8935999870300293, 0.9117000102996826]",0.81165,0.03466642,22.321003,8.358634,298.96777
