acceptance rate,gt in support,iw var,C2ST,MMD,MEDDIST,NLTP,RT
"[1.0, -0.5125434398651123, -0.5036932229995728, -0.5425723195075989, -0.6391416192054749, -0.7128703594207764, -0.8405616879463196, -0.9573851227760315, -0.9501792192459106, -0.9541296362876892]","[1.0, 1.0, 1.0, 1.0, 1.0, 1.0, 1.0, 1.0, 1.0, 1.0]","[0.0, 1.769569557552586e-08, 1.556344209063809e-08, 1.8717017269409553e-08, 1.800511917338099e-08, 1.9435278275636847e-08, 1.6059454210903823e-08, 1.681331163183586e-08, 1.854029285652814e-08, 1.8722515093827496e-08]",0.51725,0.0019129515,0.08997192,-3.3550801,499.3729
