C2ST,C2ST_Z,MMD,MMD_Z,KSD_GAUSS,MEDDIST,C2ST_1K,C2ST_1K_Z,MMD_1K,MMD_1K_Z,KSD_GAUSS_1K,MEDDIST_1K,NLTP,RT
0.6739,0.7194,0.0006415844,0.0006415844,inf,0.09305478,0.608,0.714,-0.00014162064,-0.00014221668,inf,0.09250363,-3.3075225,80.71107
