acceptance rate,gt in support,C2ST,MMD,MEDDIST,NLTP,RT
"[1.0, -0.8058822751045227, -0.8917310237884521, -0.6984925866127014, -0.6497907638549805, -0.7037371397018433, -0.9067729115486145, -1.1135092973709106, -0.8914772868156433, -0.8744781017303467]","[1.0, 1.0, 1.0, 1.0, 1.0, 1.0, 1.0, 1.0, 1.0, 1.0]",0.49405,0.002067566,22.891047,-9.103923,6295.551
