C2ST,C2ST_Z,MMD,MMD_Z,KSD_GAUSS,MEDDIST,C2ST_1K,C2ST_1K_Z,MMD_1K,MMD_1K_Z,KSD_GAUSS_1K,MEDDIST_1K,NLTP,RT
0.5113,0.5112,0.0007586479,0.00075781345,2234.168,1.3821108,0.5195,0.5295,0.00083112717,0.00085258484,341.1303,1.376965,0.3786745,612.8379
