acceptance rate,gt in support,C2ST,MMD,KSD_GAUSS,MEDDIST,NLTP,RT
"[1.0, -0.010061006993055344, -0.014057368040084839, -0.03280317410826683, -0.03352975845336914, -0.1239265650510788, -0.4898573160171509, -0.6074085831642151, -0.5941416025161743, -0.7492954730987549]","[1.0, 1.0, 1.0, 1.0, 1.0, 1.0, 1.0, 1.0, 1.0, 1.0]",0.9944,0.5544458,381665020.0,50.422905,-7.7986584,103.77575
