C2ST,C2ST_Z,MMD,MMD_Z,KSD_GAUSS,MEDDIST,C2ST_1K,C2ST_1K_Z,MMD_1K,MMD_1K_Z,KSD_GAUSS_1K,MEDDIST_1K,NLTP,RT
0.5819,0.56285,0.0043934584,0.0044174194,19003.246,1.5258969,0.5555,0.5375,0.0025868416,0.002564311,1787.852,1.5053787,-0.9314804,140.96036
