C2ST,C2ST_Z,MMD,MMD_Z,KSD_GAUSS,MEDDIST,C2ST_1K,C2ST_1K_Z,MMD_1K,MMD_1K_Z,KSD_GAUSS_1K,MEDDIST_1K,NLTP,RT
0.5372,0.5413,0.0031119585,0.0031120777,inf,0.09096689,0.528,0.528,0.0024832487,0.0024837255,inf,0.092230186,-4.0828195,2109.5527
