acceptance rate,gt in support,C2ST,MMD,KSD_GAUSS,MEDDIST,NLTP,RT
"[1.0, -0.1394224613904953, -0.16260099411010742, -0.9942619800567627, -0.7970060110092163, -0.6078308820724487, -0.5814501643180847, -0.5731229186058044, -0.499523401260376, -0.4756471514701843]","[1.0, 0.9878000020980835, 0.9825999736785889, 0.8895999789237976, 0.9932000041007996, 0.9970999956130981, 0.9994999766349792, 0.9994000196456909, 0.9994999766349792, 0.9998999834060669]",0.89445,0.06670809,5201990000.0,24.116848,2.5400815,193.39441
