acceptance rate,gt in support,C2ST,MMD,KSD_GAUSS,MEDDIST,NLTP,RT
"[1.0, -0.16838617622852325, -0.2284492552280426, -0.38313955068588257, -0.4185813367366791, -0.42181938886642456, -0.4390179514884949, -0.49349498748779297, -0.5057758092880249, -0.5784372091293335]","[1.0, 1.0, 0.9998999834060669, 0.9998000264167786, 0.9995999932289124, 0.9994999766349792, 0.9994999766349792, 0.9993000030517578, 0.9991999864578247, 0.9987000226974487]",0.72915,0.00038456917,16742466.0,10.8409195,2.494339,2505.5027
