acceptance rate,gt in support,C2ST,MMD,MEDDIST,NLTP,RT
"[1.0, -2.1364617347717285, -2.1699578762054443, -2.4438276290893555, -3.2402126789093018, -3.202760696411133, -3.4857330322265625, -3.474290609359741, -3.8080759048461914, -3.6527297496795654]","[1.0, 1.0, 1.0, 1.0, 1.0, 1.0, 1.0, 1.0, 1.0, 1.0]",0.71065,0.10332888,129.26935,-16.751816,7486.1636
