C2ST,C2ST_Z,MMD,MMD_Z,KSD_GAUSS,MEDDIST,C2ST_1K,C2ST_1K_Z,MMD_1K,MMD_1K_Z,KSD_GAUSS_1K,MEDDIST_1K,NLTP,RT
0.6181,0.6223,0.002169788,0.0021689534,inf,0.09167031,0.508,0.569,0.0011106133,0.0011100173,inf,0.08921511,-3.492239,141.92638
