acceptance rate,gt in support,C2ST,MMD,MEDDIST,NLTP,RT
"[1.0, -1.9840874671936035, -2.1521341800689697, -2.285506010055542, -2.2537550926208496, -2.6053402423858643, -3.455714702606201, -3.5260372161865234, -3.6248300075531006, -3.620924949645996]","[1.0, 0.8180999755859375, 0.8794000148773193, 0.8810999989509583, 0.9815000295639038, 0.974399983882904, 0.9463000297546387, 0.9749000072479248, 0.9951000213623047, 0.9973000288009644]",0.9606,0.3943051,13.79456,-11.839177,9747.717
