acceptance rate,gt in support,iw var,C2ST,MMD,MEDDIST,NLTP,RT
"[1.0, -0.24568988382816315, -0.20117677748203278, -0.21041929721832275, -0.46012964844703674, -0.5505216121673584, -0.7084461450576782, -0.7307984828948975, -0.9584494233131409, -1.2305406332015991]","[1.0, 0.9998999834060669, 0.9998999834060669, 1.0, 0.9995999932289124, 0.9993000030517578, 0.9994999766349792, 0.9994000196456909, 0.9991000294685364, 0.998199999332428]","[0.0, 1.711900132761457e-08, 1.7604403268478563e-08, 1.5521520069228245e-08, 1.7342184577273656e-08, 1.893557843857252e-08, 1.6550943726656442e-08, 1.7149600850530078e-08, 1.8326337780649737e-08, 1.792867188044056e-08]",0.8494,0.03160453,3.5512736,1.2060399,33799.438
