acceptance rate,gt in support,C2ST,MMD,MEDDIST,NLTP,RT
"[1.0, -0.012959735468029976, -0.06331038475036621, -0.3334819972515106, -0.7137306928634644, -0.8876045346260071, -1.068626880645752, -1.1117773056030273, -1.1574739217758179, -1.5593461990356445]","[1.0, 0.9998000264167786, 0.9988999962806702, 0.9965999722480774, 0.9965000152587891, 0.9948999881744385, 0.9955000281333923, 0.9952999949455261, 0.9944999814033508, 0.9854000210762024]",0.8796,0.13660443,3.286427,1.2990025,438.82574
