acceptance rate,gt in support,C2ST,MMD,KSD_GAUSS,MEDDIST,NLTP,RT
"[1.0, -0.02622581087052822, -0.04296769201755524, -0.04385560378432274, -0.050805237144231796, -0.048176974058151245, -0.047304410487413406, -0.048079948872327805, -0.05376887321472168, -0.07412093877792358]","[1.0, 1.0, 0.9998999834060669, 0.9998999834060669, 1.0, 1.0, 1.0, 1.0, 1.0, 1.0]",0.50605,0.00086295605,2970.8862,1.3170146,-0.93604374,702.7662
