acceptance rate,gt in support,iw var,C2ST,MMD,MEDDIST,NLTP,RT
"[1.0, -0.9169355630874634, -0.8695456385612488, -0.9106444716453552, -1.161780834197998, -1.2295812368392944, -1.2616784572601318, -1.2140005826950073, -1.3023141622543335, -1.3579227924346924]","[1.0, 1.0, 1.0, 1.0, 1.0, 1.0, 1.0, 1.0, 1.0, 1.0]","[0.0, 1.7657562911832514e-11, 1.078698328577099e-11, 1.6569263322496752e-11, 2.8673756077846058e-11, 2.7740540767262623e-11, 3.922160166092148e-11, 4.428744870832446e-11, 5.431019869939213e-11, 3.978124427095331e-11]",0.4978,0.002237916,27.0,-8.760564,1892.2013
