acceptance rate,gt in support,C2ST,MMD,KSD_GAUSS,MEDDIST,NLTP,RT
"[1.0, -0.007071109022945166, -0.005594870075583458, -0.02856179140508175, -0.05381803959608078, -0.48270514607429504, -0.45071059465408325, -0.7412031292915344, -0.6669156551361084, -0.697539210319519]","[1.0, 1.0, 1.0, 1.0, 1.0, 0.9995999932289124, 0.9997000098228455, 0.9994999766349792, 1.0, 1.0]",0.8553,0.15644592,71487.2,15.897308,2.7194166,96.271194
