acceptance rate,gt in support,C2ST,MMD,MEDDIST,NLTP,RT
"[1.0, -0.012624275870621204, -0.02470608428120613, -0.029025848954916, -0.056975655257701874, -0.054999448359012604, -0.0948520079255104, -0.09076499938964844, -0.09577148407697678, -0.27091625332832336]","[1.0, 0.9801999926567078, 0.9661999940872192, 0.9739000201225281, 0.972000002861023, 0.9732999801635742, 0.9678999781608582, 0.9735999703407288, 0.9721999764442444, 0.9190000295639038]",0.95605,0.13951814,19.026762,13.035323,4294.08
