acceptance rate,gt in support,iw var,C2ST,MMD,MEDDIST,NLTP,RT
"[1.0, -0.007512777578085661, -0.01940586231648922, -0.013385011814534664, -0.5065070986747742, -0.6156824231147766, -0.9725281000137329, -1.0816470384597778, -0.958015501499176, -1.0855348110198975]","[1.0, 1.0, 1.0, 1.0, 1.0, 1.0, 1.0, 1.0, 1.0, 1.0]","[0.0, 1.588077225278539e-08, 1.743384281382987e-08, 1.5886186588431883e-08, 1.7141413621857282e-08, 1.6767856436672446e-08, 1.6309138928249922e-08, 1.5990385904274262e-08, 1.5988094403951436e-08, 1.8141086854939203e-08]",0.85415,0.3041594,35.909607,-6.2672048,139.05646
