acceptance rate,gt in support,C2ST,MMD,MEDDIST,NLTP,RT
"[1.0, -0.5963648557662964, -0.6653452515602112, -0.7093347907066345, -0.8242397308349609, -0.9488045573234558, -0.9900394678115845, -0.9464094042778015, -0.9123368859291077, -0.9811331629753113]","[1.0, 1.0, 1.0, 1.0, 1.0, 1.0, 1.0, 1.0, 1.0, 1.0]",0.53665,0.0050822496,0.086339444,-1.7536949,3367.5854
