acceptance rate,gt in support,C2ST,MMD,MEDDIST,NLTP,RT
"[1.0, 1.0, 1.0, 1.0, 1.0, 1.0, 1.0, 1.0, 1.0, 1.0]","[1.0, 0.9898999929428101, 0.989799976348877, 0.9911999702453613, 0.9575999975204468, 0.9704999923706055, 0.9603000283241272, 0.9785000085830688, 0.9763000011444092, 0.9861999750137329]",0.8115,0.16034526,12.022606,10.291559,248.885
