C2ST,C2ST_Z,MMD,MMD_Z,KSD_GAUSS,MEDDIST,C2ST_1K,C2ST_1K_Z,MMD_1K,MMD_1K_Z,KSD_GAUSS_1K,MEDDIST_1K,NLTP,RT
0.5007,0.5714,0.016767383,0.019338727,220607.3,21.213203,0.4785,0.562,0.016308427,0.020961642,57428.066,21.154192,-5.7141876,273.99866
