C2ST,C2ST_Z,MMD,MMD_Z,KSD_GAUSS,MEDDIST,C2ST_1K,C2ST_1K_Z,MMD_1K,MMD_1K_Z,KSD_GAUSS_1K,MEDDIST_1K,NLTP,RT
0.994,0.9944,0.09297657,0.51022625,140240450000000.0,26.338604,0.9865,0.9865,0.08657837,0.50443935,11590947000000.0,26.242605,8.721202,79.43504
