acceptance rate,gt in support,C2ST,MMD,KSD_GAUSS,MEDDIST,NLTP,RT
"[1.0, -0.005023326724767685, -0.005023326724767685, -0.006035012658685446, -0.009905469603836536, -0.007071109022945166, -0.010127667337656021, -0.014730767346918583, -0.013474586419761181, -0.01691523753106594]","[1.0, 0.9294000267982483, 0.9322999715805054, 0.9807000160217285, 0.9832000136375427, 0.9818999767303467, 0.9864000082015991, 0.9711999893188477, 0.9878000020980835, 0.9846000075340271]",0.98315,0.16412568,188491700000000.0,19.857618,7.8556137,60.24902
