C2ST,C2ST_Z,MMD,MMD_Z,KSD_GAUSS,MEDDIST,C2ST_1K,C2ST_1K_Z,MMD_1K,MMD_1K_Z,KSD_GAUSS_1K,MEDDIST_1K,NLTP,RT
0.5328,0.53395,0.0040750504,0.004088998,16162.367,1.5835867,0.5165,0.52,0.004412532,0.0043941736,2134.2595,1.5696719,-2.8933125,665.8781
