acceptance rate,gt in support,iw var,C2ST,MMD,MEDDIST,NLTP,RT
"[1.0, -0.6425607204437256, -0.5781083106994629, -0.6397475004196167, -0.6925039887428284, -0.7149680852890015, -0.7632948160171509, -0.8097483515739441, -0.8473677635192871, -0.84809410572052]","[1.0, 1.0, 1.0, 1.0, 1.0, 1.0, 1.0, 1.0, 1.0, 1.0]","[0.0, 1.6543650005473864e-08, 1.6166479710477688e-08, 1.6885298492752554e-08, 1.76220691372464e-08, 1.8705460291812415e-08, 1.7228014570491723e-08, 1.735253896129052e-08, 1.8870554896466274e-08, 1.5543236031589913e-08]",0.56425,5.2452087e-05,0.08693853,-2.8076718,773.73334
