acceptance rate,gt in support,C2ST,MMD,MEDDIST,NLTP,RT
"[1.0, 1.0, 1.0, 1.0, 1.0, 1.0, 1.0, 1.0, 1.0, 1.0]","[1.0, 0.9668999910354614, 0.97079998254776, 0.9135000109672546, 0.92330002784729, 0.9359999895095825, 0.9355999827384949, 0.9399999976158142, 0.9046000242233276, 0.895799994468689]",0.9815,0.20273232,19.393986,16.010635,192.79007
