acceptance rate,gt in support,C2ST,MMD,MEDDIST,NLTP,RT
"[1.0, -1.7437806129455566, -2.127002477645874, -2.2251789569854736, -2.2550554275512695, -2.275984287261963, -2.2763750553131104, -2.306845188140869, -2.294801712036133, -2.2928621768951416]","[1.0, 0.9998999834060669, 0.9994999766349792, 0.9994000196456909, 0.9991999864578247, 0.9988999962806702, 0.9991000294685364, 0.9990000128746033, 0.9994000196456909, 0.9994000196456909]",0.55315,0.006786704,16.159124,-0.8374882,5654.9126
