acceptance rate,gt in support,C2ST,MMD,MEDDIST,NLTP,RT
"[1.0, -0.027473200112581253, -0.16934718191623688, -0.5899401903152466, -0.6107630133628845, -0.6405439972877502, -0.7809396386146545, -1.4042918682098389, -1.4271713495254517, -1.2526313066482544]","[1.0, 0.9217000007629395, 0.9555000066757202, 0.9207000136375427, 0.9023000001907349, 0.9429000020027161, 0.9478999972343445, 0.8840000033378601, 0.9088000059127808, 0.9401999711990356]",0.8213,0.21160412,11.188541,5.120631,7489.0024
