acceptance rate,gt in support,C2ST,MMD,KSD_GAUSS,MEDDIST,NLTP,RT
"[1.0, -0.007866399362683296, -0.009905469603836536, -0.011173611506819725, -0.009195136837661266, -0.01055020373314619, -0.012132737785577774, -0.009505758062005043, -0.010572430677711964, -0.0104834521189332]","[1.0, 0.9954000115394592, 0.9958000183105469, 0.9954000115394592, 0.9980999827384949, 0.9983000159263611, 0.9994999766349792, 0.9995999932289124, 0.9998000264167786, 0.9998000264167786]",0.9588,0.1773569,90701420000000.0,10.301916,6.809857,73.51148
