acceptance rate,gt in support,iw var,C2ST,MMD,MEDDIST,NLTP,RT
"[1.0, -0.18405720591545105, -0.35255181789398193, -0.6140364408493042, -0.975678563117981, -1.0729291439056396, -1.1184115409851074, -1.16048002243042, -1.2387405633926392, -1.238907814025879]","[1.0, 1.0, 1.0, 1.0, 1.0, 1.0, 1.0, 1.0, 1.0, 1.0]","[0.0, 1.8042332072809586e-08, 1.6891910092908802e-08, 1.7088723325286992e-08, 1.6852586881555e-08, 1.964582629909728e-08, 1.889562106782705e-08, 1.5140193099227872e-08, 1.649837777506491e-08, 1.8865186746097606e-08]",0.63845,0.00081157684,0.08748837,-4.2129154,228.70908
