acceptance rate,gt in support,C2ST,MMD,KSD_GAUSS,MEDDIST,NLTP,RT
"[1.0, -0.44097164273262024, -0.446521520614624, -0.843667209148407, -0.8229584693908691, -0.8362849950790405, -0.9161790013313293, -1.1953070163726807, -1.231197476387024, -1.207690715789795]","[1.0, 1.0, 1.0, 1.0, 1.0, 1.0, 1.0, 1.0, 1.0, 1.0]",0.591,0.026390195,121066.1,11.705933,6.4713707,438.84885
