acceptance rate,gt in support,iw var,C2ST,MMD,MEDDIST,NLTP,RT
"[1.0, -0.1967477947473526, -0.1349553018808365, -0.18963304162025452, -0.2530546188354492, -0.24420136213302612, -0.3784429132938385, -0.398773193359375, -0.4456319808959961, -0.4091581404209137]","[1.0, 0.9983999729156494, 0.9997000098228455, 0.9997000098228455, 1.0, 0.9998999834060669, 1.0, 1.0, 1.0, 1.0]","[0.0, 1.5569829869832574e-08, 1.6640495204001127e-08, 1.819654293910844e-08, 1.5780084794414506e-08, 1.9708187082301265e-08, 1.7485923820004245e-08, 1.6699239324680093e-08, 1.5917603235493516e-08, 1.628645307505394e-08]",0.8168,0.017084956,10.880508,3.9679434,32361.283
