acceptance rate,gt in support,C2ST,MMD,KSD_GAUSS,MEDDIST,NLTP,RT
"[1.0, -0.0011959720868617296, -0.0008477121591567993, -0.09237370640039444, -0.08204835653305054, -0.1466364860534668, -0.5365176200866699, -0.5113787651062012, -0.6563944816589355, -0.6925467848777771]","[1.0, 0.9994000196456909, 0.9998999834060669, 0.9940999746322632, 0.9973999857902527, 0.9970999956130981, 0.9898999929428101, 0.9909999966621399, 0.9787999987602234, 0.9857000112533569]",0.9062,0.25838423,150701.61,14.753902,12.711872,252.06454
