acceptance rate,gt in support,C2ST,MMD,KSD_GAUSS,MEDDIST,NLTP,RT
"[1.0, -0.5752408504486084, -0.8827286958694458, -0.9315667748451233, -1.337585687637329, -1.3835034370422363, -1.386834979057312, -1.4020096063613892, -1.4467029571533203, -1.5071126222610474]","[1.0, 0.9516000151634216, 0.955299973487854, 0.9714000225067139, 0.9616000056266785, 0.9657999873161316, 0.9682000279426575, 0.9689000248908997, 0.9797999858856201, 0.9767000079154968]",0.61625,0.037540197,171724.25,10.715634,5.4016447,218.33661
