acceptance rate,gt in support,iw var,C2ST,MMD,MEDDIST,NLTP,RT
"[1.0, -0.5675919651985168, -0.670195460319519, -0.820202112197876, -0.7612014412879944, -1.0064034461975098, -1.0032496452331543, -1.0748169422149658, -1.2612611055374146, -1.1002635955810547]","[1.0, 0.9713000059127808, 0.9819999933242798, 0.9926000237464905, 0.998199999332428, 0.9937999844551086, 0.9969000220298767, 0.9983999729156494, 0.9968000054359436, 0.9990000128746033]","[0.0, 1.886476042045615e-08, 1.6404793967694786e-08, 1.5634922689855557e-08, 1.5554880050672182e-08, 1.659739368164992e-08, 1.609936362001463e-08, 1.8355260422708852e-08, 1.634664670291386e-08, 1.6040708317177632e-08]",0.78525,0.13349557,11.760696,9.374548,1081.799
