acceptance rate,gt in support,C2ST,MMD,KSD_GAUSS,MEDDIST,NLTP,RT
"[1.0, -0.00735815055668354, -0.008751781657338142, -0.011530227959156036, -0.02537318505346775, -0.023627102375030518, -0.016509050503373146, -0.021819494664669037, -0.026064375415444374, -0.01961025409400463]","[1.0, 0.9998999834060669, 1.0, 1.0, 1.0, 1.0, 1.0, 1.0, 1.0, 1.0]",0.50915,0.0007184744,2016.4954,1.314039,-0.8268404,778.2825
