acceptance rate,gt in support,C2ST,MMD,MEDDIST,NLTP,RT
"[1.0, -0.22311730682849884, -0.5465670228004456, -0.8345437049865723, -0.8941493034362793, -1.0351406335830688, -1.1568918228149414, -2.238210439682007, -2.29329514503479, -2.429708957672119]","[1.0, 1.0, 1.0, 1.0, 1.0, 1.0, 1.0, 1.0, 1.0, 1.0]",0.84685,0.22025037,16.800053,-14.855644,3754.2844
