acceptance rate,gt in support,iw var,C2ST,MMD,MEDDIST,NLTP,RT
"[1.0, -0.02429254911839962, -0.04871107265353203, -0.06910189986228943, -0.06717123091220856, -0.06961139291524887, -0.07298915088176727, -0.06545106321573257, -0.08751223981380463, -0.08071266114711761]","[1.0, 1.0, 0.9998999834060669, 0.9998000264167786, 0.9998000264167786, 0.9998000264167786, 0.9998000264167786, 0.9998000264167786, 0.9998999834060669, 0.9998999834060669]","[0.0, 396.5455017089844, 381.1825866699219, 391.7582702636719, 389.8614196777344, 388.12872314453125, 383.4796142578125, 390.09796142578125, 387.106201171875, 390.7427062988281]",0.50655,0.00022447109,1.3122649,-0.11367607,11187.833
