acceptance rate,gt in support,iw var,C2ST,MMD,MEDDIST,NLTP,RT
"[1.0, -0.6893491744995117, -0.6116856336593628, -0.7484428882598877, -0.7534193396568298, -0.7336899042129517, -0.8529423475265503, -1.0126181840896606, -0.9657727479934692, -0.9578184485435486]","[1.0, 1.0, 1.0, 1.0, 1.0, 1.0, 1.0, 1.0, 1.0, 1.0]","[0.0, 1.994177090125504e-08, 1.5803722774876405e-08, 1.473821775732631e-08, 1.626383294706102e-08, 1.7190208367878768e-08, 1.773135771543366e-08, 1.7284763842440043e-08, 1.6377693867752896e-08, 1.6358800536409035e-08]",0.51355,0.031550527,28.442924,-8.231392,537.717
