acceptance rate,gt in support,C2ST,MMD,MEDDIST,NLTP,RT
"[1.0, -0.34633734822273254, -0.35674476623535156, -0.703627347946167, -0.7934439778327942, -1.066259741783142, -1.167917013168335, -1.6195733547210693, -1.6615867614746094, -1.7875117063522339]","[1.0, 1.0, 1.0, 1.0, 1.0, 1.0, 1.0, 1.0, 1.0, 1.0]",0.7606,0.21781796,22.97994,-14.374131,5672.4897
