acceptance rate,gt in support,C2ST,MMD,MEDDIST,NLTP,RT
"[1.0, -0.6078308820724487, -1.1735795736312866, -1.724859356880188, -1.4302793741226196, -1.7585479021072388, -2.1813228130340576, -2.069629430770874, -1.9370076656341553, -1.7934739589691162]","[1.0, 1.0, 1.0, 1.0, 1.0, 1.0, 1.0, 1.0, 1.0, 1.0]",0.987,0.53709877,342.76785,-11.443217,3100.0378
