acceptance rate,gt in support,iw var,C2ST,MMD,MEDDIST,NLTP,RT
"[1.0, -0.20370326936244965, -0.1445111334323883, -0.21899904310703278, -0.44769689440727234, -0.44891610741615295, -0.516733705997467, -0.5895602107048035, -0.5628442764282227, -0.507169783115387]","[1.0, 1.0, 1.0, 1.0, 1.0, 1.0, 1.0, 1.0, 1.0, 1.0]","[0.0, 1.7176391864381912e-08, 1.5066339287272967e-08, 2.0658585953015063e-08, 1.769072532908922e-08, 1.670460569869192e-08, 1.828619389243613e-08, 1.6397009972024534e-08, 1.6705870464761574e-08, 2.1289803697754905e-08]",0.7046,0.0074238777,0.09127068,-3.2085202,600.82324
