acceptance rate,gt in support,C2ST,MMD,MEDDIST,NLTP,RT
"[1.0, -0.9393021464347839, -0.9656924605369568, -1.031899333000183, -1.2279804944992065, -1.2996424436569214, -1.3963793516159058, -1.668421983718872, -1.879729151725769, -1.9330676794052124]","[1.0, 0.9998000264167786, 1.0, 1.0, 1.0, 1.0, 1.0, 0.9993000030517578, 0.9997000098228455, 0.9997000098228455]",0.5358,0.00057423115,0.08989345,-4.4405665,3677.6313
