C2ST,C2ST_Z,MMD,MMD_Z,KSD_GAUSS,MEDDIST,C2ST_1K,C2ST_1K_Z,MMD_1K,MMD_1K_Z,KSD_GAUSS_1K,MEDDIST_1K,NLTP,RT
0.7407,0.7359,0.0017615557,0.0047439337,107913.734,11.050095,0.6325,0.628,0.002434373,0.004835248,9638.893,11.359873,2.2313526,3921.3875
