C2ST,C2ST_Z,MMD,MMD_Z,KSD_GAUSS,MEDDIST,C2ST_1K,C2ST_1K_Z,MMD_1K,MMD_1K_Z,KSD_GAUSS_1K,MEDDIST_1K,NLTP,RT
0.99785,0.9997,0.6972667,0.6857292,157082060000.0,342.13794,0.995,0.998,0.69742644,0.6850594,15982453000.0,342.81247,-8.041566,110.63447
