acceptance rate,gt in support,C2ST,MMD,MEDDIST,NLTP,RT
"[1.0, 1.0, 1.0, 1.0, 1.0, 1.0, 1.0, 1.0, 1.0, 1.0]","[1.0, 1.0, 1.0, 0.9998999834060669, 0.9997000098228455, 0.9995999932289124, 0.9998999834060669, 1.0, 1.0, 1.0]",0.54625,0.011186242,0.08918324,-3.6891227,642.8035
