acceptance rate,gt in support,C2ST,MMD,MEDDIST,NLTP,RT
"[1.0, -0.65083909034729, -0.9686723351478577, -1.2716034650802612, -1.2941362857818604, -1.4146227836608887, -1.4273865222930908, -1.4708263874053955, -1.7583333253860474, -1.821839451789856]","[1.0, 1.0, 1.0, 1.0, 1.0, 0.9998999834060669, 0.9998999834060669, 0.9998999834060669, 0.9997000098228455, 0.9997000098228455]",0.6195,0.034302354,12.361334,1.5691671,8496.398
