acceptance rate,gt in support,C2ST,MMD,MEDDIST,NLTP,RT
"[1.0, 1.0, 1.0, 1.0, 1.0, 1.0, 1.0, 1.0, 1.0, 1.0]","[1.0, 0.9995999932289124, 0.9995999932289124, 0.9988999962806702, 0.9984999895095825, 0.9977999925613403, 0.9965000152587891, 0.9954000115394592, 0.9952999949455261, 0.9937999844551086]",0.7526,0.0052553415,3.1993945,-0.048788548,9332.3955
