acceptance rate,gt in support,C2ST,MMD,MEDDIST,NLTP,RT
"[1.0, -0.7768750786781311, -0.9500501751899719, -1.2603027820587158, -1.3932747840881348, -1.4044189453125, -1.5928215980529785, -1.6345970630645752, -1.6476459503173828, -1.6580066680908203]","[1.0, 1.0, 1.0, 0.9997000098228455, 0.9998000264167786, 0.9998000264167786, 0.9997000098228455, 0.9998000264167786, 0.9995999932289124, 0.9994000196456909]",0.5109,0.002445519,0.08943087,-3.3361497,365.44513
