acceptance rate,gt in support,C2ST,MMD,MEDDIST,NLTP,RT
"[1.0, -0.1253732442855835, -0.5432165861129761, -0.8880656957626343, -1.0116032361984253, -1.6434526443481445, -1.8108336925506592, -2.351184844970703, -2.4591753482818604, -2.471161365509033]","[1.0, 1.0, 1.0, 1.0, 1.0, 1.0, 1.0, 1.0, 1.0, 1.0]",0.981,0.40118244,17.841621,-9.810961,3717.013
