acceptance rate,gt in support,C2ST,MMD,MEDDIST,NLTP,RT
"[1.0, -0.26217153668403625, -0.8123987317085266, -0.8423705697059631, -1.609021782875061, -1.4530320167541504, -1.8060497045516968, -1.8368127346038818, -1.7471036911010742, -1.8000563383102417]","[1.0, 1.0, 1.0, 1.0, 1.0, 1.0, 1.0, 1.0, 1.0, 1.0]",0.97705,0.51472306,14.687002,-11.798133,911.6679
