C2ST,C2ST_Z,MMD,MMD_Z,KSD_GAUSS,MEDDIST,C2ST_1K,C2ST_1K_Z,MMD_1K,MMD_1K_Z,KSD_GAUSS_1K,MEDDIST_1K,NLTP,RT
0.5005,0.5587,0.0028303862,0.0027464628,2704773.5,20.663979,0.4815,0.553,0.0005828142,0.0005518198,453817.6,20.34699,-9.945534,1568.6278
