C2ST,C2ST_Z,MMD,MMD_Z,KSD_GAUSS,MEDDIST,C2ST_1K,C2ST_1K_Z,MMD_1K,MMD_1K_Z,KSD_GAUSS_1K,MEDDIST_1K,NLTP,RT
0.86025,0.86615,0.40508235,0.39567485,7696952.5,51.83146,0.861,0.869,0.39958274,0.39217794,808168.6,50.169647,-4.306005,110.0913
