acceptance rate,gt in support,C2ST,MMD,KSD_GAUSS,MEDDIST,NLTP,RT
"[1.0, -0.43066510558128357, -0.5230597257614136, -0.5920994877815247, -0.7903701066970825, -0.776936948299408, -0.907279372215271, -0.8594526648521423, -1.0020579099655151, -1.0619391202926636]","[1.0, 1.0, 1.0, 1.0, 1.0, 1.0, 1.0, 1.0, 1.0, 1.0]",0.5218,0.0014513731,inf,0.08858868,-4.1002336,1560.0493
