acceptance rate,gt in support,C2ST,MMD,MEDDIST,NLTP,RT
"[1.0, -0.8623294830322266, -0.9591999650001526, -1.1804560422897339, -1.3798222541809082, -1.4204281568527222, -1.5399186611175537, -1.5769267082214355, -1.5893309116363525, -1.6118727922439575]","[1.0, 1.0, 1.0, 1.0, 1.0, 1.0, 1.0, 1.0, 1.0, 1.0]",0.50645,2.2172928e-05,0.086228006,-4.188499,2879.6873
