acceptance rate,gt in support,C2ST,MMD,MEDDIST,NLTP,RT
"[1.0, -0.5435580611228943, -0.4861833453178406, -0.6690183877944946, -1.0708366632461548, -1.0142878293991089, -0.9077082872390747, -0.9462814927101135, -0.8991557955741882, -0.7654827237129211]","[1.0, 0.9998999834060669, 1.0, 1.0, 1.0, 1.0, 1.0, 1.0, 1.0, 1.0]",0.50425,0.00274086,23.409399,-8.668432,2440.259
