acceptance rate,gt in support,iw var,C2ST,MMD,MEDDIST,NLTP,RT
"[1.0, -0.2419590950012207, -0.20059050619602203, -0.23485320806503296, -0.30768194794654846, -0.43297362327575684, -0.43215054273605347, -0.4317200183868408, -0.6108694076538086, -0.747875452041626]","[1.0, 1.0, 1.0, 1.0, 1.0, 1.0, 1.0, 1.0, 1.0, 1.0]","[0.0, 1.6618024289982714e-08, 1.56971147191598e-08, 1.7959814968548926e-08, 2.11673754080266e-08, 1.6358320920062397e-08, 1.6362541543912812e-08, 1.7626513582058578e-08, 1.5773217398873385e-08, 1.6929424973000096e-08]",0.5497,0.0002002716,0.091434404,-1.9613218,406.22818
