acceptance rate,gt in support,iw var,C2ST,MMD,MEDDIST,NLTP,RT
"[1.0, -0.009638945572078228, -0.009594562463462353, -0.010572430677711964, -0.01037224754691124, -0.01995115540921688, -0.03618858754634857, -0.11033422499895096, -0.17986425757408142, -0.13912320137023926]","[1.0, 1.0, 1.0, 1.0, 1.0, 1.0, 1.0, 1.0, 1.0, 1.0]","[0.0, 1.639273072839842e-08, 1.6177883921386638e-08, 1.9157248232204438e-08, 1.5429197475214096e-08, 1.656009729344987e-08, 1.577832442478666e-08, 1.5636141270647386e-08, 1.5239074002693087e-08, 1.6015029302707262e-08]",0.85495,0.48886624,22.315914,-4.114121,140.43896
