acceptance rate,gt in support,iw var,C2ST,MMD,MEDDIST,NLTP,RT
"[1.0, -0.01144105289131403, -0.039386551827192307, -0.046191997826099396, -0.06981536000967026, -0.0694584846496582, -0.06273294240236282, -0.09810596704483032, -0.07448166608810425, -0.11350928246974945]","[1.0, 0.9997000098228455, 0.9994000196456909, 0.9993000030517578, 0.9994999766349792, 0.9994999766349792, 0.9997000098228455, 0.9993000030517578, 0.9998000264167786, 0.9993000030517578]","[0.0, 389.7631530761719, 383.7882080078125, 384.4101257324219, 390.427490234375, 373.82672119140625, 387.99090576171875, 391.8865966796875, 394.7216796875, 383.2197570800781]",0.5712,0.0019558668,1.3555543,1.7593298,869.0487
