acceptance rate,gt in support,iw var,C2ST,MMD,MEDDIST,NLTP,RT
"[1.0, -0.13418561220169067, -0.119786836206913, -0.2432878464460373, -0.3674752414226532, -0.5072745680809021, -0.5775743126869202, -0.6306357383728027, -0.6934034824371338, -0.7944089770317078]","[1.0, 0.9768999814987183, 0.9932000041007996, 0.9997000098228455, 0.9998000264167786, 0.9998999834060669, 0.9998000264167786, 0.9997000098228455, 0.9995999932289124, 0.9994999766349792]","[0.0, 1.619179279543914e-08, 1.817572403695067e-08, 1.7023966236706656e-08, 1.7092949278207925e-08, 1.6978056294192356e-08, 1.5334007841261155e-08, 1.725923759465786e-08, 1.7177294253656328e-08, 1.5797004593309794e-08]",0.9084,0.04570985,24.647457,3.9217808,863.0703
