C2ST,C2ST_Z,MMD,MMD_Z,KSD_GAUSS,MEDDIST,C2ST_1K,C2ST_1K_Z,MMD_1K,MMD_1K_Z,KSD_GAUSS_1K,MEDDIST_1K,NLTP,RT
0.74965,0.73645,0.007974982,0.051113963,436188.47,19.343754,0.699,0.6855,0.009042382,0.051069975,13475.475,19.179167,1.8578812,5156.5186
