acceptance rate,gt in support,C2ST,MMD,KSD_GAUSS,MEDDIST,NLTP,RT
"[1.0, -0.370352566242218, -0.36771145462989807, -0.7003474235534668, -0.8080302476882935, -0.8647878170013428, -0.9192532896995544, -0.976624071598053, -1.1621171236038208, -1.1651555299758911]","[1.0, 1.0, 1.0, 1.0, 1.0, 1.0, 1.0, 1.0, 1.0, 1.0]",0.54855,0.0019677877,inf,0.08967881,-2.4522734,360.6189
