acceptance rate,gt in support,C2ST,MMD,MEDDIST,NLTP,RT
"[1.0, -0.41401317715644836, -0.7326326966285706, -1.211457371711731, -1.5167369842529297, -1.5256551504135132, -2.0270450115203857, -2.018980026245117, -2.262017011642456, -2.4165537357330322]","[1.0, 1.0, 1.0, 1.0, 1.0, 1.0, 1.0, 1.0, 1.0, 1.0]",0.922,0.28548878,14.986097,-16.108702,920.1362
