acceptance rate,gt in support,C2ST,MMD,KSD_GAUSS,MEDDIST,NLTP,RT
"[1.0, -0.00023894142941571772, -0.0003693167818710208, -0.0005649661761708558, -0.0005214751581661403, -0.0006084615597501397, -0.0004997312789782882, -0.0016098774503916502, -0.0035321242175996304, -0.0034664419945329428]","[1.0, 1.0, 1.0, 1.0, 1.0, 1.0, 1.0, 1.0, 1.0, 1.0]",0.6409,0.014606953,45044.527,1.4179533,1.7295074,245.5478
