C2ST,C2ST_Z,MMD,MMD_Z,KSD_GAUSS,MEDDIST,C2ST_1K,C2ST_1K_Z,MMD_1K,MMD_1K_Z,KSD_GAUSS_1K,MEDDIST_1K,NLTP,RT
0.73365,0.7232,0.007339716,0.03092897,13260.098,23.004726,0.6245,0.589,0.0052113533,0.024232745,1605.9825,22.845224,1.9553338,4284.0283
