acceptance rate,gt in support,iw var,C2ST,MMD,MEDDIST,NLTP,RT
"[1.0, -0.5308778285980225, -0.45850393176078796, -0.4662702679634094, -0.673541247844696, -0.651889979839325, -0.6364256143569946, -0.7530912756919861, -0.7868238687515259, -0.7744323015213013]","[1.0, 0.9882000088691711, 1.0, 1.0, 0.9998999834060669, 0.9994000196456909, 0.9998000264167786, 0.9998999834060669, 1.0, 0.9997000098228455]","[0.0, 1.6533403979224204e-08, 1.736610144575934e-08, 1.6378207234879483e-08, 1.8033276205642323e-08, 1.6826808391101622e-08, 1.6631357624419252e-08, 1.7717979972076137e-08, 1.5735132308236643e-08, 1.828226281475054e-08]",0.85715,0.026631951,19.712471,3.3102603,35204.4
