acceptance rate,gt in support,C2ST,MMD,MEDDIST,NLTP,RT
"[1.0, -0.05205191299319267, -0.08586850017309189, -0.15692302584648132, -0.13885405659675598, -0.18319548666477203, -0.2680085599422455, -0.2877713143825531, -0.2678878605365753, -0.2937944829463959]","[1.0, 0.9922999739646912, 0.9911999702453613, 0.9937999844551086, 0.9962000250816345, 0.9944000244140625, 0.9944999814033508, 0.9937000274658203, 0.995199978351593, 0.9955999851226807]",0.60555,0.007411003,1.5772758,-1.3209896,8295.466
