C2ST,C2ST_Z,MMD,MMD_Z,KSD_GAUSS,MEDDIST,C2ST_1K,C2ST_1K_Z,MMD_1K,MMD_1K_Z,KSD_GAUSS_1K,MEDDIST_1K,NLTP,RT
0.61855,0.60745,0.015424728,0.01536715,53035.766,1.3972154,0.5895,0.5855,0.012177467,0.012274861,4908.8706,1.3992474,2.4734612,44.538292
