C2ST,C2ST_Z,MMD,MMD_Z,KSD_GAUSS,MEDDIST,C2ST_1K,C2ST_1K_Z,MMD_1K,MMD_1K_Z,KSD_GAUSS_1K,MEDDIST_1K,NLTP,RT
0.52505,0.51625,0.0016178489,0.0016181469,inf,0.08977421,0.517,0.526,0.001869142,0.0018699169,inf,0.093296856,-4.3179283,254.0983
