acceptance rate,gt in support,C2ST,MMD,KSD_GAUSS,MEDDIST,NLTP,RT
"[1.0, -0.025557396933436394, -0.08079113066196442, -0.3932962417602539, -0.5370782017707825, -0.43969473242759705, -0.4534984529018402, -0.39140263199806213, -0.38397982716560364, -0.3253837525844574]","[1.0, 0.9979000091552734, 0.9973999857902527, 0.9814000129699707, 0.968999981880188, 0.9807999730110168, 0.991100013256073, 0.9944999814033508, 0.9914000034332275, 0.9926999807357788]",0.81505,0.0070570707,740885460000.0,26.642675,7.9498963,425.77298
