acceptance rate,gt in support,iw var,C2ST,MMD,MEDDIST,NLTP,RT
"[1.0, -1.1838830709457397, -1.1706104278564453, -1.133122205734253, -1.2384061813354492, -1.2992098331451416, -1.2952920198440552, -1.281664490699768, -1.2708778381347656, -1.3528296947479248]","[1.0, 1.0, 1.0, 1.0, 1.0, 1.0, 1.0, 1.0, 1.0, 1.0]","[0.0, 1.6640832711800613e-08, 1.6767325305977465e-08, 1.7099708315981843e-08, 1.635976687452967e-08, 1.6278068670771972e-08, 1.9135107720558153e-08, 1.8818179015056558e-08, 1.5658178753596985e-08, 1.760367673853125e-08]",0.497,1.5854836e-05,0.08934054,-4.32211,13074.5
