C2ST,C2ST_Z,MMD,MMD_Z,KSD_GAUSS,MEDDIST,C2ST_1K,C2ST_1K_Z,MMD_1K,MMD_1K_Z,KSD_GAUSS_1K,MEDDIST_1K,NLTP,RT
0.52505,0.5227,0.0017368793,0.0017420053,7658.679,1.4710929,0.4965,0.53,0.0013908148,0.0014430285,840.7027,1.4703221,-0.6305618,912.8566
