acceptance rate,gt in support,C2ST,MMD,MEDDIST,NLTP,RT
"[1.0, -0.028376299887895584, -0.17519104480743408, -0.16662974655628204, -0.7688278555870056, -0.6757175326347351, -0.7046895027160645, -0.6821037530899048, -0.668006181716919, -0.6775739789009094]","[1.0, 0.9860000014305115, 0.9623000025749207, 0.97079998254776, 0.9925000071525574, 0.9995999932289124, 0.9993000030517578, 0.9998000264167786, 0.9991000294685364, 0.9998000264167786]",0.9107,0.03732431,19.65115,5.678207,421.78668
