acceptance rate,gt in support,C2ST,MMD,KSD_GAUSS,MEDDIST,NLTP,RT
"[1.0, -0.12283029407262802, -0.3457592725753784, -0.5348775386810303, -0.5493660569190979, -0.5861137509346008, -0.7740018963813782, -1.0054829120635986, -0.9767475724220276, -1.0272502899169922]","[1.0, 1.0, 1.0, 1.0, 1.0, 1.0, 1.0, 1.0, 1.0, 1.0]",0.55395,0.018425345,680166.9,17.521416,-5.2946944,249.36841
