acceptance rate,gt in support,C2ST,MMD,MEDDIST,NLTP,RT
"[1.0, -1.1380391120910645, -1.17497980594635, -1.3837556838989258, -1.4384301900863647, -1.436391830444336, -1.4741780757904053, -1.448087453842163, -1.567984700202942, -1.4965072870254517]","[1.0, 0.9998999834060669, 1.0, 1.0, 1.0, 1.0, 1.0, 1.0, 1.0, 1.0]",0.49535,0.009476185,24.657656,-8.993521,2465.578
