acceptance rate,gt in support,C2ST,MMD,KSD_GAUSS,MEDDIST,NLTP,RT
"[1.0, -0.030863765627145767, -0.025557396933436394, -0.07216787338256836, -0.06668991595506668, -0.05938393995165825, -0.06618384271860123, -0.08262580633163452, -0.12772716581821442, -0.14221537113189697]","[1.0, 0.9623000025749207, 0.9746000170707703, 0.9509000182151794, 0.9606999754905701, 0.9695000052452087, 0.9790999889373779, 0.9868999719619751, 0.9693999886512756, 0.968999981880188]",0.95475,0.14086926,92588140000000.0,22.27845,13.470392,63.306767
