acceptance rate,gt in support,C2ST,MMD,MEDDIST,NLTP,RT
"[1.0, -0.5848596096038818, -0.6731318831443787, -0.7453311085700989, -0.7938297390937805, -0.7917890548706055, -0.9354588389396667, -1.030329942703247, -1.1723723411560059, -1.1184115409851074]","[1.0, 1.0, 1.0, 1.0, 1.0, 1.0, 1.0, 1.0, 1.0, 1.0]",0.51915,0.0009304285,0.08670093,-4.27353,7095.5674
