acceptance rate,gt in support,C2ST,MMD,MEDDIST,NLTP,RT
"[1.0, -0.7798919081687927, -0.7645978331565857, -1.1891796588897705, -1.4611836671829224, -1.4343630075454712, -1.4786509275436401, -1.499497652053833, -1.4898875951766968, -1.4844251871109009]","[1.0, 0.9983000159263611, 1.0, 1.0, 0.9833999872207642, 0.9884999990463257, 0.9969000220298767, 0.9977999925613403, 0.9987000226974487, 0.9991999864578247]",0.5889,0.02876985,0.0897533,-2.7386866,169.64351
