acceptance rate,gt in support,iw var,C2ST,MMD,MEDDIST,NLTP,RT
"[1.0, -0.3081231713294983, -0.5231683850288391, -0.6360121965408325, -0.9991322755813599, -1.1180449724197388, -1.236572027206421, -1.2358238697052002, -1.2839967012405396, -1.705533742904663]","[1.0, 1.0, 1.0, 1.0, 1.0, 1.0, 1.0, 1.0, 1.0, 1.0]","[0.0, 379.93634033203125, 383.3910217285156, 392.9630432128906, 389.5432434082031, 385.9548034667969, 386.93988037109375, 389.1684265136719, 384.618896484375, 382.51043701171875]",0.9936,0.5539506,21.381248,-8.713532,1371.2902
