acceptance rate,gt in support,C2ST,MMD,KSD_GAUSS,MEDDIST,NLTP,RT
"[1.0, -0.5027247071266174, -1.0451948642730713, -1.804532766342163, -2.099069595336914, -2.0733377933502197, -2.0894277095794678, -2.463545560836792, -2.518527030944824, -2.2736804485321045]","[1.0, 1.0, 1.0, 1.0, 1.0, 1.0, 1.0, 1.0, 1.0, 1.0]",0.8983,0.42860824,256735230.0,25.28207,-16.946232,4515.5674
