acceptance rate,gt in support,C2ST,MMD,MEDDIST,NLTP,RT
"[1.0, 1.0, 1.0, 1.0, 1.0, 1.0, 1.0, 1.0, 1.0, 1.0]","[1.0, 0.9886999726295471, 0.9897000193595886, 0.9574999809265137, 0.9628999829292297, 0.970300018787384, 0.9692999720573425, 0.9807999730110168, 0.9843000173568726, 0.9836000204086304]",0.8353,0.17528874,12.603716,7.6107464,239.84132
