C2ST,C2ST_Z,MMD,MMD_Z,KSD_GAUSS,MEDDIST,C2ST_1K,C2ST_1K_Z,MMD_1K,MMD_1K_Z,KSD_GAUSS_1K,MEDDIST_1K,NLTP,RT
0.8776,0.9405,0.24703908,0.21166044,1591107700.0,142.1887,0.7685,0.9345,0.25052786,0.20913035,163399100.0,141.79376,-16.501043,684.8309
