acceptance rate,gt in support,iw var,C2ST,MMD,MEDDIST,NLTP,RT
"[1.0, -0.018906593322753906, -0.06243198364973068, -0.1377493441104889, -0.12583722174167633, -0.18025873601436615, -0.21144278347492218, -0.2106308490037918, -0.25453487038612366, -0.30921345949172974]","[1.0, 1.0, 1.0, 1.0, 1.0, 1.0, 1.0, 1.0, 1.0, 1.0]","[0.0, 2.8491578128904405e-13, 1.0895003432417893e-12, 1.1739834365059876e-12, 1.1870623841531147e-12, 2.0808214092754573e-12, 2.652368559161178e-12, 2.881245806177213e-12, 4.155337966077477e-12, 5.442291148988199e-12]",0.58585,0.032773912,24.535688,-8.632302,1291.6968
