acceptance rate,gt in support,C2ST,MMD,MEDDIST,NLTP,RT
"[1.0, -1.0810023546218872, -1.1369746923446655, -1.2147539854049683, -1.3047685623168945, -1.3887441158294678, -1.5492805242538452, -1.6011055707931519, -1.604311466217041, -1.671832799911499]","[1.0, 1.0, 1.0, 1.0, 1.0, 1.0, 1.0, 1.0, 1.0, 1.0]",0.52985,0.0055110455,0.08627017,-4.2147937,2660.6345
