acceptance rate,gt in support,C2ST,MMD,KSD_GAUSS,MEDDIST,NLTP,RT
"[1.0, -0.07906835526227951, -0.08560395240783691, -0.12064603716135025, -0.10485381633043289, -0.10969079285860062, -0.12822283804416656, -0.1175323873758316, -0.11767475306987762, -0.13459987938404083]","[1.0, 0.9998999834060669, 1.0, 1.0, 1.0, 1.0, 1.0, 1.0, 1.0, 1.0]",0.5179,0.0009940863,3728.4963,1.506197,-2.500966,823.44403
