acceptance rate,gt in support,iw var,C2ST,MMD,MEDDIST,NLTP,RT
"[1.0, -1.4101792573928833, -1.3128958940505981, -1.4149991273880005, -1.5310014486312866, -1.5013879537582397, -1.61143958568573, -1.5182534456253052, -1.6618467569351196, -1.5460025072097778]","[1.0, 0.9998999834060669, 1.0, 0.9998999834060669, 0.9998999834060669, 0.9998999834060669, 0.9998999834060669, 0.9998999834060669, 0.9998999834060669, 1.0]","[0.0, 1.6373201461306053e-08, 1.9135550033411164e-08, 1.785193504133531e-08, 1.623749668056007e-08, 1.7645767513840838e-08, 1.6395963697846128e-08, 1.8692285053134583e-08, 1.8218658581758973e-08, 1.598891508081124e-08]",0.56795,0.01651442,12.860694,1.5216713,14549.163
