acceptance rate,gt in support,C2ST,MMD,MEDDIST,NLTP,RT
"[1.0, 1.0, 1.0, 1.0, 1.0, 1.0, 1.0, 1.0, 1.0, 1.0]","[1.0, 0.9769999980926514, 0.996399998664856, 0.9962000250816345, 0.9948999881744385, 0.9975000023841858, 0.9983000159263611, 0.9976000189781189, 0.9990000128746033, 0.9980999827384949]",0.74735,0.0046942234,23.639687,4.233393,9549.257
