C2ST,C2ST_Z,MMD,MMD_Z,KSD_GAUSS,MEDDIST,C2ST_1K,C2ST_1K_Z,MMD_1K,MMD_1K_Z,KSD_GAUSS_1K,MEDDIST_1K,NLTP,RT
0.4961,0.54125,0.0057367086,0.0057427883,408049.28,23.17326,0.482,0.5295,0.0042825937,0.0042744875,121693.32,23.151674,-9.108512,221.01512
