acceptance rate,gt in support,C2ST,MMD,MEDDIST,NLTP,RT
"[1.0, -0.024430349469184875, -0.027912935242056847, -0.2353009581565857, -0.24918317794799805, -0.2749463617801666, -0.6623810529708862, -0.7248422503471375, -0.7244582772254944, -0.6738690733909607]","[1.0, 1.0, 1.0, 1.0, 1.0, 1.0, 1.0, 1.0, 1.0, 1.0]",0.98125,0.4943357,74.07031,-6.9974933,2960.8308
