acceptance rate,gt in support,C2ST,MMD,MEDDIST,NLTP,RT
"[1.0, -0.49586910009384155, -0.830199658870697, -1.2488492727279663, -1.2175694704055786, -2.2109298706054688, -3.4263484477996826, -3.893052339553833, -4.375059604644775, -4.162624359130859]","[1.0, 0.9994000196456909, 0.9829999804496765, 0.9607999920845032, 0.9890999794006348, 0.9891999959945679, 0.8237000107765198, 0.9496999979019165, 0.9746000170707703, 0.982200026512146]",0.62665,0.031066656,11.454193,-15.625234,10342.507
