acceptance rate,gt in support,C2ST,MMD,MEDDIST,NLTP,RT
"[1.0, -0.0754881277680397, -0.11165199428796768, -0.17773382365703583, -1.1790189743041992, -1.084113359451294, -1.0776638984680176, -1.1276772022247314, -1.373659610748291, -1.314727544784546]","[1.0, 1.0, 1.0, 1.0, 1.0, 1.0, 1.0, 1.0, 1.0, 1.0]",0.5006,0.0058983564,21.201412,-10.269704,147.29819
