C2ST,C2ST_Z,MMD,MMD_Z,KSD_GAUSS,MEDDIST,C2ST_1K,C2ST_1K_Z,MMD_1K,MMD_1K_Z,KSD_GAUSS_1K,MEDDIST_1K,NLTP,RT
0.50485,0.50665,0.00027012825,0.00027048588,1089.5269,1.3377569,0.51,0.502,0.0005983114,0.00062155724,472.13477,1.3360603,-0.32976437,1051.0784
