C2ST,C2ST_Z,MMD,MMD_Z,KSD_GAUSS,MEDDIST,C2ST_1K,C2ST_1K_Z,MMD_1K,MMD_1K_Z,KSD_GAUSS_1K,MEDDIST_1K,NLTP,RT
0.57105,0.6379,0.0021791458,0.002178669,,0.09105924,0.5185,0.605,0.0009870529,0.0009795427,,0.092734054,-2.982389,79.43687
