acceptance rate,gt in support,C2ST,MMD,KSD_GAUSS,MEDDIST,NLTP,RT
"[1.0, -0.29469236731529236, -0.5054975748062134, -0.8540270924568176, -1.1950942277908325, -1.314002513885498, -1.3642231225967407, -1.717809796333313, -1.805702567100525, -2.5516271591186523]","[1.0, 1.0, 1.0, 1.0, 1.0, 1.0, 1.0, 1.0, 1.0, 0.9998000264167786]",0.9425,0.1971072,298677920.0,19.418175,-13.997311,590.4732
