C2ST,C2ST_Z,MMD,MMD_Z,KSD_GAUSS,MEDDIST,C2ST_1K,C2ST_1K_Z,MMD_1K,MMD_1K_Z,KSD_GAUSS_1K,MEDDIST_1K,NLTP,RT
0.50095,0.5987,0.018443823,0.027811527,440242.3,17.916473,0.4735,0.5895,0.016038299,0.024115205,95290.945,18.165901,-6.848389,228.2562
