acceptance rate,gt in support,C2ST,MMD,KSD_GAUSS,MEDDIST,NLTP,RT
"[1.0, -0.00401401799172163, -0.0052650487050414085, -0.00627727247774601, -0.1012474000453949, -0.0999334380030632, -0.15885961055755615, -0.1298302859067917, -0.16206452250480652, -0.12621454894542694]","[1.0, 0.9995999932289124, 0.9994000196456909, 0.9994000196456909, 0.998199999332428, 0.9986000061035156, 0.9984999895095825, 0.9993000030517578, 0.9986000061035156, 0.9990000128746033]",0.8923,0.06569183,17888342000.0,9.776671,4.644176,358.39923
