C2ST,C2ST_Z,MMD,MMD_Z,KSD_GAUSS,MEDDIST,C2ST_1K,C2ST_1K_Z,MMD_1K,MMD_1K_Z,KSD_GAUSS_1K,MEDDIST_1K,NLTP,RT
0.507,0.5112,0.0005347729,0.00053334236,2159.9292,1.4017472,0.506,0.4985,0.00067460537,0.0006814003,394.12878,1.3890584,2.4247456,1274.5344
