acceptance rate,gt in support,C2ST,MMD,KSD_GAUSS,MEDDIST,NLTP,RT
"[1.0, -0.011664064601063728, -0.015540221706032753, -0.013161114417016506, -0.07724861800670624, -0.10782188922166824, -0.13159072399139404, -0.6334649920463562, -0.6858377456665039, -0.8232887387275696]","[1.0, 1.0, 1.0, 1.0, 1.0, 1.0, 1.0, 1.0, 1.0, 1.0]",0.99775,0.5607463,773807000.0,38.668556,-6.152157,120.135635
