C2ST,C2ST_Z,MMD,MMD_Z,KSD_GAUSS,MEDDIST,C2ST_1K,C2ST_1K_Z,MMD_1K,MMD_1K_Z,KSD_GAUSS_1K,MEDDIST_1K,NLTP,RT
0.5816,0.5709,0.0051385164,0.005165577,21809.834,1.4902086,0.551,0.5775,0.0055054426,0.0056284666,2718.6384,1.4760509,2.7163458,140.7555
