acceptance rate,gt in support,C2ST,MMD,MEDDIST,NLTP,RT
"[1.0, -1.123947262763977, -0.7861408591270447, -0.7486051917076111, -0.7585365176200867, -0.5479450821876526, -0.6214931011199951, -0.6331663131713867, -0.6842395067214966, -0.6115080714225769]","[1.0, 1.0, 1.0, 1.0, 1.0, 1.0, 1.0, 1.0, 1.0, 1.0]",0.49665,0.0044716597,21.260292,-9.405133,5996.667
