acceptance rate,gt in support,C2ST,MMD,MEDDIST,NLTP,RT
"[1.0, -1.376836895942688, -1.4593254327774048, -1.5945682525634766, -1.6493213176727295, -1.70557701587677, -1.7237550020217896, -1.6956818103790283, -1.7076586484909058, -1.720729112625122]","[1.0, 0.9876000285148621, 0.9955999851226807, 0.9966999888420105, 0.9973999857902527, 0.996999979019165, 0.9970999956130981, 0.9979000091552734, 0.9980999827384949, 0.9983999729156494]",0.5479,0.01433146,10.430769,4.0960703,19921.768
