acceptance rate,gt in support,iw var,C2ST,MMD,MEDDIST,NLTP,RT
"[1.0, -0.00421131681650877, -0.01902000419795513, -0.275888055562973, -0.9814659357070923, -1.1438755989074707, -1.216853380203247, -1.2759829759597778, -1.3129808902740479, -1.282995581626892]","[1.0, 1.0, 1.0, 1.0, 1.0, 1.0, 1.0, 1.0, 1.0, 1.0]","[0.0, 6.178125502506737e-14, 1.9223323020206573e-12, 1.8411026175835232e-11, 1.8574862134523862e-11, 2.272717257445489e-11, 2.0607585082821345e-11, 1.4991409155729052e-11, 2.1936759700413866e-11, 3.0241698034672027e-11]",0.501,0.020331502,25.544079,-9.943142,1309.1046
