acceptance rate,gt in support,C2ST,MMD,MEDDIST,NLTP,RT
"[1.0, -0.5900668501853943, -0.948290228843689, -1.2038339376449585, -1.327062964439392, -1.406543493270874, -1.5483840703964233, -1.5533592700958252, -1.7131032943725586, -1.696458339691162]","[1.0, 1.0, 1.0, 1.0, 1.0, 1.0, 1.0, 1.0, 1.0, 1.0]",0.5005,0.007240534,20.37155,-5.489487,3623.7112
