C2ST,C2ST_Z,MMD,MMD_Z,KSD_GAUSS,MEDDIST,C2ST_1K,C2ST_1K_Z,MMD_1K,MMD_1K_Z,KSD_GAUSS_1K,MEDDIST_1K,NLTP,RT
0.501,0.5615,0.011001229,0.009650469,1212778.0,18.165901,0.4755,0.5495,0.013419867,0.010879755,188900.3,18.069305,-6.7025633,296.77606
