acceptance rate,gt in support,C2ST,MMD,KSD_GAUSS,MEDDIST,NLTP,RT
"[1.0, -0.21445663273334503, -0.28241270780563354, -0.5074142217636108, -0.7237297296524048, -0.7187771797180176, -0.7623724937438965, -0.8497810363769531, -0.8035475015640259, -0.8214752674102783]","[1.0, 0.9988999962806702, 0.9987999796867371, 0.9969000220298767, 0.9941999912261963, 0.9944000244140625, 0.9934999942779541, 0.9918000102043152, 0.9936000108718872, 0.9943000078201294]",0.7181,0.029886007,355932.47,1.9959605,0.6332415,2918.4207
