acceptance rate,gt in support,C2ST,MMD,MEDDIST,NLTP,RT
"[1.0, -0.355922669172287, -0.6519678831100464, -1.0035679340362549, -1.0266202688217163, -1.3742589950561523, -1.3927165269851685, -1.5004847049713135, -1.4993691444396973, -2.955951452255249]","[1.0, 1.0, 1.0, 1.0, 1.0, 1.0, 1.0, 1.0, 1.0, 1.0]",0.78785,0.18964082,14.979286,-15.984679,3947.1777
