acceptance rate,gt in support,C2ST,MMD,KSD_GAUSS,MEDDIST,NLTP,RT
"[1.0, -0.34643375873565674, -0.6775326132774353, -0.7619538903236389, -0.8558930158615112, -1.092712640762329, -1.3614239692687988, -1.4842970371246338, -1.6683357954025269, -1.7384991645812988]","[1.0, 1.0, 1.0, 1.0, 1.0, 1.0, 1.0, 1.0, 1.0, 1.0]",0.9376,0.28705776,2990606300.0,18.310287,-12.586964,529.77765
