acceptance rate,gt in support,C2ST,MMD,MEDDIST,NLTP,RT
"[1.0, 1.0, 1.0, 1.0, 1.0, 1.0, 1.0, 1.0, 1.0, 1.0]","[1.0, 0.9997000098228455, 0.9994999766349792, 0.9993000030517578, 0.9993000030517578, 0.9995999932289124, 0.9997000098228455, 0.9997000098228455, 0.9997000098228455, 0.9997000098228455]",0.531,0.001499176,14.949027,-1.9685602,8913.397
