acceptance rate,gt in support,iw var,C2ST,MMD,MEDDIST,NLTP,RT
"[1.0, -0.048759669065475464, -0.12142076343297958, -0.11311465501785278, -0.3137809634208679, -0.3269176185131073, -0.4464810788631439, -0.48784947395324707, -0.5378641486167908, -0.6159693598747253]","[1.0, 1.0, 1.0, 1.0, 1.0, 1.0, 1.0, 1.0, 1.0, 1.0]","[0.0, 1.7368629201541808e-08, 1.6421450865777842e-08, 1.6672641933723753e-08, 1.508348113077318e-08, 1.7709536948018467e-08, 1.5882203996397948e-08, 1.590376008664407e-08, 1.5333238678749694e-08, 1.651508618749631e-08]",0.59975,0.0018597841,0.09599458,-3.6245754,137.78847
