acceptance rate,gt in support,C2ST,MMD,KSD_GAUSS,MEDDIST,NLTP,RT
"[1.0, -0.7108199596405029, -0.8190144300460815, -1.2230852842330933, -1.1262643337249756, -1.2607191801071167, -1.3095929622650146, -1.4448623657226562, -1.2657898664474487, -1.3111143112182617]","[1.0, 1.0, 1.0, 1.0, 1.0, 1.0, 1.0, 1.0, 1.0, 1.0]",0.6137,0.05410123,539549.0,26.514147,-7.8453674,252.49423
