acceptance rate,gt in support,iw var,C2ST,MMD,MEDDIST,NLTP,RT
"[1.0, -0.3039349913597107, -0.5276824235916138, -0.6971498131752014, -0.7956086993217468, -0.5685155987739563, -0.8359447121620178, -0.8473295569419861, -0.8840568661689758, -0.8457282185554504]","[1.0, 1.0, 1.0, 1.0, 1.0, 1.0, 1.0, 1.0, 1.0, 1.0]","[0.0, 1.5484163284895658e-08, 1.5225246841055196e-08, 1.966069795855674e-08, 1.6678887604371084e-08, 1.537761562531159e-08, 2.115058883589427e-08, 1.5715912127234333e-08, 1.8870789375569075e-08, 1.8084778119487055e-08]",0.5051,0.008661866,20.892578,-9.197061,509.4668
