acceptance rate,gt in support,iw var,C2ST,MMD,MEDDIST,NLTP,RT
"[1.0, -0.588422417640686, -0.6256917119026184, -0.7230405807495117, -0.7197631597518921, -0.7310321927070618, -0.7383406758308411, -0.7685728669166565, -0.8039423227310181, -0.8848056793212891]","[1.0, 1.0, 1.0, 1.0, 1.0, 1.0, 1.0, 1.0, 1.0, 1.0]","[0.0, 1.550888839574327e-08, 1.5824774379780138e-08, 1.8049378880391487e-08, 1.5656276275421988e-08, 1.795642923241303e-08, 1.7162607335308167e-08, 1.68753864215887e-08, 1.640098723498795e-08, 1.6677413228194382e-08]",0.56955,0.0013251305,0.088719055,-3.3817806,441.08853
