acceptance rate,gt in support,C2ST,MMD,KSD_GAUSS,MEDDIST,NLTP,RT
"[1.0, -0.2932395339012146, -0.452061265707016, -0.615861713886261, -0.6297830939292908, -0.998462975025177, -1.0572481155395508, -1.4525648355484009, -1.4677128791809082, -1.4721553325653076]","[1.0, 1.0, 1.0, 1.0, 1.0, 1.0, 1.0, 1.0, 1.0, 1.0]",0.5869,0.012560368,270069.47,15.962767,-0.77059555,456.04724
