acceptance rate,gt in support,C2ST,MMD,MEDDIST,NLTP,RT
"[1.0, -0.45979568362236023, -0.42090266942977905, -0.7737869024276733, -1.050203561782837, -1.1591832637786865, -1.1722431182861328, -1.2895019054412842, -1.3195350170135498, -1.31451416015625]","[1.0, 1.0, 1.0, 0.998199999332428, 1.0, 1.0, 1.0, 1.0, 1.0, 1.0]",0.5992,0.005055785,0.09096818,-4.4234543,177.14372
