acceptance rate,gt in support,C2ST,MMD,KSD_GAUSS,MEDDIST,NLTP,RT
"[1.0, -0.008485990576446056, -0.006497647147625685, -0.004474503453820944, -0.014281700365245342, -0.015000409446656704, -0.013721060007810593, -0.00806545652449131, -0.010461203753948212, -0.00861886516213417]","[1.0, 0.9975000023841858, 0.998199999332428, 0.9991000294685364, 0.9970999956130981, 0.9969000220298767, 0.9984999895095825, 0.9991999864578247, 0.998199999332428, 0.9994999766349792]",0.95465,0.103559256,74359200000000.0,10.607914,6.7142243,67.475204
