acceptance rate,gt in support,C2ST,MMD,MEDDIST,NLTP,RT
"[1.0, -0.5093042850494385, -0.8661019802093506, -0.8790971636772156, -1.2232561111450195, -1.2658741474151611, -1.17146897315979, -1.278684139251709, -1.416675329208374, -1.4538403749465942]","[1.0, 1.0, 1.0, 1.0, 1.0, 1.0, 1.0, 0.9998999834060669, 0.9998999834060669, 0.9997000098228455]",0.57895,0.01128149,11.483858,7.090538,8337.426
