acceptance rate,gt in support,C2ST,MMD,MEDDIST,NLTP,RT
"[1.0, -0.06826251745223999, -0.07229608297348022, -0.2429078072309494, -0.3186984360218048, -0.34537428617477417, -0.6821037530899048, -0.7595339417457581, -0.765356183052063, -0.9303730130195618]","[1.0, 1.0, 1.0, 1.0, 1.0, 1.0, 1.0, 1.0, 1.0, 1.0]",0.62925,0.00081169605,0.090350196,-3.7118123,166.26204
