acceptance rate,gt in support,C2ST,MMD,MEDDIST,NLTP,RT
"[1.0, -1.4372824430465698, -1.458808183670044, -1.5593887567520142, -1.5530574321746826, -1.5779633522033691, -1.5895472764968872, -1.5860557556152344, -1.631994366645813, -1.6995664834976196]","[1.0, 0.9998000264167786, 0.9998999834060669, 0.9994000196456909, 0.9997000098228455, 0.9993000030517578, 0.9994000196456909, 0.9994999766349792, 0.9995999932289124, 0.9994000196456909]",0.5217,0.002689004,0.08560514,-4.1503954,3252.6597
