acceptance rate,gt in support,C2ST,MMD,MEDDIST,NLTP,RT
"[1.0, 1.0, 1.0, 1.0, 1.0, 1.0, 1.0, 1.0, 1.0, 1.0]","[1.0, 0.9973000288009644, 0.9944999814033508, 0.9812999963760376, 0.977400004863739, 0.9872999787330627, 0.9878000020980835, 0.989799976348877, 0.991599977016449, 0.9932000041007996]",0.9071,0.12522674,9.97511,5.995006,896.3095
