C2ST,C2ST_Z,MMD,MMD_Z,KSD_GAUSS,MEDDIST,C2ST_1K,C2ST_1K_Z,MMD_1K,MMD_1K_Z,KSD_GAUSS_1K,MEDDIST_1K,NLTP,RT
0.9183,0.9478,0.2806853,0.37607002,384043680.0,13.555818,0.9105,0.9475,0.28610998,0.38256568,40787690.0,13.193396,3.2303302,574.261
