acceptance rate,gt in support,C2ST,MMD,MEDDIST,NLTP,RT
"[1.0, -0.03177398070693016, -0.03322489559650421, -0.02761201374232769, -0.03331868723034859, -0.034516096115112305, -0.030141649767756462, -0.03273291140794754, -0.035269081592559814, -0.037251971662044525]","[1.0, 0.9976999759674072, 0.9959999918937683, 0.9965000152587891, 0.9868999719619751, 0.9872000217437744, 0.9975000023841858, 0.9961000084877014, 0.9962999820709229, 0.9968000054359436]",0.9859,0.12359166,17.508598,8.170344,133.80817
