acceptance rate,gt in support,C2ST,MMD,MEDDIST,NLTP,RT
"[1.0, -1.6121762990951538, -1.590240240097046, -1.6948636770248413, -1.6072601079940796, -1.890404224395752, -1.8922749757766724, -2.048133611679077, -2.035649538040161, -2.0849289894104004]","[1.0, 0.9998999834060669, 1.0, 1.0, 1.0, 1.0, 1.0, 1.0, 1.0, 0.9998999834060669]",0.5004,0.0026931763,28.01785,-9.026789,3614.8723
