acceptance rate,gt in support,iw var,C2ST,MMD,MEDDIST,NLTP,RT
"[1.0, -0.1033911481499672, -0.24500225484371185, -0.27209290862083435, -0.4202164113521576, -0.5082532167434692, -0.6029990911483765, -0.6834844946861267, -0.6783187389373779, -0.7635887265205383]","[1.0, 1.0, 1.0, 1.0, 1.0, 1.0, 1.0, 1.0, 1.0, 1.0]","[0.0, 1.6700544946957052e-08, 1.7485927372717924e-08, 1.6592347051869183e-08, 1.749831923802958e-08, 1.64787383738485e-08, 1.6409737568778837e-08, 2.0988766280538584e-08, 2.01807370814322e-08, 1.5942605458008074e-08]",0.6499,0.0021291375,0.08848177,-3.3933663,229.54315
