acceptance rate,gt in support,C2ST,MMD,MEDDIST,NLTP,RT
"[1.0, 1.0, 1.0, 1.0, 1.0, 1.0, 1.0, 1.0, 1.0, 1.0]","[1.0, 1.0, 1.0, 0.9970999956130981, 1.0, 0.9998999834060669, 1.0, 1.0, 1.0, 1.0]",0.95425,0.5159242,24.683609,-11.873615,768.7391
