acceptance rate,gt in support,C2ST,MMD,MEDDIST,NLTP,RT
"[1.0, 1.0, 1.0, 1.0, 1.0, 1.0, 1.0, 1.0, 1.0, 1.0]","[1.0, 0.8246999979019165, 0.8438000082969666, 0.8446000218391418, 0.8371999859809875, 0.8515999913215637, 0.8751999735832214, 0.8815000057220459, 0.9330000281333923, 0.8982999920845032]",0.9848,0.15468359,23.240261,12.80393,203.08746
