acceptance rate,gt in support,C2ST,MMD,KSD_GAUSS,MEDDIST,NLTP,RT
"[1.0, -0.003772991243749857, -0.004891546908766031, -0.36104506254196167, -0.26492035388946533, -0.1799299716949463, -0.1485276222229004, -0.1872871369123459, -0.17571143805980682, -0.15936078131198883]","[1.0, 0.9994000196456909, 0.9988999962806702, 0.9950000047683716, 0.9973999857902527, 0.995199978351593, 0.9990000128746033, 0.9995999932289124, 0.9998000264167786, 0.9995999932289124]",0.93825,0.08065617,29440764.0,19.522415,6.812671,335.4915
