C2ST,C2ST_Z,MMD,MMD_Z,KSD_GAUSS,MEDDIST,C2ST_1K,C2ST_1K_Z,MMD_1K,MMD_1K_Z,KSD_GAUSS_1K,MEDDIST_1K,NLTP,RT
0.62295,0.5995,0.055879712,0.050449014,140141.61,13.066767,0.634,0.6095,0.0700469,0.062318563,14278.879,12.948063,2.2344284,509.6148
