acceptance rate,gt in support,C2ST,MMD,MEDDIST,NLTP,RT
"[1.0, -1.7002918720245361, -1.8100132942199707, -1.9135533571243286, -2.232692241668701, -2.2651352882385254, -2.275334119796753, -2.2525925636291504, -2.2903494834899902, -2.2977254390716553]","[1.0, 0.9995999932289124, 0.9995999932289124, 1.0, 0.9998999834060669, 1.0, 1.0, 1.0, 1.0, 1.0]",0.5014,0.0010962486,24.617067,-9.290369,563.22504
