acceptance rate,gt in support,iw var,C2ST,MMD,MEDDIST,NLTP,RT
"[1.0, -3.124938726425171, -1.886056661605835, -1.9100948572158813, -2.211124897003174, -2.2596373558044434, -2.6575772762298584, -2.865663528442383, -3.0243594646453857, -3.112704277038574]","[1.0, 0.298799991607666, 0.9925000071525574, 1.0, 1.0, 1.0, 1.0, 1.0, 1.0, 1.0]","[0.0, 397.34222412109375, 382.1238708496094, 381.1401062011719, 379.9507751464844, 385.4383544921875, 370.0950012207031, 391.7738037109375, 390.71710205078125, 382.8692321777344]",0.9184,0.45613354,217.46729,-14.29098,1389.9587
