acceptance rate,gt in support,iw var,C2ST,MMD,MEDDIST,NLTP,RT
"[1.0, -0.6741970777511597, -0.66764235496521, -0.8601602911949158, -0.8979953527450562, -0.8623690009117126, -0.960387647151947, -1.002851963043213, -1.0108739137649536, -1.055640697479248]","[1.0, 1.0, 1.0, 1.0, 1.0, 1.0, 1.0, 1.0, 1.0, 1.0]","[0.0, 1.6424340998355547e-08, 1.7025739040832377e-08, 1.5896132410375685e-08, 1.530134952076878e-08, 1.5990194057735607e-08, 1.5127682218007976e-08, 1.584804287801944e-08, 1.7414716779740047e-08, 1.7629330884005867e-08]",0.56135,0.00028908253,0.09151322,-4.058667,494.73923
