acceptance rate,gt in support,C2ST,MMD,MEDDIST,NLTP,RT
"[1.0, 1.0, 1.0, 1.0, 1.0, 1.0, 1.0, 1.0, 1.0, 1.0]","[1.0, 0.9871000051498413, 0.9921000003814697, 0.9922000169754028, 0.995199978351593, 0.9943000078201294, 0.9944999814033508, 0.9955000281333923, 0.9958999752998352, 0.9958999752998352]",0.5625,0.015495539,9.935911,2.328515,9863.571
