acceptance rate,gt in support,iw var,C2ST,MMD,MEDDIST,NLTP,RT
"[1.0, -0.4748687744140625, -0.4024510681629181, -0.41491544246673584, -0.4582959711551666, -0.7265357375144958, -0.698362410068512, -0.9139962792396545, -0.9791417121887207, -1.114477276802063]","[1.0, 1.0, 1.0, 1.0, 1.0, 1.0, 1.0, 1.0, 1.0, 1.0]","[0.0, 1.603638644098737e-08, 1.5919848550538518e-08, 1.5913288464730613e-08, 1.6229419586011318e-08, 1.5641024475598897e-08, 1.65481015557134e-08, 1.7801092155877996e-08, 1.5698230271254943e-08, 1.7254155437740337e-08]",0.5354,0.0006955862,0.09128149,-3.7462575,11290.117
