acceptance rate,gt in support,C2ST,MMD,MEDDIST,NLTP,RT
"[1.0, -0.700420081615448, -0.9790589809417725, -1.089375615119934, -1.1866692304611206, -1.3120042085647583, -1.3897231817245483, -1.4819958209991455, -1.4462469816207886, -1.5477875471115112]","[1.0, 1.0, 0.9997000098228455, 0.9998000264167786, 0.9995999932289124, 0.9998000264167786, 1.0, 0.9998999834060669, 0.9998999834060669, 0.9987000226974487]",0.51775,0.0022079945,0.088037886,-4.2382274,352.2509
