acceptance rate,gt in support,C2ST,MMD,MEDDIST,NLTP,RT
"[1.0, -0.22471733391284943, -0.2442394644021988, -0.5453837513923645, -0.5188082456588745, -0.5624476075172424, -0.7074117064476013, -0.6515004634857178, -0.6676019430160522, -0.698789119720459]","[1.0, 1.0, 1.0, 1.0, 1.0, 1.0, 1.0, 1.0, 1.0, 1.0]",0.63495,0.0012591481,0.09171358,-2.6774151,3020.3171
