acceptance rate,gt in support,C2ST,MMD,KSD_GAUSS,MEDDIST,NLTP,RT
"[1.0, -0.009838816709816456, -0.011954132467508316, -0.010438956320285797, -0.021385882049798965, -0.023237477988004684, -0.11841566115617752, -0.08388835936784744, -0.09911421686410904, -0.10275791585445404]","[1.0, 1.0, 1.0, 1.0, 1.0, 1.0, 1.0, 1.0, 1.0, 1.0]",0.995,0.5413329,2678301400.0,159.14656,-6.674725,103.91016
