acceptance rate,gt in support,C2ST,MMD,KSD_GAUSS,MEDDIST,NLTP,RT
"[1.0, -0.002919581485912204, -0.0021332905162125826, -0.0021332905162125826, -0.003948262892663479, -0.002985154977068305, -0.003948262892663479, -0.0074243973940610886, -0.005484884139150381, -0.005594870075583458]","[1.0, 0.9994999766349792, 0.9998000264167786, 0.9998999834060669, 0.9997000098228455, 0.9997000098228455, 0.9998999834060669, 0.9997000098228455, 0.9998999834060669, 0.9998999834060669]",0.69215,0.033165812,111337.29,1.4809287,3.740529,83.556786
