acceptance rate,gt in support,C2ST,MMD,MEDDIST,NLTP,RT
"[1.0, -0.04010042920708656, -0.6188849210739136, -1.4969332218170166, -1.5678110122680664, -1.9143269062042236, -1.9253556728363037, -2.012359857559204, -2.0451059341430664, -2.0415608882904053]","[1.0, 1.0, 1.0, 1.0, 1.0, 1.0, 0.9998999834060669, 0.9998000264167786, 0.9995999932289124, 0.9994999766349792]",0.50015,0.002303362,17.9722,-7.048214,3801.8982
