acceptance rate,gt in support,C2ST,MMD,MEDDIST,NLTP,RT
"[1.0, 1.0, 1.0, 1.0, 1.0, 1.0, 1.0, 1.0, 1.0, 1.0]","[1.0, 0.9990000128746033, 0.9990000128746033, 0.9990000128746033, 0.9993000030517578, 0.9988999962806702, 0.9991999864578247, 0.9994999766349792, 0.9994999766349792, 0.9994999766349792]",0.5544,0.0038723946,1.4500601,2.9036427,994.181
