acceptance rate,gt in support,C2ST,MMD,MEDDIST,NLTP,RT
"[1.0, -0.7862167358398438, -0.8245710730552673, -1.2800889015197754, -1.9493465423583984, -1.9935988187789917, -2.115321397781372, -2.0218453407287598, -2.1522014141082764, -2.3843486309051514]","[1.0, 1.0, 1.0, 1.0, 1.0, 1.0, 1.0, 1.0, 1.0, 1.0]",0.89755,0.19330037,14.791262,-16.30331,9352.93
