acceptance rate,gt in support,iw var,C2ST,MMD,MEDDIST,NLTP,RT
"[1.0, -0.7385784983634949, -0.6338760256767273, -0.6551756262779236, -0.8115536570549011, -0.8958971500396729, -0.8541823029518127, -0.930825412273407, -0.9328464269638062, -0.8954702019691467]","[1.0, 1.0, 1.0, 1.0, 1.0, 1.0, 1.0, 1.0, 1.0, 1.0]","[0.0, 1.739468302730529e-08, 1.7003177532615155e-08, 1.8785373256946514e-08, 2.0414047341432706e-08, 1.7080543202041554e-08, 1.5841703060459622e-08, 1.6607030417503665e-08, 1.620290213111275e-08, 1.6651775069931318e-08]",0.4938,0.004910946,27.946377,-8.855938,11787.26
