C2ST,C2ST_Z,MMD,MMD_Z,KSD_GAUSS,MEDDIST,C2ST_1K,C2ST_1K_Z,MMD_1K,MMD_1K_Z,KSD_GAUSS_1K,MEDDIST_1K,NLTP,RT
0.54035,0.528,0.004328251,0.0043377876,16932.434,1.5684998,0.53,0.529,0.004377365,0.0045125484,2003.7638,1.5689518,-3.2620792,1068.9965
