acceptance rate,gt in support,C2ST,MMD,MEDDIST,NLTP,RT
"[1.0, -0.4009178578853607, -0.384751558303833, -0.7336506843566895, -0.7843247056007385, -1.1087199449539185, -1.071049690246582, -1.1243187189102173, -1.1853363513946533, -1.1939473152160645]","[1.0, 1.0, 1.0, 1.0, 1.0, 1.0, 1.0, 1.0, 1.0, 1.0]",0.50095,0.0045888424,16.703293,-4.8516436,2548.2405
