acceptance rate,gt in support,iw var,C2ST,MMD,MEDDIST,NLTP,RT
"[1.0, -0.40318307280540466, -0.5268051028251648, -0.5068209171295166, -0.6613443493843079, -0.6520848274230957, -0.8764750361442566, -0.9083330631256104, -1.0675262212753296, -1.0649968385696411]","[1.0, 1.0, 1.0, 1.0, 1.0, 1.0, 1.0, 1.0, 1.0, 1.0]","[0.0, 386.5842590332031, 390.03839111328125, 379.7705078125, 387.34527587890625, 392.2336730957031, 386.78839111328125, 383.2607421875, 386.6236267089844, 389.6689758300781]",0.98885,0.5373091,50.887436,-9.058283,1070.3069
