acceptance rate,gt in support,C2ST,MMD,KSD_GAUSS,MEDDIST,NLTP,RT
"[1.0, -1.4170112609863281, -1.5459601879119873, -1.641416311264038, -1.7824729681015015, -1.7356975078582764, -1.7182807922363281, -1.7895779609680176, -1.7296230792999268, -1.811482548713684]","[1.0, 1.0, 0.9998999834060669, 0.9998999834060669, 0.9998999834060669, 0.9998999834060669, 0.9998999834060669, 0.9998999834060669, 0.9998999834060669, 0.9998999834060669]",0.5406,0.0033202171,156645.31,15.245743,-1.9354277,1551.9064
