C2ST,C2ST_Z,MMD,MMD_Z,KSD_GAUSS,MEDDIST,C2ST_1K,C2ST_1K_Z,MMD_1K,MMD_1K_Z,KSD_GAUSS_1K,MEDDIST_1K,NLTP,RT
0.6822,0.69975,0.0007741451,0.0007740259,inf,0.092271484,0.5005,0.677,-0.0005362034,-0.0005360842,inf,0.08706218,-2.9673011,491.5885
