acceptance rate,gt in support,iw var,C2ST,MMD,MEDDIST,NLTP,RT
"[1.0, -0.17027822136878967, -0.17548368871212006, -0.24101248383522034, -0.2212700992822647, -0.19845910370349884, -0.273598849773407, -0.3169229328632355, -0.5448123812675476, -0.6821873188018799]","[1.0, 1.0, 1.0, 1.0, 1.0, 1.0, 1.0, 1.0, 1.0, 1.0]","[0.0, 1.704350616194006e-08, 1.7050389544692734e-08, 1.815391748039019e-08, 1.5708412348658385e-08, 1.6669250868517338e-08, 1.642356295405989e-08, 1.5682296350405522e-08, 1.7313285027853453e-08, 1.610593614032041e-08]",0.70825,0.004300356,0.094756484,-3.2145183,123.586105
