acceptance rate,gt in support,C2ST,MMD,MEDDIST,NLTP,RT
"[1.0, -0.10330848395824432, -0.14520831406116486, -0.1311793178319931, -0.3683871626853943, -0.34953057765960693, -0.39899080991744995, -0.46117499470710754, -0.8129226565361023, -0.9107230305671692]","[1.0, 1.0, 1.0, 1.0, 1.0, 1.0, 1.0, 1.0, 1.0, 1.0]",0.6392,0.0008407831,0.08995952,-3.9441237,1585.2206
