acceptance rate,gt in support,iw var,C2ST,MMD,MEDDIST,NLTP,RT
"[1.0, -0.6926323175430298, -0.6714165210723877, -0.6400507688522339, -0.8700283169746399, -0.8927476406097412, -1.0010277032852173, -1.0785735845565796, -1.0589028596878052, -1.0870016813278198]","[1.0, 1.0, 1.0, 1.0, 1.0, 0.9998999834060669, 1.0, 0.9998999834060669, 1.0, 0.9998999834060669]","[0.0, 1.6835544514037792e-08, 1.564448126600837e-08, 1.7617423964111367e-08, 1.4853781316048753e-08, 1.7543175800938116e-08, 1.4979352869204376e-08, 1.7354070180886083e-08, 1.538798422018317e-08, 1.6270886860070277e-08]",0.51125,0.0008687377,0.09073736,-3.0875134,11976.759
