acceptance rate,gt in support,C2ST,MMD,MEDDIST,NLTP,RT
"[1.0, -0.6877803206443787, -0.8547258973121643, -1.055681824684143, -1.0790743827819824, -1.1917046308517456, -1.3413816690444946, -1.3148128986358643, -1.3788670301437378, -1.346158504486084]","[1.0, 1.0, 1.0, 1.0, 1.0, 1.0, 1.0, 1.0, 1.0, 1.0]",0.49885,0.0032303333,16.093477,-4.3092136,6509.8486
