acceptance rate,gt in support,iw var,C2ST,MMD,MEDDIST,NLTP,RT
"[1.0, -1.6080756187438965, -1.591021180152893, -1.617425560951233, -1.480934500694275, -1.5894174575805664, -1.6541576385498047, -1.7346246242523193, -1.6577060222625732, -1.6953802108764648]","[1.0, 0.9945999979972839, 0.9976000189781189, 0.9983000159263611, 0.9993000030517578, 0.9990000128746033, 0.9983000159263611, 0.9977999925613403, 0.9990000128746033, 0.9987000226974487]","[0.0, 1.8695482495445503e-08, 1.6274812608685352e-08, 1.7649677275244358e-08, 1.8289201264565236e-08, 1.6975892691561967e-08, 1.7025032050810296e-08, 1.6365722999012178e-08, 1.636201751864519e-08, 1.568330887380398e-08]",0.5651,0.002874136,9.486792,4.9448423,15202.204
