acceptance rate,gt in support,iw var,C2ST,MMD,MEDDIST,NLTP,RT
"[1.0, -0.053940944373607635, -0.06732336431741714, -0.46967220306396484, -0.8031923770904541, -1.3304295539855957, -1.312173843383789, -1.3607300519943237, -1.455589771270752, -1.4866105318069458]","[1.0, 1.0, 1.0, 1.0, 1.0, 1.0, 1.0, 1.0, 1.0, 1.0]","[0.0, 4.173164851878353e-12, 6.41500871520484e-12, 1.507461516725428e-11, 7.586668272774322e-12, 5.769515941389525e-12, 8.774155881019485e-12, 6.580862590976899e-12, 6.8234719090287665e-12, 6.978134649976431e-12]",0.4935,0.006757617,18.708286,-7.3360214,1607.73
