C2ST,C2ST_Z,MMD,MMD_Z,KSD_GAUSS,MEDDIST,C2ST_1K,C2ST_1K_Z,MMD_1K,MMD_1K_Z,KSD_GAUSS_1K,MEDDIST_1K,NLTP,RT
0.6228,0.65165,0.00052666664,0.00052666664,inf,0.09344113,0.565,0.5855,0.0010056496,0.0010039806,inf,0.094564974,-3.883866,107.45798
