C2ST,C2ST_Z,MMD,MMD_Z,KSD_GAUSS,MEDDIST,C2ST_1K,C2ST_1K_Z,MMD_1K,MMD_1K_Z,KSD_GAUSS_1K,MEDDIST_1K,NLTP,RT
0.5006,0.53965,0.00036370754,0.0003720522,742523.75,23.537205,0.4825,0.551,7.236004e-05,5.9843063e-05,218025.47,23.40939,-8.8490715,216.41489
