acceptance rate,gt in support,C2ST,MMD,MEDDIST,NLTP,RT
"[1.0, -0.8733816742897034, -0.9417005181312561, -1.173882007598877, -2.0173842906951904, -2.1202266216278076, -2.220032215118408, -2.1522014141082764, -2.2641234397888184, -2.260587692260742]","[1.0, 1.0, 1.0, 1.0, 1.0, 1.0, 1.0, 1.0, 1.0, 1.0]",0.65515,0.022782743,15.513992,-15.588976,9997.608
