acceptance rate,gt in support,C2ST,MMD,MEDDIST,NLTP,RT
"[1.0, -0.057768676429986954, -0.07419819384813309, -0.09949631989002228, -0.10053518414497375, -0.12490978091955185, -0.1274358630180359, -0.1322968751192093, -0.1340969204902649, -0.1444202959537506]","[1.0, 0.9994999766349792, 0.9994000196456909, 0.9991999864578247, 0.9993000030517578, 0.9994000196456909, 0.9991999864578247, 0.9994000196456909, 0.9991999864578247, 0.9990000128746033]",0.50305,0.0004771948,1.3176297,-0.616539,1873.7092
