acceptance rate,gt in support,C2ST,MMD,MEDDIST,NLTP,RT
"[1.0, -0.01671208254992962, -0.013138729147613049, -0.024017076939344406, -0.03212456777691841, -0.38296470046043396, -0.38369956612586975, -0.46720317006111145, -0.40373289585113525, -0.604533851146698]","[1.0, 1.0, 1.0, 1.0, 1.0, 1.0, 1.0, 1.0, 1.0, 1.0]",0.83875,0.11568856,18.592186,0.8956785,6563.6465
