acceptance rate,gt in support,C2ST,MMD,MEDDIST,NLTP,RT
"[1.0, -0.7341213226318359, -0.6515783071517944, -0.7884218096733093, -0.7721133232116699, -1.0903617143630981, -1.2143352031707764, -1.2636873722076416, -1.4309730529785156, -1.349270224571228]","[1.0, 1.0, 1.0, 1.0, 1.0, 1.0, 1.0, 1.0, 1.0, 1.0]",0.533,0.0035202503,0.08599058,-2.3448825,6952.8086
