acceptance rate,gt in support,iw var,C2ST,MMD,MEDDIST,NLTP,RT
"[1.0, -0.015472698025405407, -0.009816600941121578, -0.010194364935159683, -0.015787843614816666, -0.026548858731985092, -0.06694319099187851, -0.07644515484571457, -0.10297806560993195, -0.09720870107412338]","[1.0, 1.0, 1.0, 1.0, 1.0, 1.0, 1.0, 1.0, 1.0, 1.0]","[0.0, 1.663227777726206e-08, 1.7550558339962663e-08, 2.0003994904982392e-08, 1.5274508768925443e-08, 1.901860180453241e-08, 1.9037088350160047e-08, 2.179205793595429e-08, 1.9241127802160918e-08, 1.6469302366317606e-08]",0.8163,0.21558285,40.124805,-8.004358,131.97891
