acceptance rate,gt in support,C2ST,MMD,MEDDIST,NLTP,RT
"[1.0, -0.21137210726737976, -0.22970043122768402, -0.2748646140098572, -0.27034932374954224, -0.2674052119255066, -0.28320398926734924, -0.28328731656074524, -0.31006988883018494, -0.31009945273399353]","[1.0, 0.9966999888420105, 0.9970999956130981, 0.9968000054359436, 0.9969000220298767, 0.9975000023841858, 0.9973999857902527, 0.9976000189781189, 0.9977999925613403, 0.9977999925613403]",0.51115,0.0013978481,1.42261,4.1775274,1999.1893
