acceptance rate,gt in support,iw var,C2ST,MMD,MEDDIST,NLTP,RT
"[1.0, -0.012668969109654427, -0.01533771026879549, -0.15496402978897095, -0.26672250032424927, -0.4420519173145294, -0.7936367988586426, -0.8309556841850281, -0.9016159176826477, -0.926322340965271]","[1.0, 1.0, 1.0, 1.0, 1.0, 1.0, 1.0, 1.0, 1.0, 1.0]","[0.0, 2.1167313235537222e-08, 1.6409000380690486e-08, 1.4984532725748068e-08, 1.6584719375600798e-08, 1.6530087521005044e-08, 2.659635356394574e-08, 1.8343962793210267e-08, 1.589804377033488e-08, 1.6457113005685642e-08]",0.99745,0.5548415,45.06562,-7.601102,177.9752
