acceptance rate,gt in support,C2ST,MMD,MEDDIST,NLTP,RT
"[1.0, -0.1460585594177246, -0.19375216960906982, -0.22188498079776764, -0.2735580801963806, -0.2790142893791199, -0.26837095618247986, -0.3025090992450714, -0.3094790577888489, -0.30314871668815613]","[1.0, 0.9980999827384949, 0.9979000091552734, 0.9973999857902527, 0.9975000023841858, 0.9975000023841858, 0.9976000189781189, 0.9973000288009644, 0.9973000288009644, 0.9973000288009644]",0.5158,0.0015165806,1.4117041,2.582632,1969.1029
