acceptance rate,gt in support,iw var,C2ST,MMD,MEDDIST,NLTP,RT
"[1.0, -0.006079059559851885, -0.007468585390597582, -0.0688982680439949, -0.20366856455802917, -0.5251284241676331, -0.8373929262161255, -0.7401673197746277, -0.9061893224716187, -0.9118245244026184]","[1.0, 1.0, 1.0, 1.0, 1.0, 1.0, 1.0, 1.0, 1.0, 1.0]","[0.0, 1.590334619550049e-08, 1.910090574597234e-08, 1.6796738222524255e-08, 1.7299541354987014e-08, 1.7146403408219157e-08, 1.614914246772514e-08, 1.6634553290373333e-08, 1.845703145875177e-08, 1.646683678302452e-08]",0.70755,0.11125797,34.31472,-7.0170417,138.8404
