C2ST,C2ST_Z,MMD,MMD_Z,KSD_GAUSS,MEDDIST,C2ST_1K,C2ST_1K_Z,MMD_1K,MMD_1K_Z,KSD_GAUSS_1K,MEDDIST_1K,NLTP,RT
0.5501,0.54785,0.00048196316,0.00048148632,inf,0.0864573,0.5125,0.5475,-0.00019168854,-0.00019228458,inf,0.08488102,-1.6466062,1671.8694
