acceptance rate,gt in support,C2ST,MMD,MEDDIST,NLTP,RT
"[1.0, -0.020656537264585495, -0.02784348838031292, -0.35941919684410095, -0.34733471274375916, -0.5414754748344421, -0.7396105527877808, -0.7791823744773865, -1.0377599000930786, -1.1106551885604858]","[1.0, 0.9998999834060669, 0.9998999834060669, 0.9991999864578247, 0.9995999932289124, 0.9994000196456909, 0.9994999766349792, 0.9998000264167786, 0.9998000264167786, 0.9998000264167786]",0.80265,0.13545275,14.665497,2.585249,202.56833
