acceptance rate,gt in support,C2ST,MMD,MEDDIST,NLTP,RT
"[1.0, -0.010928579606115818, -0.010016554035246372, -0.008552409708499908, -0.009172954596579075, -0.006651968229562044, -0.006982844788581133, -0.01354179996997118, -0.01718623749911785, -0.011864843778312206]","[1.0, 0.9997000098228455, 0.9995999932289124, 0.9998999834060669, 0.9998000264167786, 0.9998999834060669, 0.9998000264167786, 0.9998000264167786, 0.9997000098228455, 0.9998000264167786]",0.98695,0.21655285,7.511634,8.4623375,4075.9834
