acceptance rate,gt in support,C2ST,MMD,MEDDIST,NLTP,RT
"[1.0, 1.0, 1.0, 1.0, 1.0, 1.0, 1.0, 1.0, 1.0, 1.0]","[1.0, 0.9448999762535095, 0.9083999991416931, 0.8349000215530396, 0.8996000289916992, 0.9363999962806702, 0.9801999926567078, 0.9764000177383423, 0.98089998960495, 0.973800003528595]",0.85495,0.02317357,25.128784,3.223579,1041.595
