acceptance rate,gt in support,C2ST,MMD,KSD_GAUSS,MEDDIST,NLTP,RT
"[1.0, -0.0005867133149877191, -0.000434532092185691, -0.0015880790306255221, -0.001217750832438469, -0.0018497065175324678, -0.001370206824503839, -0.002067819470539689, -0.0030288933776319027, -0.0037510839756578207]","[1.0, 1.0, 0.9998999834060669, 0.9997000098228455, 0.9997000098228455, 0.9997000098228455, 0.9997000098228455, 0.9995999932289124, 0.9997000098228455, 0.9997000098228455]",0.76075,0.06878829,259396.23,1.6439753,2.226493,212.57147
