C2ST,C2ST_Z,MMD,MMD_Z,KSD_GAUSS,MEDDIST,C2ST_1K,C2ST_1K_Z,MMD_1K,MMD_1K_Z,KSD_GAUSS_1K,MEDDIST_1K,NLTP,RT
0.5205,0.5733,0.0019160509,0.0019162893,inf,0.088894755,0.5185,0.5145,0.0012197495,0.0012238026,inf,0.09490917,-3.0579984,198.29448
