acceptance rate,gt in support,C2ST,MMD,MEDDIST,NLTP,RT
"[1.0, -1.0669769048690796, -1.107263445854187, -1.1049176454544067, -1.2084743976593018, -1.23014497756958, -1.2026458978652954, -1.286467432975769, -1.2394518852233887, -1.2680721282958984]","[1.0, 1.0, 0.9998000264167786, 1.0, 0.9998000264167786, 1.0, 1.0, 1.0, 1.0, 1.0]",0.53405,0.008038163,0.09109331,-4.2164783,3243.805
