acceptance rate,gt in support,C2ST,MMD,MEDDIST,NLTP,RT
"[1.0, -0.006872533354908228, -0.0180002860724926, -0.026964575052261353, -0.06268275529146194, -0.06691785156726837, -0.06973884999752045, -0.06625969707965851, -0.08123596757650375, -0.07943321764469147]","[1.0, 0.9998000264167786, 0.9993000030517578, 0.9991000294685364, 0.9991000294685364, 0.9993000030517578, 0.9991000294685364, 0.9994000196456909, 0.9994000196456909, 0.9994000196456909]",0.5549,0.0037933588,1.4409384,1.4823828,8243.895
