acceptance rate,gt in support,iw var,C2ST,MMD,MEDDIST,NLTP,RT
"[1.0, -0.002002384513616562, -0.03212456777691841, -0.12665033340454102, -0.2451549470424652, -0.3077407479286194, -0.4081195294857025, -0.5481752157211304, -0.7320464253425598, -0.6683703064918518]","[1.0, 1.0, 1.0, 1.0, 1.0, 1.0, 1.0, 1.0, 1.0, 1.0]","[0.0, 1.683806694074974e-08, 1.5728669922054905e-08, 1.5655427176852754e-08, 1.5840324607552247e-08, 1.7078162883876757e-08, 1.7188048317962057e-08, 1.548253081296025e-08, 1.765014623344996e-08, 1.562627005569084e-08]",0.963,0.26429933,17.92352,8.918581,263.42078
