C2ST,C2ST_Z,MMD,MMD_Z,KSD_GAUSS,MEDDIST,C2ST_1K,C2ST_1K_Z,MMD_1K,MMD_1K_Z,KSD_GAUSS_1K,MEDDIST_1K,NLTP,RT
0.827,0.79505,0.10212433,0.10147011,412551.22,1.8740416,0.7895,0.802,0.103336334,0.10192263,42021.36,1.8775396,4.793786,71.81573
