acceptance rate,gt in support,iw var,C2ST,MMD,MEDDIST,NLTP,RT
"[1.0, -0.6536861658096313, -0.7188150882720947, -0.7186635732650757, -0.7398888468742371, -0.821804404258728, -0.6887973546981812, -0.8064778447151184, -0.7266128659248352, -0.7340036034584045]","[1.0, 1.0, 1.0, 1.0, 1.0, 1.0, 1.0, 1.0, 1.0, 1.0]","[0.0, 2.907735337231987e-11, 1.1705395333572177e-11, 1.809078060965863e-11, 4.592229721489538e-11, 2.184619672662702e-11, 1.459750029186857e-11, 2.661982960450171e-11, 3.186146138589585e-11, 2.7476833308615056e-11]",0.49445,0.0012389421,20.663979,-9.445159,1919.333
