C2ST,C2ST_Z,MMD,MMD_Z,KSD_GAUSS,MEDDIST,C2ST_1K,C2ST_1K_Z,MMD_1K,MMD_1K_Z,KSD_GAUSS_1K,MEDDIST_1K,NLTP,RT
0.49905,0.60435,0.015842676,0.015908837,2771180.0,23.366642,0.4825,0.6065,0.01338625,0.01336503,679840.1,23.313084,-9.881399,83.84201
