acceptance rate,gt in support,C2ST,MMD,MEDDIST,NLTP,RT
"[1.0, -0.045926425606012344, -0.18498709797859192, -0.19436325132846832, -0.4459148347377777, -0.7367190718650818, -0.7791077494621277, -0.7891084551811218, -1.1329957246780396, -1.127219557762146]","[1.0, 1.0, 1.0, 1.0, 1.0, 1.0, 1.0, 1.0, 1.0, 1.0]",0.81165,0.124746084,17.318007,0.31332016,7722.8438
