acceptance rate,gt in support,iw var,C2ST,MMD,MEDDIST,NLTP,RT
"[1.0, -0.03331868723034859, -0.06040589138865471, -0.13652843236923218, -0.2837044596672058, -0.5065419673919678, -0.615861713886261, -0.705056369304657, -0.8113125562667847, -0.8381615877151489]","[1.0, 1.0, 1.0, 1.0, 1.0, 1.0, 1.0, 1.0, 1.0, 1.0]","[0.0, 1.6830552951319078e-08, 1.6150195847330906e-08, 1.5704209488376364e-08, 1.6813650915992184e-08, 2.871376381108348e-08, 1.726567333548701e-08, 1.7255020523521125e-08, 1.6928918711300867e-08, 1.4904076195421112e-08]",0.9477,0.29123005,21.914438,1.6382093,285.897
