acceptance rate,gt in support,C2ST,MMD,KSD_GAUSS,MEDDIST,NLTP,RT
"[1.0, -0.19270183145999908, -0.5440517663955688, -0.5530746579170227, -0.5068906545639038, -0.4125509560108185, -0.3735227584838867, -0.42400437593460083, -0.47086918354034424, -0.3973974883556366]","[1.0, 1.0, 1.0, 1.0, 1.0, 1.0, 1.0, 1.0, 1.0, 1.0]",0.49975,0.0026737452,6932615.0,20.34699,-10.132807,313.10184
