acceptance rate,gt in support,C2ST,MMD,MEDDIST,NLTP,RT
"[1.0, -0.018951965495944023, -0.0197693333029747, -0.029932215809822083, -0.2036338448524475, -0.3261193335056305, -0.30639028549194336, -0.6182714104652405, -0.6548616290092468, -0.708002507686615]","[1.0, 1.0, 1.0, 1.0, 1.0, 1.0, 1.0, 1.0, 1.0, 1.0]",0.99765,0.5600463,43.206917,-5.6036243,171.76897
