acceptance rate,gt in support,C2ST,MMD,KSD_GAUSS,MEDDIST,NLTP,RT
"[1.0, -0.03661360964179039, -0.055813562124967575, -0.19351476430892944, -0.640657901763916, -0.6510335206985474, -0.6893491744995117, -0.6516951322555542, -0.7240363359451294, -0.7112292647361755]","[1.0, 1.0, 1.0, 1.0, 1.0, 1.0, 1.0, 1.0, 1.0, 1.0]",0.5736,0.0003106594,inf,0.09053489,-3.9768333,158.64421
