C2ST,C2ST_Z,MMD,MMD_Z,KSD_GAUSS,MEDDIST,C2ST_1K,C2ST_1K_Z,MMD_1K,MMD_1K_Z,KSD_GAUSS_1K,MEDDIST_1K,NLTP,RT
0.6999,0.70765,0.0807749,0.11022854,1581387.1,26.019224,0.5105,0.7035,0.08279133,0.11099762,256184.47,25.865026,-6.6240096,86.52139
