acceptance rate,gt in support,C2ST,MMD,MEDDIST,NLTP,RT
"[1.0, -0.8199560642242432, -0.7977063655853271, -0.853058397769928, -0.9127708673477173, -0.9186127185821533, -0.9772418141365051, -1.1998846530914307, -1.2201489210128784, -1.1895995140075684]","[1.0, 1.0, 1.0, 1.0, 1.0, 1.0, 1.0, 1.0, 1.0, 1.0]",0.5228,0.0018537045,0.08656609,-3.0429783,6737.5073
