acceptance rate,gt in support,C2ST,MMD,MEDDIST,NLTP,RT
"[1.0, -0.7191182374954224, -1.1308940649032593, -1.2979142665863037, -1.8150935173034668, -1.864781379699707, -2.051734209060669, -2.1095919609069824, -2.0987234115600586, -2.2440385818481445]","[1.0, 0.9998999834060669, 0.9998999834060669, 0.9998999834060669, 0.9990000128746033, 0.9991999864578247, 0.9987000226974487, 0.9986000061035156, 0.9987000226974487, 0.9980999827384949]",0.6066,0.029983759,15.349516,-0.5853987,693.59155
