acceptance rate,gt in support,C2ST,MMD,KSD_GAUSS,MEDDIST,NLTP,RT
"[1.0, -0.017005570232868195, -0.06872016936540604, -0.08555108308792114, -1.014818549156189, -0.8031529784202576, -0.7741740345954895, -0.7154188752174377, -0.886056661605835, -0.9120215177536011]","[1.0, 1.0, 1.0, 1.0, 1.0, 1.0, 1.0, 1.0, 1.0, 1.0]",0.9912,0.5386708,6969435600.0,64.81334,-11.473103,109.7066
