acceptance rate,gt in support,C2ST,MMD,MEDDIST,NLTP,RT
"[1.0, -0.014775678515434265, -0.07350322604179382, -0.0436154380440712, -0.12627263367176056, -0.10695990920066833, -0.10971875488758087, -0.10485381633043289, -0.10682101547718048, -0.11342467367649078]","[1.0, 0.9994999766349792, 0.9991000294685364, 0.9994000196456909, 0.9990000128746033, 0.9991999864578247, 0.9993000030517578, 0.9994999766349792, 0.9997000098228455, 0.9997000098228455]",0.55695,0.0017957687,1.425183,4.784498,8185.1646
