acceptance rate,gt in support,C2ST,MMD,MEDDIST,NLTP,RT
"[1.0, -0.03950544074177742, -0.06527437269687653, -0.5201728343963623, -0.5093393921852112, -0.6321597695350647, -0.9551859498023987, -1.0914324522018433, -1.2756378650665283, -1.3272725343704224]","[1.0, 0.9215999841690063, 0.9318000078201294, 0.859499990940094, 0.8565000295639038, 0.870199978351593, 0.8582000136375427, 0.8712000250816345, 0.8651000261306763, 0.8690999746322632]",0.87045,0.2200777,13.118865,14.701385,213.48007
