acceptance rate,gt in support,C2ST,MMD,KSD_GAUSS,MEDDIST,NLTP,RT
"[1.0, -0.5848179459571838, -0.8619343042373657, -1.093747854232788, -1.1736228466033936, -1.296407699584961, -1.5050197839736938, -1.7780643701553345, -1.760959506034851, -1.670018196105957]","[1.0, 1.0, 1.0, 1.0, 1.0, 1.0, 1.0, 1.0, 1.0, 1.0]",0.9907,0.54672825,1172214700.0,32.363483,-10.026007,446.96994
