acceptance rate,gt in support,iw var,C2ST,MMD,MEDDIST,NLTP,RT
"[1.0, -0.1395721584558487, -0.14969082176685333, -0.3756147623062134, -0.4756471514701843, -0.5481752157211304, -0.699332058429718, -0.7001659274101257, -0.8219690918922424, -0.8740716576576233]","[1.0, 1.0, 1.0, 1.0, 1.0, 1.0, 1.0, 1.0, 0.9998999834060669, 1.0]","[0.0, 1.7825289688744306e-08, 1.5964500832410522e-08, 1.713730313213091e-08, 1.66302687176767e-08, 1.813476302459094e-08, 1.6336295871610673e-08, 1.7001820395989853e-08, 1.6994622598076603e-08, 1.7905016136410268e-08]",0.5508,0.00032031536,0.0942823,-0.217184,130.26553
