acceptance rate,gt in support,C2ST,MMD,KSD_GAUSS,MEDDIST,NLTP,RT
"[1.0, -0.002438899828121066, -0.002373382681980729, -0.020633762702345848, -0.057297635823488235, -0.46542397141456604, -0.5844424366950989, -0.372770756483078, -0.5548630356788635, -0.6626605987548828]","[1.0, 1.0, 1.0, 1.0, 1.0, 1.0, 1.0, 1.0, 1.0, 1.0]",0.6107,0.04990256,43115616.0,23.291626,-9.727186,165.53207
