acceptance rate,gt in support,C2ST,MMD,KSD_GAUSS,MEDDIST,NLTP,RT
"[1.0, -1.4752146005630493, -1.5882508754730225, -1.5941842794418335, -1.6185840368270874, -1.5678977966308594, -1.5814013481140137, -1.5860987901687622, -1.5631928443908691, -1.5712685585021973]","[1.0, 0.9975000023841858, 0.9995999932289124, 0.9997000098228455, 0.9997000098228455, 0.9998000264167786, 0.9998000264167786, 0.9998999834060669, 0.9998999834060669, 0.9998999834060669]",0.567,0.0025869608,168922.83,10.574968,4.0503817,2738.0115
