acceptance rate,gt in support,C2ST,MMD,KSD_GAUSS,MEDDIST,NLTP,RT
"[1.0, -0.12265745550394058, -0.19528144598007202, -0.2512694299221039, -0.45871204137802124, -0.5296998023986816, -0.5310990810394287, -0.5528419613838196, -0.6284149885177612, -0.6968039870262146]","[1.0, 1.0, 1.0, 1.0, 1.0, 1.0, 1.0, 1.0, 1.0, 1.0]",0.5003,0.0035125017,1511280.1,20.952328,-9.066607,1676.6946
