C2ST,C2ST_Z,MMD,MMD_Z,KSD_GAUSS,MEDDIST,C2ST_1K,C2ST_1K_Z,MMD_1K,MMD_1K_Z,KSD_GAUSS_1K,MEDDIST_1K,NLTP,RT
0.57455,0.6004,0.0046749115,0.0046750307,inf,0.093841285,0.531,0.5715,0.0035260916,0.0035222769,inf,0.096081086,-2.7719283,461.42465
