acceptance rate,gt in support,C2ST,MMD,MEDDIST,NLTP,RT
"[1.0, -0.3161727786064148, -0.3414798378944397, -0.5309147238731384, -0.615861713886261, -0.540306031703949, -1.3761909008026123, -1.4204281568527222, -1.5032000541687012, -1.7966994047164917]","[1.0, 1.0, 1.0, 1.0, 1.0, 1.0, 1.0, 1.0, 1.0, 1.0]",0.94685,0.47431755,26.74004,-16.141724,3674.4902
