acceptance rate,gt in support,C2ST,MMD,KSD_GAUSS,MEDDIST,NLTP,RT
"[1.0, -0.006850469391793013, -0.008530260063707829, -0.08351973444223404, -0.14029145240783691, -0.6058987379074097, -0.6095594763755798, -0.812680721282959, -0.9080986976623535, -1.0995068550109863]","[1.0, 1.0, 0.9998999834060669, 0.9994000196456909, 0.9993000030517578, 0.9991000294685364, 0.9991000294685364, 0.9991000294685364, 0.9987000226974487, 0.9976999759674072]",0.87415,0.08186519,86176150000.0,3.3779702,1.0829244,273.42664
