C2ST,C2ST_Z,MMD,MMD_Z,KSD_GAUSS,MEDDIST,C2ST_1K,C2ST_1K_Z,MMD_1K,MMD_1K_Z,KSD_GAUSS_1K,MEDDIST_1K,NLTP,RT
0.52725,0.5317,0.0035143495,0.0035120845,inf,0.088832706,0.5285,0.5355,0.0010449886,0.0010433197,inf,0.0918878,-2.959905,1476.9424
