C2ST,C2ST_Z,MMD,MMD_Z,KSD_GAUSS,MEDDIST,C2ST_1K,C2ST_1K_Z,MMD_1K,MMD_1K_Z,KSD_GAUSS_1K,MEDDIST_1K,NLTP,RT
0.6426,0.69395,0.005621314,0.005625844,,0.08990428,0.527,0.689,0.004024029,0.0040158033,,0.09268724,-1.7621655,74.595085
