acceptance rate,gt in support,C2ST,MMD,MEDDIST,NLTP,RT
"[1.0, -0.020019378513097763, -0.02011033147573471, -0.160804882645607, -0.12959609925746918, -0.1445111334323883, -0.12959609925746918, -0.16301167011260986, -0.1537247598171234, -0.15979978442192078]","[1.0, 0.9865000247955322, 0.9854999780654907, 0.817799985408783, 0.8647000193595886, 0.833899974822998, 0.888700008392334, 0.8708000183105469, 0.8844000101089478, 0.8876000046730042]",0.9507,0.12643015,21.993935,8.899,4638.2964
