acceptance rate,gt in support,C2ST,MMD,MEDDIST,NLTP,RT
"[1.0, -0.08066035807132721, -0.10648791491985321, -0.12974244356155396, -0.17476868629455566, -0.18422310054302216, -0.1816091537475586, -0.21371008455753326, -0.1979449987411499, -0.19178901612758636]","[1.0, 0.9975000023841858, 0.9973000288009644, 0.9968000054359436, 0.9970999956130981, 0.9970999956130981, 0.996999979019165, 0.9965000152587891, 0.996999979019165, 0.9969000220298767]",0.54515,0.0026043653,1.4272976,4.737624,289.537
