acceptance rate,gt in support,C2ST,MMD,MEDDIST,NLTP,RT
"[1.0, -0.018770532682538033, -0.027288174256682396, -0.030327895656228065, -0.026295026764273643, -0.027658304199576378, -0.02369590662419796, -0.0555666945874691, -0.050805237144231796, -0.04805568978190422]","[1.0, 0.9527999758720398, 0.9797999858856201, 0.978600025177002, 0.9804999828338623, 0.984499990940094, 0.9894999861717224, 0.9822999835014343, 0.9879999756813049, 0.9850999712944031]",0.961,0.13869381,10.359585,8.132393,152.56471
