acceptance rate,gt in support,C2ST,MMD,KSD_GAUSS,MEDDIST,NLTP,RT
"[1.0, -0.044384412467479706, -0.24572813510894775, -0.5240021347999573, -0.6483582854270935, -0.7902169823646545, -0.9947766065597534, -0.994476318359375, -1.0461195707321167, -1.0400917530059814]","[1.0, 1.0, 1.0, 1.0, 1.0, 1.0, 1.0, 1.0, 1.0, 1.0]",0.5011,0.002673149,171082.83,20.68816,-5.526551,322.56198
