C2ST,C2ST_Z,MMD,MMD_Z,KSD_GAUSS,MEDDIST,C2ST_1K,C2ST_1K_Z,MMD_1K,MMD_1K_Z,KSD_GAUSS_1K,MEDDIST_1K,NLTP,RT
0.6118,0.64695,0.05764264,0.05795878,3537249.0,24.799194,0.5085,0.6515,0.05624354,0.05638516,618717.7,24.869642,-8.593946,168.9842
