acceptance rate,gt in support,C2ST,MMD,MEDDIST,NLTP,RT
"[1.0, -0.02122623659670353, -0.18778876960277557, -0.3571399450302124, -0.2913242280483246, -0.4469669759273529, -0.3826850652694702, -0.4308212399482727, -0.394012987613678, -0.3865458071231842]","[1.0, 0.9991000294685364, 0.9825999736785889, 0.98580002784729, 0.9962999820709229, 0.992900013923645, 0.996399998664856, 0.993399977684021, 0.9965999722480774, 0.9979000091552734]",0.89995,0.05850792,24.145422,3.203257,4434.278
