acceptance rate,gt in support,C2ST,MMD,KSD_GAUSS,MEDDIST,NLTP,RT
"[1.0, -0.1359638273715973, -0.2513081729412079, -0.33979877829551697, -0.31800541281700134, -0.3478826582431793, -0.3453422486782074, -0.3340752124786377, -0.39258071780204773, -0.42159003019332886]","[1.0, 1.0, 1.0, 0.9998999834060669, 0.9998999834060669, 0.9998999834060669, 0.9998999834060669, 0.9998999834060669, 0.9998999834060669, 0.9998999834060669]",0.7326,0.002310872,76391.43,10.551496,2.099369,2608.8748
