acceptance rate,gt in support,C2ST,MMD,KSD_GAUSS,MEDDIST,NLTP,RT
"[1.0, -0.0007824347703717649, -0.0006301849498413503, -0.0011088679311797023, -0.0012612856226041913, -0.0012395046651363373, -0.0011306422529742122, -0.0014791293069720268, -0.0013919943012297153, -0.002919581485912204]","[1.0, 0.9998999834060669, 0.9998999834060669, 0.9997000098228455, 1.0, 0.9998999834060669, 1.0, 0.9998999834060669, 0.9998999834060669, 0.9998000264167786]",0.725,0.036469817,145019.27,1.5654559,7.441763,248.16437
