acceptance rate,gt in support,iw var,C2ST,MMD,MEDDIST,NLTP,RT
"[1.0, -0.4503020942211151, -0.9507819414138794, -1.508468508720398, -1.7027331590652466, -2.169004201889038, -2.464341878890991, -2.940516471862793, -3.030787229537964, -3.0424885749816895]","[1.0, 0.9442999958992004, 0.9970999956130981, 0.9283000230789185, 0.9664999842643738, 0.9936000108718872, 0.9462000131607056, 0.8252000212669373, 0.8779000043869019, 0.9632999897003174]","[0.0, 6.583008443916682e-11, 4.8948581299335103e-11, 7.52226544942225e-11, 1.6279391723550418e-10, 1.7030471477497144e-10, 1.9203139078882714e-10, 2.850100988549542e-10, 1.6938211944150794e-10, 2.3387328185187073e-10]",0.82165,0.059088767,12.696078,-14.38344,5210.75
