acceptance rate,gt in support,iw var,C2ST,MMD,MEDDIST,NLTP,RT
"[1.0, -0.12326270341873169, -0.4502204358577728, -0.656709611415863, -0.7375884652137756, -0.949620246887207, -1.2931969165802002, -1.3365989923477173, -1.582336664199829, -1.556504487991333]","[1.0, 1.0, 1.0, 1.0, 1.0, 1.0, 1.0, 1.0, 1.0, 1.0]","[0.0, 1.9723549182781852e-11, 7.034165611097265e-11, 6.885298581282839e-11, 7.508780403009396e-11, 1.0590656823739053e-10, 6.875600783162739e-11, 5.2284440665850695e-11, 3.693392119918926e-11, 6.273166708314903e-11]",0.9234,0.39788252,36.55967,-15.405956,4437.3076
