acceptance rate,gt in support,C2ST,MMD,MEDDIST,NLTP,RT
"[1.0, -0.0395292267203331, -0.08428366482257843, -0.09031030535697937, -0.09366495907306671, -0.14837482571601868, -0.14764203131198883, -0.14794722199440002, -0.1657382994890213, -0.17117904126644135]","[1.0, 0.9973999857902527, 0.9972000122070312, 0.9968000054359436, 0.9976000189781189, 0.9972000122070312, 0.9973000288009644, 0.9977999925613403, 0.9970999956130981, 0.9969000220298767]",0.54095,0.002093196,1.4237416,2.4723082,290.48376
