acceptance rate,gt in support,C2ST,MMD,MEDDIST,NLTP,RT
"[1.0, -0.01421439927071333, -0.02008761279284954, -0.13685567677021027, -0.15679840743541718, -0.4296905994415283, -0.662221372127533, -0.8058028817176819, -1.0861454010009766, -1.6892850399017334]","[1.0, 0.007699999958276749, 0.042500000447034836, 0.6531000137329102, 0.3578999936580658, 0.08150000125169754, 0.11659999936819077, 0.025800000876188278, 0.0003000000142492354, 0.0]",1.0,0.6705655,50.993214,21.344837,180.66003
