C2ST,C2ST_Z,MMD,MMD_Z,KSD_GAUSS,MEDDIST,C2ST_1K,C2ST_1K_Z,MMD_1K,MMD_1K_Z,KSD_GAUSS_1K,MEDDIST_1K,NLTP,RT
0.9909,0.99885,0.52176225,0.5447077,7161725000.0,121.39737,0.9845,0.995,0.52818155,0.5452765,1101541200.0,128.3977,-3.4369857,93.06358
