C2ST,C2ST_Z,MMD,MMD_Z,KSD_GAUSS,MEDDIST,C2ST_1K,C2ST_1K_Z,MMD_1K,MMD_1K_Z,KSD_GAUSS_1K,MEDDIST_1K,NLTP,RT
0.85365,0.8253,0.11186302,0.11082244,463437.22,1.87077,0.8135,0.8045,0.11237538,0.11073995,46358.0,1.8709002,3.5536175,45.448814
