acceptance rate,gt in support,C2ST,MMD,MEDDIST,NLTP,RT
"[1.0, -0.05561606213450432, -0.259992778301239, -1.2595126628875732, -1.4264408349990845, -1.3282382488250732, -1.385355830192566, -1.2826207876205444, -1.38959538936615, -1.2335457801818848]","[1.0, 0.9941999912261963, 0.9138000011444092, 0.6373999714851379, 0.7300999760627747, 0.9366999864578247, 0.9538999795913696, 0.9821000099182129, 0.9803000092506409, 0.9879000186920166]",0.91075,0.014059544,29.475327,8.614756,4659.481
