acceptance rate,gt in support,C2ST,MMD,KSD_GAUSS,MEDDIST,NLTP,RT
"[1.0, -0.16710805892944336, -0.18882733583450317, -0.19763681292533875, -0.641113817691803, -0.6195716857910156, -0.634699285030365, -0.747996985912323, -0.7429217100143433, -0.7555167078971863]","[1.0, 1.0, 1.0, 1.0, 1.0, 1.0, 1.0, 1.0, 1.0, 1.0]",0.7131,0.00038409233,inf,0.101232015,-3.0805116,86.92572
