acceptance rate,gt in support,C2ST,MMD,MEDDIST,NLTP,RT
"[1.0, -0.01772877760231495, -0.03018818236887455, -0.4642418622970581, -0.7236148118972778, -1.0081298351287842, -0.9689148664474487, -1.1564350128173828, -1.20199716091156, -1.2986478805541992]","[1.0, 1.0, 1.0, 1.0, 1.0, 1.0, 1.0, 1.0, 1.0, 1.0]",0.49945,0.031184912,18.493242,-6.37765,2528.0698
