acceptance rate,gt in support,C2ST,MMD,MEDDIST,NLTP,RT
"[1.0, 1.0, 1.0, 1.0, 1.0, 1.0, 1.0, 1.0, 1.0, 1.0]","[1.0, 0.9779000282287598, 0.9894000291824341, 0.9940999746322632, 0.9955999851226807, 0.9976999759674072, 0.9976000189781189, 0.9976999759674072, 0.9987000226974487, 0.9991000294685364]",0.5446,0.0035156012,9.5786705,4.269722,11965.134
