acceptance rate,gt in support,C2ST,MMD,KSD_GAUSS,MEDDIST,NLTP,RT
"[1.0, -0.48918697237968445, -0.5087083578109741, -0.5885907411575317, -0.6287843585014343, -0.628969132900238, -0.587413489818573, -0.5958935618400574, -0.5770820379257202, -0.6296719908714294]","[1.0, 0.9975000023841858, 0.9991000294685364, 0.9998999834060669, 0.9998000264167786, 0.9998000264167786, 0.9998999834060669, 0.9998999834060669, 1.0, 1.0]",0.792,0.017086625,46072.79,22.494648,3.1295953,2658.6091
