acceptance rate,gt in support,C2ST,MMD,KSD_GAUSS,MEDDIST,NLTP,RT
"[1.0, -0.005506879184395075, -0.0197693333029747, -0.028445860370993614, -0.09089884907007217, -0.10026154667139053, -0.1291281133890152, -0.22224703431129456, -0.24169382452964783, -0.24294576048851013]","[1.0, 1.0, 1.0, 1.0, 1.0, 1.0, 1.0, 1.0, 1.0, 1.0]",0.93015,0.28122127,30943.229,22.196842,4.280654,83.954735
