acceptance rate,gt in support,C2ST,MMD,MEDDIST,NLTP,RT
"[1.0, -0.08094808459281921, -0.09949631989002228, -0.11325554549694061, -0.14718466997146606, -0.13945241272449493, -0.14387555420398712, -0.15898486971855164, -0.1548399180173874, -0.15150298178195953]","[1.0, 0.9998000264167786, 0.9997000098228455, 0.9994999766349792, 0.9993000030517578, 0.9993000030517578, 0.9991999864578247, 0.9991000294685364, 0.9991999864578247, 0.9991000294685364]",0.515,0.00061929226,1.3316507,-0.15782547,1754.9154
