C2ST,C2ST_Z,MMD,MMD_Z,KSD_GAUSS,MEDDIST,C2ST_1K,C2ST_1K_Z,MMD_1K,MMD_1K_Z,KSD_GAUSS_1K,MEDDIST_1K,NLTP,RT
0.69545,0.71585,0.13299316,0.12576294,7105360.0,28.495613,0.486,0.712,0.12755066,0.1202209,797337.75,28.574463,-7.5349545,150.11491
