acceptance rate,gt in support,C2ST,MMD,MEDDIST,NLTP,RT
"[1.0, -0.7810895442962646, -1.4608373641967773, -1.6391743421554565, -2.010368824005127, -2.0961289405822754, -2.3197121620178223, -2.3838725090026855, -2.509157419204712, -2.4160330295562744]","[1.0, 1.0, 1.0, 1.0, 1.0, 1.0, 1.0, 1.0, 1.0, 1.0]",0.8019,0.12930137,30.640137,-16.340685,9662.446
