acceptance rate,gt in support,C2ST,MMD,MEDDIST,NLTP,RT
"[1.0, -0.3332948386669159, -0.444260835647583, -0.5250920653343201, -0.6269408464431763, -0.7281970977783203, -0.7490516901016235, -0.7424414157867432, -0.7902552485466003, -1.058985710144043]","[1.0, 0.9995999932289124, 0.9994999766349792, 0.9983999729156494, 0.9980999827384949, 0.9968000054359436, 0.996399998664856, 0.9966999888420105, 0.9962999820709229, 0.9854999780654907]",0.6909,0.0021443367,11.369734,1.9481527,6640.6904
