acceptance rate,gt in support,C2ST,MMD,MEDDIST,NLTP,RT
"[1.0, -0.03472772613167763, -0.049002666026353836, -0.08809700608253479, -0.12407100945711136, -0.1314731240272522, -0.6368771195411682, -0.6487450003623962, -1.0413962602615356, -1.0675685405731201]","[1.0, 1.0, 1.0, 1.0, 1.0, 1.0, 1.0, 1.0, 1.0, 1.0]",0.52355,0.016984046,22.803509,-8.351058,157.19792
