acceptance rate,gt in support,C2ST,MMD,MEDDIST,NLTP,RT
"[1.0, 1.0, 1.0, 1.0, 1.0, 1.0, 1.0, 1.0, 1.0, 1.0]","[1.0, 1.0, 1.0, 0.9994000196456909, 0.9979000091552734, 0.9950000047683716, 0.9922999739646912, 0.9914000034332275, 0.9922000169754028, 0.9901000261306763]",0.821,0.06733012,2.06782,4.712654,922.86884
