acceptance rate,gt in support,C2ST,MMD,MEDDIST,NLTP,RT
"[1.0, 1.0, 1.0, 1.0, 1.0, 1.0, 1.0, 1.0, 1.0, 1.0]","[1.0, 1.0, 1.0, 1.0, 1.0, 1.0, 1.0, 0.9955999851226807, 0.9829999804496765, 0.9950000047683716]",0.6005,0.014110923,0.0952483,-4.0909567,172.3248
