acceptance rate,gt in support,C2ST,MMD,MEDDIST,NLTP,RT
"[1.0, 1.0, 1.0, 1.0, 1.0, 1.0, 1.0, 1.0, 1.0, 1.0]","[1.0, 0.9538000226020813, 0.9879000186920166, 0.9771999716758728, 0.996999979019165, 0.9972000122070312, 0.9975000023841858, 0.9973000288009644, 0.9973999857902527, 0.9965000152587891]",0.73645,0.0074073076,24.423498,0.5555039,10248.058
