acceptance rate,gt in support,iw var,C2ST,MMD,MEDDIST,NLTP,RT
"[1.0, -0.18250074982643127, -0.1845218986272812, -0.16816219687461853, -0.3582615554332733, -0.40664008259773254, -0.5592482686042786, -0.5909549593925476, -0.67802894115448, -0.7062324285507202]","[1.0, 1.0, 1.0, 1.0, 1.0, 1.0, 1.0, 1.0, 1.0, 1.0]","[0.0, 1.6766506405474502e-08, 1.6926529511351873e-08, 1.539598137867415e-08, 1.4423649830064278e-08, 1.8591190809047475e-08, 1.6282443837667415e-08, 1.676509242543034e-08, 1.5785101226128972e-08, 1.6729325480469015e-08]",0.64285,0.00030755997,0.09091799,-4.411188,280.70462
