acceptance rate,gt in support,C2ST,MMD,MEDDIST,NLTP,RT
"[1.0, -0.30641961097717285, -0.342179536819458, -0.9320616722106934, -1.2914516925811768, -1.3754600286483765, -1.3843023777008057, -2.0513014793395996, -1.925527811050415, -2.1279516220092773]","[1.0, 0.9997000098228455, 0.9997000098228455, 1.0, 1.0, 1.0, 1.0, 1.0, 1.0, 1.0]",0.99625,0.79070157,29.50699,-7.02058,977.4248
