acceptance rate,gt in support,C2ST,MMD,KSD_GAUSS,MEDDIST,NLTP,RT
"[1.0, -1.2812907695770264, -1.4106090068817139, -1.3830416202545166, -1.422210454940796, -1.4301928281784058, -1.4686914682388306, -1.4513353109359741, -1.440563678741455, -1.4758203029632568]","[1.0, 1.0, 1.0, 1.0, 1.0, 1.0, 1.0, 1.0, 1.0, 1.0]",0.54625,0.009998798,114315.695,13.176459,1.1997633,1706.0989
