acceptance rate,gt in support,C2ST,MMD,MEDDIST,NLTP,RT
"[1.0, -0.04684460535645485, -0.12078939378261566, -0.4917060136795044, -0.6302648186683655, -0.8077910542488098, -1.0785303115844727, -1.0653753280639648, -1.0797160863876343, -1.1148407459259033]","[1.0, 1.0, 1.0, 1.0, 1.0, 1.0, 1.0, 1.0, 1.0, 1.0]",0.4918,0.0043370724,20.322401,-5.181385,2482.453
