acceptance rate,gt in support,C2ST,MMD,MEDDIST,NLTP,RT
"[1.0, -0.0037948996759951115, -0.00401401799172163, -0.005374952685087919, -0.006453558336943388, -0.007866399362683296, -0.006629915442317724, -0.017389614135026932, -0.010728206485509872, -0.015450192615389824]","[1.0, 0.9991000294685364, 0.9987999796867371, 0.9988999962806702, 0.9991000294685364, 0.9994000196456909, 0.9995999932289124, 0.9993000030517578, 0.9998000264167786, 0.9995999932289124]",0.65655,0.024208426,1.4578013,-0.99127483,7451.4087
