acceptance rate,gt in support,C2ST,MMD,MEDDIST,NLTP,RT
"[1.0, 1.0, 1.0, 1.0, 1.0, 1.0, 1.0, 1.0, 1.0, 1.0]","[1.0, 0.9986000061035156, 0.9975000023841858, 0.9947999715805054, 0.9801999926567078, 0.9790999889373779, 0.9523000121116638, 0.9663000106811523, 0.9736999869346619, 0.9811999797821045]",0.87395,0.27205807,12.382536,8.72011,234.0846
