acceptance rate,gt in support,iw var,C2ST,MMD,MEDDIST,NLTP,RT
"[1.0, -0.8640329837799072, -1.1259325742721558, -1.1570581197738647, -1.3310637474060059, -1.312853455543518, -1.168300747871399, -1.1624536514282227, -1.2305406332015991, -1.3717387914657593]","[1.0, 1.0, 1.0, 1.0, 1.0, 1.0, 1.0, 1.0, 1.0, 1.0]","[0.0, 1.603393980087464e-11, 2.2717338427069578e-11, 2.808713851776279e-11, 2.442881487374482e-11, 1.9864452097118068e-11, 3.006159557394916e-11, 3.773347606594868e-11, 2.070489613092974e-11, 1.8481511460111122e-11]",0.49175,0.011677027,24.758837,-9.176078,1554.5382
