C2ST,C2ST_Z,MMD,MMD_Z,KSD_GAUSS,MEDDIST,C2ST_1K,C2ST_1K_Z,MMD_1K,MMD_1K_Z,KSD_GAUSS_1K,MEDDIST_1K,NLTP,RT
0.5586,0.5361,0.005098343,0.003795147,93481.56,9.9691105,0.5455,0.5155,0.0060899258,0.004650593,9385.982,10.001888,2.314227,2474.2654
