C2ST,C2ST_Z,MMD,MMD_Z,KSD_GAUSS,MEDDIST,C2ST_1K,C2ST_1K_Z,MMD_1K,MMD_1K_Z,KSD_GAUSS_1K,MEDDIST_1K,NLTP,RT
0.904,0.88205,0.27907872,0.24740207,73997.96,13.950215,0.8685,0.8395,0.2517066,0.22306633,6668.1064,13.807549,16.102133,99.74837
