C2ST,C2ST_Z,MMD,MMD_Z,KSD_GAUSS,MEDDIST,C2ST_1K,C2ST_1K_Z,MMD_1K,MMD_1K_Z,KSD_GAUSS_1K,MEDDIST_1K,NLTP,RT
0.77705,0.7694,0.011083126,0.05584073,21627.402,22.744307,0.702,0.688,0.010841727,0.04954171,2849.3425,22.839235,3.3153834,4198.396
