acceptance rate,gt in support,C2ST,MMD,MEDDIST,NLTP,RT
"[1.0, -0.21427877247333527, -0.7916354537010193, -0.883682906627655, -1.1630010604858398, -1.2014356851577759, -1.203425645828247, -1.2132068872451782, -1.2525018453598022, -1.2678602933883667]","[1.0, 1.0, 1.0, 1.0, 0.9998000264167786, 1.0, 1.0, 1.0, 0.9998000264167786, 0.9998000264167786]",0.6853,0.09195745,21.69101,-3.5901957,401.42908
