acceptance rate,gt in support,C2ST,MMD,MEDDIST,NLTP,RT
"[1.0, -0.5040742754936218, -0.5451551675796509, -0.5027938485145569, -0.8130436539649963, -0.877825140953064, -0.8376063108444214, -0.9123762845993042, -1.005802869796753, -0.8946176171302795]","[1.0, 1.0, 1.0, 1.0, 1.0, 0.9998000264167786, 1.0, 0.9998000264167786, 0.9991999864578247, 0.9995999932289124]",0.51755,0.0035786033,0.08936174,-3.223015,3462.8413
