C2ST,C2ST_Z,MMD,MMD_Z,KSD_GAUSS,MEDDIST,C2ST_1K,C2ST_1K_Z,MMD_1K,MMD_1K_Z,KSD_GAUSS_1K,MEDDIST_1K,NLTP,RT
0.74735,0.7116,0.045045257,0.044725418,174508.2,1.5936434,0.685,0.692,0.04151845,0.042003393,17029.84,1.5726283,7.6528997,59.464417
