acceptance rate,gt in support,C2ST,MMD,MEDDIST,NLTP,RT
"[1.0, -0.3457592725753784, -0.3756834864616394, -0.8806203603744507, -0.8899155855178833, -1.0912675857543945, -1.122793197631836, -1.1619068384170532, -1.1441781520843506, -1.1854194402694702]","[1.0, 1.0, 1.0, 1.0, 1.0, 0.9987000226974487, 0.9993000030517578, 0.9998000264167786, 0.9991999864578247, 0.9994000196456909]",0.6003,0.023133755,0.08942264,-3.7397552,175.64894
