acceptance rate,gt in support,C2ST,MMD,MEDDIST,NLTP,RT
"[1.0, -1.2734872102737427, -1.3973324298858643, -1.3904483318328857, -1.466821312904358, -1.4924392700195312, -1.5634076595306396, -1.5603686571121216, -1.5704176425933838, -1.5729753971099854]","[1.0, 1.0, 1.0, 0.9998000264167786, 0.9998000264167786, 0.9998999834060669, 0.9998000264167786, 1.0, 0.9998000264167786, 0.9998999834060669]",0.5068,0.0001001358,0.0888997,-4.1139545,3428.868
