acceptance rate,gt in support,C2ST,MMD,MEDDIST,NLTP,RT
"[1.0, -1.965194821357727, -2.5723073482513428, -2.623284339904785, -2.6458828449249268, -2.6583139896392822, -2.5862834453582764, -2.6007559299468994, -2.6116364002227783, -2.5952095985412598]","[1.0, 0.9994999766349792, 0.9955000281333923, 0.9965000152587891, 0.9965999722480774, 0.996999979019165, 0.9980999827384949, 0.9980999827384949, 0.9980000257492065, 0.9980999827384949]",0.5199,0.0013377666,14.919062,-2.20115,6863.21
