acceptance rate,gt in support,C2ST,MMD,KSD_GAUSS,MEDDIST,NLTP,RT
"[1.0, -0.5463377237319946, -0.7510871887207031, -0.9889796376228333, -1.1930149793624878, -1.235990047454834, -1.534702181816101, -1.5108941793441772, -1.493833303451538, -1.502638339996338]","[1.0, 0.9973999857902527, 0.996399998664856, 0.9969000220298767, 0.9983000159263611, 0.9987000226974487, 0.9970999956130981, 0.9980999827384949, 0.9980999827384949, 0.9983000159263611]",0.66525,0.07636082,35355.645,10.225981,6.1815357,437.07126
