acceptance rate,gt in support,C2ST,MMD,KSD_GAUSS,MEDDIST,NLTP,RT
"[1.0, -0.7304092049598694, -1.0146143436431885, -1.2007025480270386, -1.2288017272949219, -1.3960765600204468, -1.402262568473816, -1.4066712856292725, -1.4176419973373413, -1.4822933673858643]","[1.0, 0.9998000264167786, 0.9984999895095825, 0.9977999925613403, 0.9979000091552734, 0.9980000257492065, 0.998199999332428, 0.9983000159263611, 0.9987000226974487, 0.9984999895095825]",0.7354,0.0052895546,3235231.2,24.517128,1.1109552,2112.6125
