C2ST,C2ST_Z,MMD,MMD_Z,KSD_GAUSS,MEDDIST,C2ST_1K,C2ST_1K_Z,MMD_1K,MMD_1K_Z,KSD_GAUSS_1K,MEDDIST_1K,NLTP,RT
0.52265,0.6052,0.024151087,0.025418282,1533097.9,25.632011,0.488,0.5925,0.02121365,0.022331595,352293.2,26.057629,-9.294457,105.10078
