acceptance rate,gt in support,iw var,C2ST,MMD,MEDDIST,NLTP,RT
"[1.0, -4.3438827560748905e-05, -0.0006084615597501397, -0.02779717929661274, -0.026548858731985092, -0.03418706730008125, -0.2744150161743164, -0.34361428022384644, -0.2696215510368347, -0.3881705105304718]","[1.0, 0.9993000030517578, 0.9993000030517578, 0.9944000244140625, 0.9937000274658203, 0.9937000274658203, 0.9781000018119812, 0.9821000099182129, 0.98580002784729, 0.978600025177002]","[0.0, 382.4253845214844, 378.8501281738281, 383.6853942871094, 384.0649108886719, 391.83245849609375, 379.9362487792969, 377.9238586425781, 388.4105529785156, 393.92535400390625]",0.83065,0.05144632,1.532924,0.20578766,241.84134
