acceptance rate,gt in support,C2ST,MMD,MEDDIST,NLTP,RT
"[1.0, -0.010061006993055344, -0.03962438926100731, -0.04227302968502045, -0.3624769151210785, -0.39580997824668884, -0.40930673480033875, -0.34730249643325806, -0.3861933946609497, -0.3918306529521942]","[1.0, 0.996999979019165, 0.9998999834060669, 1.0, 0.9976000189781189, 0.9947999715805054, 0.998199999332428, 0.9980999827384949, 0.9976000189781189, 0.9994999766349792]",0.93945,0.085059285,19.83768,9.846687,4186.661
