acceptance rate,gt in support,C2ST,MMD,MEDDIST,NLTP,RT
"[1.0, -0.0005214751581661403, -0.0011088679311797023, -0.0020896419882774353, -0.0021769432350993156, -0.002438899828121066, -0.010305522941052914, -0.009949884377419949, -0.009084261953830719, -0.009017734788358212]","[1.0, 1.0, 0.9997000098228455, 1.0, 1.0, 1.0, 0.9998000264167786, 0.9997000098228455, 0.9998000264167786, 0.9997000098228455]",0.66165,0.027256846,1.4542973,1.5913982,7470.109
