C2ST,C2ST_Z,MMD,MMD_Z,KSD_GAUSS,MEDDIST,C2ST_1K,C2ST_1K_Z,MMD_1K,MMD_1K_Z,KSD_GAUSS_1K,MEDDIST_1K,NLTP,RT
0.6807,0.6487,0.021459222,0.021434546,72451.03,1.529022,0.6485,0.65,0.022684813,0.022874951,8150.028,1.5323431,0.16307926,47.380817
