C2ST,C2ST_Z,MMD,MMD_Z,KSD_GAUSS,MEDDIST,C2ST_1K,C2ST_1K_Z,MMD_1K,MMD_1K_Z,KSD_GAUSS_1K,MEDDIST_1K,NLTP,RT
0.96325,0.9845,0.5023422,0.49231794,737949000.0,28.770943,0.923,0.9805,0.49237394,0.48686516,450978940.0,29.409445,-15.927689,444.07874
