acceptance rate,gt in support,C2ST,MMD,MEDDIST,NLTP,RT
"[1.0, 1.0, 1.0, 1.0, 1.0, 1.0, 1.0, 1.0, 1.0, 1.0]","[1.0, 1.0, 0.9998999834060669, 0.9997000098228455, 0.9995999932289124, 0.9994999766349792, 0.9993000030517578, 0.9994000196456909, 0.9991999864578247, 0.9993000030517578]",0.65515,0.010988474,1.4678804,0.28742218,232.67484
