acceptance rate,gt in support,C2ST,MMD,MEDDIST,NLTP,RT
"[1.0, -2.8487179279327393, -2.6558377742767334, -3.0269415378570557, -2.982097625732422, -3.0698208808898926, -2.7870264053344727, -2.977116107940674, -3.0869410037994385, -3.15956711769104]","[1.0, 0.04969999939203262, 0.9599999785423279, 0.9991000294685364, 1.0, 1.0, 1.0, 1.0, 1.0, 1.0]",0.78685,0.17626071,160.97386,-15.52549,1299.0737
