acceptance rate,gt in support,iw var,C2ST,MMD,MEDDIST,NLTP,RT
"[1.0, -0.13203191757202148, -0.19114786386489868, -0.15567819774150848, -0.4617196023464203, -0.4498124122619629, -0.5486357808113098, -0.5858626365661621, -0.4103109538555145, -0.4622228443622589]","[1.0, 1.0, 1.0, 1.0, 1.0, 1.0, 1.0, 1.0, 1.0, 1.0]","[0.0, 1.7329636392560133e-08, 1.6965584492822927e-08, 1.5298073918756927e-08, 1.7289256248886886e-08, 1.6967870664075235e-08, 1.736930244078394e-08, 1.7163799270747404e-08, 1.7798006624047957e-08, 1.712839114986764e-08]",0.613,0.038556576,24.33105,-9.614329,386.80374
