acceptance rate,gt in support,C2ST,MMD,MEDDIST,NLTP,RT
"[1.0, -0.538163959980011, -0.5497124195098877, -0.8657033443450928, -0.9086848497390747, -1.020990014076233, -0.9712255001068115, -0.9843050241470337, -1.0293573141098022, -1.0636957883834839]","[1.0, 1.0, 1.0, 1.0, 1.0, 1.0, 1.0, 1.0, 1.0, 1.0]",0.66905,0.0051134825,0.090323515,-4.406406,2973.5757
