acceptance rate,gt in support,C2ST,MMD,MEDDIST,NLTP,RT
"[1.0, -0.36361241340637207, -0.7167364358901978, -0.9014860391616821, -0.9923375844955444, -1.1330379247665405, -1.2107511758804321, -1.1995407342910767, -1.2349112033843994, -1.310057282447815]","[1.0, 1.0, 1.0, 1.0, 1.0, 1.0, 1.0, 1.0, 1.0, 1.0]",0.4973,0.0063866377,21.563858,-8.4150305,353.78296
