acceptance rate,gt in support,C2ST,MMD,MEDDIST,NLTP,RT
"[1.0, -0.019996635615825653, -0.021340256556868553, -0.03559892997145653, -0.03857892379164696, -0.3851730525493622, -0.3672390878200531, -0.4709976613521576, -0.45103761553764343, -0.7088532447814941]","[1.0, 1.0, 1.0, 1.0, 1.0, 1.0, 1.0, 1.0, 1.0, 1.0]",0.99535,0.54803735,37.03843,-5.9812713,3035.4443
