acceptance rate,gt in support,iw var,C2ST,MMD,MEDDIST,NLTP,RT
"[1.0, -0.015517712570726871, -0.13960210978984833, -0.4002624452114105, -1.1820629835128784, -1.2084743976593018, -1.2021268606185913, -1.2493630647659302, -1.3049771785736084, -1.2817890644073486]","[1.0, 1.0, 1.0, 1.0, 0.9998999834060669, 0.9998999834060669, 0.9998999834060669, 0.9998999834060669, 0.9994999766349792, 0.9998999834060669]","[0.0, 1.1233881663449963e-12, 1.4513527532566961e-11, 1.7749662850619075e-11, 4.654688526978257e-12, 3.469846372033958e-12, 4.792364421968287e-12, 3.056809146084749e-12, 2.3499657081371694e-12, 3.774152865232416e-12]",0.51605,0.009391427,17.029387,-3.66324,1595.3842
