acceptance rate,gt in support,iw var,C2ST,MMD,MEDDIST,NLTP,RT
"[1.0, -0.5397789478302002, -0.6010535955429077, -0.5942695736885071, -0.6727228164672852, -0.7272690534591675, -0.814619779586792, -0.8857644200325012, -0.8297802209854126, -0.9711035490036011]","[1.0, 1.0, 1.0, 1.0, 1.0, 1.0, 1.0, 1.0, 1.0, 1.0]","[0.0, 1.8789993561085794e-08, 1.7629270487873328e-08, 1.9823467312107823e-08, 1.650583669743355e-08, 1.5740463155111684e-08, 1.770529678424282e-08, 1.6348367992691237e-08, 1.6626792387341993e-08, 1.798234094962936e-08]",0.57775,0.011303186,0.09816466,-3.5051217,119.5471
