acceptance rate,gt in support,C2ST,MMD,MEDDIST,NLTP,RT
"[1.0, -0.36717167496681213, -0.44077184796333313, -0.5807466506958008, -0.6934463381767273, -0.654900848865509, -0.9696027040481567, -0.9165371656417847, -0.9675021171569824, -0.8670603036880493]","[1.0, 0.9997000098228455, 1.0, 0.9998999834060669, 0.9955999851226807, 0.9983999729156494, 0.9997000098228455, 0.9998000264167786, 0.9998000264167786, 0.9998999834060669]",0.69075,0.0037158728,19.344471,1.6414105,11874.446
