acceptance rate,gt in support,C2ST,MMD,KSD_GAUSS,MEDDIST,NLTP,RT
"[1.0, -0.9469215869903564, -0.9826744198799133, -0.9568342566490173, -0.9356667995452881, -0.939721941947937, -0.9287318587303162, -1.0977041721343994, -0.9734667539596558, -0.9409838318824768]","[1.0, 1.0, 1.0, 1.0, 1.0, 1.0, 1.0, 1.0, 1.0, 1.0]",0.50065,0.0011965036,319093.12,23.685438,-8.891126,1776.0049
