acceptance rate,gt in support,C2ST,MMD,MEDDIST,NLTP,RT
"[1.0, -0.4413314163684845, -0.6214931011199951, -0.6958543062210083, -0.8687423467636108, -0.9440273642539978, -1.7836394309997559, -1.7760716676712036, -1.851723074913025, -2.00665020942688]","[1.0, 1.0, 1.0, 1.0, 1.0, 1.0, 1.0, 1.0, 1.0, 1.0]",0.8766,0.49378538,29.765388,-15.7140665,4410.1895
