acceptance rate,gt in support,C2ST,MMD,KSD_GAUSS,MEDDIST,NLTP,RT
"[1.0, -0.2104545533657074, -0.2610214054584503, -0.35170507431030273, -0.41657450795173645, -0.3629107177257538, -0.4183916449546814, -0.5176267027854919, -0.5141366720199585, -0.507030189037323]","[1.0, 0.9991999864578247, 0.9997000098228455, 0.9995999932289124, 0.9995999932289124, 0.9997000098228455, 0.9997000098228455, 0.9994000196456909, 0.9991000294685364, 0.9995999932289124]",0.77365,0.0031493902,102939.94,9.745813,3.5115547,3209.1467
