acceptance rate,gt in support,C2ST,MMD,KSD_GAUSS,MEDDIST,NLTP,RT
"[1.0, -0.01327306218445301, -0.015765322372317314, -0.012579560279846191, -0.009705567732453346, -0.014461265876889229, -0.014730767346918583, -0.018158750608563423, -0.015517712570726871, -0.01549520529806614]","[1.0, 0.9998999834060669, 0.9998999834060669, 0.9998999834060669, 0.9998999834060669, 0.9998999834060669, 1.0, 0.9998000264167786, 1.0, 0.9998999834060669]",0.9367,0.13941926,38076097000000.0,4.46055,7.5867734,119.2056
