acceptance rate,gt in support,C2ST,MMD,KSD_GAUSS,MEDDIST,NLTP,RT
"[1.0, -0.04803143069148064, -0.046433594077825546, -0.1367068737745285, -0.1250835508108139, -0.3735569715499878, -0.4198355972766876, -0.36919933557510376, -0.5572459697723389, -0.5910396575927734]","[1.0, 0.9649999737739563, 0.975600004196167, 0.9684000015258789, 0.9814000129699707, 0.9706000089645386, 0.9668999910354614, 0.9789000153541565, 0.9714999794960022, 0.9635999798774719]",0.9077,0.2619766,40905.418,13.525388,17.587404,206.40479
