acceptance rate,gt in support,C2ST,MMD,MEDDIST,NLTP,RT
"[1.0, -0.7121236324310303, -0.8999311327934265, -0.98317551612854, -1.0765832662582397, -1.380167841911316, -1.356247067451477, -1.3452377319335938, -1.4071829319000244, -1.364306926727295]","[1.0, 1.0, 1.0, 1.0, 1.0, 0.9980000257492065, 1.0, 1.0, 1.0, 1.0]",0.6384,0.023016453,0.089606345,-1.7628734,2952.4316
