acceptance rate,gt in support,C2ST,MMD,KSD_GAUSS,MEDDIST,NLTP,RT
"[1.0, -0.002438899828121066, -0.0020896419882774353, -0.0020241776946932077, -0.028492240235209465, -0.027311302721500397, -0.03231166675686836, -0.03421056643128395, -0.03829421475529671, -0.04186634719371796]","[1.0, 0.9853000044822693, 0.9878000020980835, 0.9904000163078308, 0.9706000089645386, 0.9717000126838684, 0.9699000120162964, 0.9725000262260437, 0.9812999963760376, 0.9812999963760376]",0.8349,0.10639942,433446.38,1.8607512,6.2273483,82.804054
