acceptance rate,gt in support,C2ST,MMD,KSD_GAUSS,MEDDIST,NLTP,RT
"[1.0, -0.002373382681980729, -0.019564839079976082, -0.022139281034469604, -0.2928984761238098, -0.238937109708786, -0.35763442516326904, -0.3709643483161926, -0.4799424409866333, -0.49634549021720886]","[1.0, 0.9973000288009644, 0.9923999905586243, 0.9940999746322632, 0.9743000268936157, 0.9871000051498413, 0.9697999954223633, 0.9745000004768372, 0.9825999736785889, 0.9918000102043152]",0.86615,0.26030695,134481.34,12.448301,11.32698,347.55527
