C2ST,C2ST_Z,MMD,MMD_Z,KSD_GAUSS,MEDDIST,C2ST_1K,C2ST_1K_Z,MMD_1K,MMD_1K_Z,KSD_GAUSS_1K,MEDDIST_1K,NLTP,RT
0.5137,0.62935,0.027494192,0.02603066,4464405.0,28.195744,0.4885,0.6115,0.027903914,0.02610147,715731.06,27.838799,-8.042741,214.44824
