acceptance rate,gt in support,C2ST,MMD,KSD_GAUSS,MEDDIST,NLTP,RT
"[1.0, -0.7147428393363953, -1.219343900680542, -1.6989699602127075, -1.7802780866622925, -1.7284165620803833, -2.2121596336364746, -2.2122459411621094, -2.4602034091949463, -2.535907506942749]","[1.0, 1.0, 1.0, 1.0, 1.0, 1.0, 1.0, 1.0, 1.0, 1.0]",0.9614,0.4936819,444568580.0,10.200639,-12.532435,757.20374
