C2ST,C2ST_Z,MMD,MMD_Z,KSD_GAUSS,MEDDIST,C2ST_1K,C2ST_1K_Z,MMD_1K,MMD_1K_Z,KSD_GAUSS_1K,MEDDIST_1K,NLTP,RT
0.64385,0.61705,0.05904293,0.050715446,40335.38,9.95559,0.667,0.632,0.06654477,0.057156086,3979.404,9.873453,6.254072,212.45143
