acceptance rate,gt in support,C2ST,MMD,MEDDIST,NLTP,RT
"[1.0, 1.0, 1.0, 1.0, 1.0, 1.0, 1.0, 1.0, 1.0, 1.0]","[1.0, 1.0, 1.0, 1.0, 1.0, 1.0, 1.0, 1.0, 1.0, 1.0]",0.50045,0.003531456,20.46949,-9.907899,552.174
