C2ST,C2ST_Z,MMD,MMD_Z,KSD_GAUSS,MEDDIST,C2ST_1K,C2ST_1K_Z,MMD_1K,MMD_1K_Z,KSD_GAUSS_1K,MEDDIST_1K,NLTP,RT
0.49295,0.5412,0.005045414,0.0048635006,696281.94,24.799194,0.4895,0.5335,0.0051876307,0.0049381256,212039.72,24.799194,-8.880682,271.874
