acceptance rate,gt in support,C2ST,MMD,KSD_GAUSS,MEDDIST,NLTP,RT
"[1.0, -0.15804645419120789, -0.22159551084041595, -0.2899249494075775, -0.312619686126709, -0.326671838760376, -0.3969639241695404, -0.4113921821117401, -0.4068247377872467, -0.43687504529953003]","[1.0, 0.9991000294685364, 0.9998999834060669, 0.9998999834060669, 1.0, 1.0, 0.9998999834060669, 0.9998999834060669, 0.9998999834060669, 0.9998999834060669]",0.7787,0.0015180111,96904.94,9.384956,3.374946,2282.7573
