acceptance rate,gt in support,iw var,C2ST,MMD,MEDDIST,NLTP,RT
"[1.0, -0.6744433045387268, -0.6117211580276489, -0.7012560367584229, -0.7619538903236389, -0.8556204438209534, -0.7971226572990417, -0.8268136978149414, -0.8346284627914429, -0.8180339932441711]","[1.0, 0.9896000027656555, 1.0, 0.9997000098228455, 0.9995999932289124, 0.9991999864578247, 0.9994999766349792, 0.9997000098228455, 0.9994999766349792, 0.9998000264167786]","[0.0, 1.5779784590108648e-08, 1.5353252891259217e-08, 1.888045986220277e-08, 2.4561352063301456e-08, 1.6049432005615927e-08, 1.54624792969571e-08, 1.7573512423041393e-08, 1.7940028129714847e-08, 1.627111601010256e-08]",0.6524,0.0010143518,26.511223,3.3675392,37806.957
