acceptance rate,gt in support,C2ST,MMD,KSD_GAUSS,MEDDIST,NLTP,RT
"[1.0, -0.9378359913825989, -1.0299068689346313, -1.5176029205322266, -1.6054202318191528, -1.8491355180740356, -2.03316330909729, -2.2052652835845947, -2.314236640930176, -2.729236602783203]","[1.0, 1.0, 1.0, 1.0, 1.0, 1.0, 1.0, 1.0, 1.0, 1.0]",0.90705,0.10027307,,17.036413,-13.785393,4176.1724
