acceptance rate,gt in support,C2ST,MMD,KSD_GAUSS,MEDDIST,NLTP,RT
"[1.0, -0.0016752793453633785, -0.004759807139635086, -0.007269801571965218, -0.00696077523753047, -0.012959735468029976, -0.08244199305772781, -0.10846254974603653, -0.09593397378921509, -0.06851671636104584]","[1.0, 0.977400004863739, 0.9842000007629395, 0.9947999715805054, 0.9943000078201294, 0.9923999905586243, 0.9785000085830688, 0.9677000045776367, 0.9729999899864197, 0.9829999804496765]",0.96595,0.17649233,193911380000000.0,19.084011,15.240951,209.37953
