acceptance rate,gt in support,C2ST,MMD,KSD_GAUSS,MEDDIST,NLTP,RT
"[1.0, -0.22870655357837677, -0.26792803406715393, -0.4082306921482086, -0.35425031185150146, -0.5263305902481079, -0.529369056224823, -0.8271470069885254, -0.9354588389396667, -0.976294994354248]","[1.0, 1.0, 1.0, 1.0, 1.0, 1.0, 1.0, 0.9998999834060669, 0.9998999834060669, 1.0]",0.61905,0.0020247102,inf,0.09007163,-2.9496455,121.4256
