acceptance rate,gt in support,C2ST,MMD,MEDDIST,NLTP,RT
"[1.0, -0.025350188836455345, -0.025005023926496506, -0.024269580841064453, -0.021408671513199806, -0.023879380896687508, -0.025649545714259148, -0.03189080208539963, -0.029583390802145004, -0.02867775224149227]","[1.0, 0.9337000250816345, 0.9366999864578247, 0.9427000284194946, 0.9757000207901001, 0.9781000018119812, 0.9761000275611877, 0.9905999898910522, 0.9922000169754028, 0.9911999702453613]",0.95905,0.12832034,10.360062,7.693611,97.21038
