acceptance rate,gt in support,C2ST,MMD,KSD_GAUSS,MEDDIST,NLTP,RT
"[1.0, -0.7678088545799255, -0.8264807462692261, -0.987669050693512, -1.0275026559829712, -0.9604272842407227, -1.0763243436813354, -1.5280615091323853, -1.4931145906448364, -1.689848780632019]","[1.0, 1.0, 1.0, 1.0, 1.0, 1.0, 1.0, 1.0, 1.0, 1.0]",0.5067,0.00031495094,inf,0.091490105,-4.47076,2154.3308
