acceptance rate,gt in support,C2ST,MMD,MEDDIST,NLTP,RT
"[1.0, 1.0, 1.0, 1.0, 1.0, 1.0, 1.0, 1.0, 1.0, 1.0]","[1.0, 1.0, 0.9998999834060669, 0.9998999834060669, 0.9995999932289124, 0.9991000294685364, 0.9993000030517578, 0.9994999766349792, 0.9994000196456909, 0.9994000196456909]",0.60335,0.0024462938,14.095329,-3.0393562,1068.1033
