C2ST,C2ST_Z,MMD,MMD_Z,KSD_GAUSS,MEDDIST,C2ST_1K,C2ST_1K_Z,MMD_1K,MMD_1K_Z,KSD_GAUSS_1K,MEDDIST_1K,NLTP,RT
0.85215,0.8256,0.15466517,0.1515984,25834.725,16.74471,0.8565,0.834,0.15962559,0.15665734,2523.0295,16.66934,3.6726542,95.46285
