C2ST,C2ST_Z,MMD,MMD_Z,KSD_GAUSS,MEDDIST,C2ST_1K,C2ST_1K_Z,MMD_1K,MMD_1K_Z,KSD_GAUSS_1K,MEDDIST_1K,NLTP,RT
0.5216,0.5165,0.0005867481,0.00058829784,1466.2703,1.3845809,0.507,0.507,0.00082552433,0.00084269047,473.43362,1.3942859,1.3411264,1015.0611
