acceptance rate,gt in support,iw var,C2ST,MMD,MEDDIST,NLTP,RT
"[1.0, -0.03791493922472, -0.06055564060807228, -0.9084112048149109, -0.9752681255340576, -0.9072403907775879, -1.1299306154251099, -1.1076056957244873, -1.1375703811645508, -1.133628249168396]","[1.0, 1.0, 1.0, 1.0, 1.0, 1.0, 1.0, 1.0, 1.0, 1.0]","[0.0, 2.935824109859264e-12, 6.802645252657058e-12, 1.6808575364901657e-11, 1.788324870133362e-11, 3.797294076401947e-11, 1.1379488497331725e-11, 1.6807338507063285e-11, 1.5562624106069123e-11, 1.7910751007321757e-11]",0.4956,0.0037941933,16.27882,-4.1137404,4014.487
