acceptance rate,gt in support,C2ST,MMD,MEDDIST,NLTP,RT
"[1.0, -0.5295527577400208, -1.1851283311843872, -1.2412562370300293, -1.4684358835220337, -1.6551806926727295, -1.3334394693374634, -1.7520698308944702, -1.3544923067092896, -1.2567790746688843]","[1.0, 1.0, 1.0, 1.0, 1.0, 1.0, 1.0, 1.0, 1.0, 1.0]",0.49625,0.0035960674,21.0,-9.045882,422.33902
