C2ST,C2ST_Z,MMD,MMD_Z,KSD_GAUSS,MEDDIST,C2ST_1K,C2ST_1K_Z,MMD_1K,MMD_1K_Z,KSD_GAUSS_1K,MEDDIST_1K,NLTP,RT
0.50055,0.5384,0.002476573,0.0024963617,1413008.1,20.46949,0.481,0.5285,0.0022073984,0.0021666288,283111.22,20.273134,-9.689425,120.27503
