acceptance rate,gt in support,C2ST,MMD,MEDDIST,NLTP,RT
"[1.0, -0.011485652066767216, -0.15273591876029968, -1.1886764764785767, -1.2420560121536255, -1.3268115520477295, -1.3354434967041016, -1.42357337474823, -1.320053219795227, -1.392159104347229]","[1.0, 1.0, 1.0, 0.9998999834060669, 1.0, 1.0, 1.0, 0.9998000264167786, 1.0, 1.0]",0.5176,0.05286175,27.92848,-7.851035,179.83176
