C2ST,C2ST_Z,MMD,MMD_Z,KSD_GAUSS,MEDDIST,C2ST_1K,C2ST_1K_Z,MMD_1K,MMD_1K_Z,KSD_GAUSS_1K,MEDDIST_1K,NLTP,RT
0.75945,0.75185,0.0046486855,0.016462803,13755971.0,9.5282135,0.69,0.67,0.0047944784,0.017880917,29454.967,9.52233,3.7388914,4480.4707
