acceptance rate,gt in support,iw var,C2ST,MMD,MEDDIST,NLTP,RT
"[1.0, -0.00733606144785881, -0.005704857409000397, -0.0051331957802176476, -0.014147082343697548, -0.026456546038389206, -0.034633658826351166, -0.05764465034008026, -0.09379971027374268, -0.07846958935260773]","[1.0, 1.0, 1.0, 1.0, 1.0, 1.0, 1.0, 1.0, 1.0, 1.0]","[0.0, 1.831000950858197e-08, 1.4799312886282223e-08, 1.7346129865813964e-08, 1.650957415222365e-08, 1.754893474981145e-08, 1.5469526104539e-08, 1.5999528812926656e-08, 1.4244087687131923e-08, 1.590722575883774e-08]",0.7256,0.19223148,35.902645,-7.093166,237.3087
