acceptance rate,gt in support,C2ST,MMD,MEDDIST,NLTP,RT
"[1.0, -0.27979934215545654, -0.24033217132091522, -0.48861804604530334, -0.48125582933425903, -0.6062493920326233, -0.8059616088867188, -0.902525782585144, -0.9042883515357971, -0.8772927522659302]","[1.0, 1.0, 1.0, 0.9966999888420105, 0.9993000030517578, 0.9984999895095825, 0.998199999332428, 0.9907000064849854, 0.9926000237464905, 0.9994999766349792]",0.53075,0.00013005733,0.089195,-1.5672269,3011.0605
