acceptance rate,gt in support,C2ST,MMD,MEDDIST,NLTP,RT
"[1.0, -0.04907561093568802, -0.3944435715675354, -0.4501796066761017, -0.925589919090271, -0.7819148302078247, -0.7746907472610474, -0.7010014653205872, -0.7110431790351868, -0.7011105418205261]","[1.0, 0.9930999875068665, 0.8743000030517578, 0.9168999791145325, 0.8180999755859375, 0.900600016117096, 0.9352999925613403, 0.9559000134468079, 0.963100016117096, 0.9793000221252441]",0.8242,0.027083993,22.536278,5.9707966,4617.662
