C2ST,C2ST_Z,MMD,MMD_Z,KSD_GAUSS,MEDDIST,C2ST_1K,C2ST_1K_Z,MMD_1K,MMD_1K_Z,KSD_GAUSS_1K,MEDDIST_1K,NLTP,RT
0.77775,0.77935,0.018483281,0.056337,387891620.0,22.30777,0.736,0.7425,0.016116023,0.050484657,6809.0396,22.454147,5.978858,5491.92
