acceptance rate,gt in support,C2ST,MMD,MEDDIST,NLTP,RT
"[1.0, -0.6971065402030945, -0.6919053196907043, -0.7904849648475647, -0.7528043985366821, -0.8447073698043823, -0.926118791103363, -1.0142878293991089, -1.0203689336776733, -0.9487617015838623]","[1.0, 0.9980999827384949, 0.9994999766349792, 0.9991000294685364, 0.9994000196456909, 0.9993000030517578, 0.9990000128746033, 0.9980000257492065, 0.9980000257492065, 0.9983999729156494]",0.63,0.0038135052,26.880272,3.1212428,11631.308
