acceptance rate,gt in support,C2ST,MMD,MEDDIST,NLTP,RT
"[1.0, -0.3758898377418518, -0.3733859062194824, -0.4418516457080841, -0.6878650188446045, -0.7631689310073853, -0.8819007277488708, -0.8173408508300781, -0.7894139289855957, -0.7768503427505493]","[1.0, 1.0, 1.0, 1.0, 1.0, 1.0, 1.0, 1.0, 1.0, 1.0]",0.4911,0.0017075539,22.869194,-9.741402,2448.2666
