acceptance rate,gt in support,C2ST,MMD,MEDDIST,NLTP,RT
"[1.0, -0.00735815055668354, -0.006255264859646559, -0.01963297463953495, -0.01675722561776638, -0.014595982618629932, -0.29860472679138184, -0.5107096433639526, -0.5467581152915955, -0.6201870441436768]","[1.0, 1.0, 1.0, 1.0, 1.0, 1.0, 1.0, 1.0, 1.0, 1.0]",0.99345,0.55042505,43.49524,-8.606923,558.6605
