acceptance rate,gt in support,iw var,C2ST,MMD,MEDDIST,NLTP,RT
"[1.0, -3.2299327850341797, -1.241424560546875, -1.4508275985717773, -1.4830596446990967, -1.8551231622695923, -2.4694314002990723, -2.459218740463257, -2.3541083335876465, -2.1450002193450928]","[1.0, 0.0, 1.0, 1.0, 1.0, 1.0, 1.0, 1.0, 1.0, 1.0]","[0.0, 5.1047090166012055e-11, 1.9156198849401562e-10, 1.2796556869698605e-10, 1.343543193366159e-10, 1.767737622948573e-10, 1.1629982393790428e-10, 1.2361915657788103e-10, 1.0384373916316747e-10, 1.5372263184598722e-10]",0.8726,0.14862323,185.14581,-14.330075,4416.3525
