acceptance rate,gt in support,C2ST,MMD,KSD_GAUSS,MEDDIST,NLTP,RT
"[1.0, -0.6530605554580688, -0.7029693722724915, -0.7670038938522339, -1.0894577503204346, -1.0717321634292603, -1.1025843620300293, -1.1216013431549072, -1.1273027658462524, -1.1706962585449219]","[1.0, 1.0, 1.0, 1.0, 1.0, 1.0, 1.0, 1.0, 1.0, 1.0]",0.51595,0.0010159016,inf,0.08930865,-3.7895737,411.78934
