acceptance rate,gt in support,iw var,C2ST,MMD,MEDDIST,NLTP,RT
"[1.0, -0.002220574300736189, -0.007976990193128586, -0.024200715124607086, -0.09455495327711105, -0.2825791835784912, -0.3192717730998993, -0.4064924120903015, -0.48801642656326294, -0.491436630487442]","[1.0, 1.0, 1.0, 1.0, 1.0, 1.0, 1.0, 1.0, 1.0, 1.0]","[0.0, 1.5819038523545714e-08, 2.2448174874512006e-08, 2.1669519512101942e-08, 1.7285193720795178e-08, 1.671580029949382e-08, 1.6422708526420138e-08, 1.696548324048308e-08, 1.6293933313704656e-08, 1.4470701081847892e-08]",0.9283,0.25664216,18.307785,4.680642,276.37534
