acceptance rate,gt in support,C2ST,MMD,KSD_GAUSS,MEDDIST,NLTP,RT
"[1.0, -0.4303530156612396, -0.4100131690502167, -0.48958906531333923, -0.4183536767959595, -0.4183157682418823, -0.402633935213089, -0.38980135321617126, -0.3782007694244385, -0.39101067185401917]","[1.0, 0.9904999732971191, 0.9973000288009644, 0.9987999796867371, 0.9997000098228455, 0.9998999834060669, 1.0, 1.0, 1.0, 1.0]",0.73225,0.0032200813,34425737000.0,25.690441,4.705347,3249.2722
