acceptance rate,gt in support,iw var,C2ST,MMD,MEDDIST,NLTP,RT
"[1.0, -0.34720590710639954, -0.5860718488693237, -0.6624608635902405, -0.8204071521759033, -0.6820201873779297, -0.6864702701568604, -0.5971800088882446, -0.7859134078025818, -0.7259191274642944]","[1.0, 1.0, 1.0, 1.0, 1.0, 1.0, 1.0, 1.0, 1.0, 1.0]","[0.0, 1.7261942986124268e-08, 1.6262623248053387e-08, 2.0926659516362633e-08, 2.0372267428570012e-08, 1.8685941682861085e-08, 1.5948055320791354e-08, 1.6470780295207987e-08, 1.5584697976578354e-08, 1.9446302346182165e-08]",0.50065,0.007729888,23.579653,-8.626708,14581.599
