C2ST,C2ST_Z,MMD,MMD_Z,KSD_GAUSS,MEDDIST,C2ST_1K,C2ST_1K_Z,MMD_1K,MMD_1K_Z,KSD_GAUSS_1K,MEDDIST_1K,NLTP,RT
0.5099,0.5056,0.0004607439,0.0004607439,2106.8164,1.4103202,0.526,0.494,0.0007417202,0.0007376671,582.9231,1.4061103,2.545557,1032.7549
