C2ST,C2ST_Z,MMD,MMD_Z,KSD_GAUSS,MEDDIST,C2ST_1K,C2ST_1K_Z,MMD_1K,MMD_1K_Z,KSD_GAUSS_1K,MEDDIST_1K,NLTP,RT
0.8289,0.837,0.07992339,0.07695854,2110118700.0,1.8713655,0.775,0.7885,0.07056475,0.066786766,30831900.0,1.8431507,5.0035844,266.83786
