acceptance rate,gt in support,C2ST,MMD,MEDDIST,NLTP,RT
"[1.0, -0.019224241375923157, -0.037039078772068024, -0.5065419673919678, -0.8339083194732666, -0.8416805863380432, -0.8759035468101501, -0.9281997680664062, -0.9238047003746033, -0.8945749998092651]","[1.0, 1.0, 1.0, 1.0, 1.0, 1.0, 1.0, 1.0, 1.0, 1.0]",0.5079,0.02748704,29.086079,-7.281514,2134.7188
