acceptance rate,gt in support,C2ST,MMD,KSD_GAUSS,MEDDIST,NLTP,RT
"[1.0, -0.02974613942205906, -0.034281037747859955, -0.05349862948060036, -0.04944045469164848, -0.05107381194829941, -0.06706986576318741, -0.0728350505232811, -0.0698663741350174, -0.05950843170285225]","[1.0, 1.0, 1.0, 1.0, 1.0, 1.0, 1.0, 1.0, 1.0, 1.0]",0.50565,0.00057554245,2640.4324,1.3930472,2.5065174,1268.573
