acceptance rate,gt in support,C2ST,MMD,MEDDIST,NLTP,RT
"[1.0, -0.03791493922472, -0.03437505662441254, -0.031003696843981743, -0.06326013058423996, -0.06482034176588058, -0.06701917946338654, -0.07466214150190353, -0.06638620793819427, -0.07065772265195847]","[1.0, 0.7236999869346619, 0.737500011920929, 0.8094000220298767, 0.8849999904632568, 0.878000020980835, 0.8634999990463257, 0.8763999938964844, 0.8907999992370605, 0.9031000137329102]",0.98655,0.2574613,20.118374,11.793206,120.43174
