acceptance rate,gt in support,C2ST,MMD,MEDDIST,NLTP,RT
"[1.0, -0.020042121410369873, -0.022459302097558975, -1.4125912189483643, -1.5145797729492188, -1.4740486145019531, -1.7183235883712769, -1.9865546226501465, -1.9598966836929321, -2.0432002544403076]","[1.0, 1.0, 1.0, 1.0, 1.0, 1.0, 1.0, 1.0, 0.9998999834060669, 0.9998999834060669]",0.65865,0.09154105,26.972206,-8.671535,226.15845
