acceptance rate,gt in support,iw var,C2ST,MMD,MEDDIST,NLTP,RT
"[1.0, -0.13807746767997742, -0.18545278906822205, -0.6739920377731323, -0.7781512141227722, -0.8537556529045105, -0.9613401293754578, -0.9775716662406921, -1.0383632183074951, -1.0918450355529785]","[1.0, 1.0, 1.0, 1.0, 1.0, 1.0, 1.0, 1.0, 1.0, 1.0]","[0.0, 1.7461482926250937e-08, 1.653765480114089e-08, 1.8196107731682787e-08, 1.559374140924774e-08, 1.6748051834269972e-08, 1.7526117446209355e-08, 1.7541035290946638e-08, 1.558657380940076e-08, 1.7698940979471445e-08]",0.65145,0.0709967,24.083189,-4.486447,579.0733
