acceptance rate,gt in support,C2ST,MMD,MEDDIST,NLTP,RT
"[1.0, -1.7757259607315063, -2.019152879714966, -2.1116907596588135, -2.0932044982910156, -2.119229793548584, -2.134208917617798, -2.1645467281341553, -2.1989285945892334, -2.1819639205932617]","[1.0, 0.9889000058174133, 0.9973999857902527, 0.9986000061035156, 0.9987999796867371, 0.9988999962806702, 0.9994999766349792, 0.9994999766349792, 0.9995999932289124, 0.9998000264167786]",0.5532,0.0064953566,10.773941,4.4082565,19702.705
