acceptance rate,gt in support,iw var,C2ST,MMD,MEDDIST,NLTP,RT
"[1.0, -0.6916490197181702, -0.6591594219207764, -0.9528982639312744, -1.0831817388534546, -1.1700104475021362, -1.1877553462982178, -1.198553442955017, -1.2370715141296387, -1.2208706140518188]","[1.0, 0.9283000230789185, 0.9708999991416931, 0.9900000095367432, 0.9921000003814697, 0.996999979019165, 0.9975000023841858, 0.9968000054359436, 0.9979000091552734, 0.9976999759674072]","[0.0, 1.534791671531366e-08, 1.5962527299961948e-08, 1.598722576545697e-08, 1.6647227596422454e-08, 1.5940585740281676e-08, 1.955667450204146e-08, 1.596731635800097e-08, 1.5335718472897497e-08, 1.6168469230137816e-08]",0.7115,0.024918795,10.504807,6.2577343,1316.6198
