acceptance rate,gt in support,iw var,C2ST,MMD,MEDDIST,NLTP,RT
"[1.0, -0.3129469156265259, -0.343231201171875, -0.4924139678478241, -0.5413621664047241, -0.7041031718254089, -0.7415622472763062, -0.9432644844055176, -0.914630115032196, -0.9638503789901733]","[1.0, 1.0, 1.0, 1.0, 1.0, 1.0, 1.0, 1.0, 1.0, 1.0]","[0.0, 1.7742529223596648e-08, 1.725266862706576e-08, 1.8358266018481117e-08, 2.0077916218497194e-08, 1.6704129635058962e-08, 1.4574406570488918e-08, 1.5455055901725245e-08, 1.866575161102446e-08, 1.8158550219027347e-08]",0.55985,7.748604e-05,0.09208548,-4.80353,417.124
