acceptance rate,gt in support,C2ST,MMD,MEDDIST,NLTP,RT
"[1.0, -0.058289870619773865, -0.2931969463825226, -0.35483983159065247, -0.47837164998054504, -0.8195873498916626, -0.8735438585281372, -0.9440698027610779, -0.9681877493858337, -1.027881383895874]","[1.0, 1.0, 1.0, 1.0, 1.0, 1.0, 1.0, 1.0, 1.0, 1.0]",0.5914,0.033019423,21.886068,-4.3122,2594.2927
