acceptance rate,gt in support,C2ST,MMD,MEDDIST,NLTP,RT
"[1.0, -1.2175694704055786, -1.1158522367477417, -1.135785698890686, -1.2471410036087036, -1.3035187721252441, -1.466609239578247, -1.4467673301696777, -1.3584396839141846, -1.2046926021575928]","[1.0, 1.0, 1.0, 1.0, 1.0, 1.0, 1.0, 1.0, 1.0, 1.0]",0.49255,0.0012450218,23.727621,-8.804246,2789.047
