acceptance rate,gt in support,C2ST,MMD,MEDDIST,NLTP,RT
"[1.0, -0.9071624279022217, -0.9463667869567871, -1.3384454250335693, -1.7924896478652954, -1.860379695892334, -2.4607508182525635, -2.740370512008667, -2.7313716411590576, -2.895887851715088]","[1.0, 1.0, 1.0, 1.0, 1.0, 1.0, 1.0, 1.0, 1.0, 1.0]",0.85075,0.37532264,16.233438,-16.266926,5088.3613
