acceptance rate,gt in support,C2ST,MMD,MEDDIST,NLTP,RT
"[1.0, -0.7640509009361267, -0.8302416205406189, -0.9948623776435852, -0.9912721514701843, -1.045757532119751, -1.0701980590820312, -1.1030499935150146, -1.060439109802246, -1.1594339609146118]","[1.0, 0.9887999892234802, 0.9897000193595886, 0.9882000088691711, 0.9901999831199646, 0.9879999756813049, 0.9866999983787537, 0.9872000217437744, 0.9918000102043152, 0.9919999837875366]",0.6173,0.002407074,26.073772,3.64009,7794.0474
