acceptance rate,gt in support,C2ST,MMD,KSD_GAUSS,MEDDIST,NLTP,RT
"[1.0, -0.008751781657338142, -0.013093986548483372, -0.005067271180450916, -0.016531584784388542, -0.02113502286374569, -0.022573646157979965, -0.015922972932457924, -0.027195677161216736, -0.024154791608452797]","[1.0, 0.9997000098228455, 0.9998999834060669, 0.9998999834060669, 0.9998000264167786, 0.9998000264167786, 0.9998999834060669, 0.9998999834060669, 0.9998000264167786, 0.9998999834060669]",0.549,0.0030471087,9997.566,1.3397068,-0.23936749,131.19002
