acceptance rate,gt in support,C2ST,MMD,MEDDIST,NLTP,RT
"[1.0, -0.003619689494371414, -0.00530901737511158, -0.07875587046146393, -0.09501411765813828, -0.30519014596939087, -0.3449576497077942, -0.3712705671787262, -0.5294057726860046, -0.6244826912879944]","[1.0, 0.9998000264167786, 0.9998999834060669, 0.9998000264167786, 0.9998000264167786, 0.9998999834060669, 0.9998000264167786, 0.9997000098228455, 0.9993000030517578, 0.9990000128746033]",0.9036,0.07082093,3.3073494,2.5796893,4283.2153
