acceptance rate,gt in support,C2ST,MMD,KSD_GAUSS,MEDDIST,NLTP,RT
"[1.0, -0.019928444176912308, -0.0180002860724926, -0.02255079708993435, -0.11252337694168091, -0.2668830156326294, -0.32661041617393494, -0.5422694683074951, -0.4875824451446533, -0.5980397462844849]","[1.0, 1.0, 1.0, 1.0, 1.0, 1.0, 1.0, 1.0, 1.0, 1.0]",0.992,0.54868305,,46.878483,-9.240639,329.14252
