acceptance rate,gt in support,iw var,C2ST,MMD,MEDDIST,NLTP,RT
"[1.0, -0.016892656683921814, -0.01354179996997118, -0.06912736594676971, -0.14215509593486786, -0.16380254924297333, -0.17211401462554932, -0.2177782654762268, -0.27872541546821594, -0.2655602693557739]","[1.0, 0.9984999895095825, 0.9991000294685364, 0.9944999814033508, 0.9973999857902527, 0.9951000213623047, 0.998199999332428, 0.9984999895095825, 0.9994000196456909, 1.0]","[0.0, 1.596530729841561e-08, 1.803837612612824e-08, 1.729510579195903e-08, 1.8623779851623112e-08, 1.795038251373171e-08, 1.5718516266360893e-08, 1.705810426244625e-08, 1.8793032907638008e-08, 1.771447699638884e-08]",0.9073,0.10018003,10.820564,5.396388,729.5121
