acceptance rate,gt in support,C2ST,MMD,MEDDIST,NLTP,RT
"[1.0, -1.13996160030365, -1.1680023670196533, -1.2221468687057495, -1.436010718345642, -1.4437406063079834, -1.4817408323287964, -1.4797066450119019, -1.4803836345672607, -1.4958266019821167]","[1.0, 0.9983000159263611, 0.9997000098228455, 0.9998000264167786, 0.9998999834060669, 1.0, 1.0, 1.0, 1.0, 1.0]",0.5243,0.0020047426,0.08903907,-3.9060593,317.0236
