C2ST,C2ST_Z,MMD,MMD_Z,KSD_GAUSS,MEDDIST,C2ST_1K,C2ST_1K_Z,MMD_1K,MMD_1K_Z,KSD_GAUSS_1K,MEDDIST_1K,NLTP,RT
0.52645,0.5362,0.00025492907,0.00025439262,inf,0.08696073,0.505,0.518,-0.00010251999,-0.00010287762,inf,0.08613613,-3.1699347,705.83234
