acceptance rate,gt in support,C2ST,MMD,KSD_GAUSS,MEDDIST,NLTP,RT
"[1.0, -1.3125560283660889, -1.3247634172439575, -1.3271887302398682, -1.3338651657104492, -1.3072789907455444, -1.2935810089111328, -1.2851674556732178, -1.2853769063949585, -1.2843726873397827]","[1.0, 0.9896000027656555, 0.9940999746322632, 0.996399998664856, 0.9976999759674072, 0.9987000226974487, 0.9988999962806702, 0.9987999796867371, 0.9994000196456909, 0.9995999932289124]",0.54915,0.007919908,164620.1,10.5667305,3.5194416,1623.0762
