acceptance rate,gt in support,C2ST,MMD,MEDDIST,NLTP,RT
"[1.0, -0.008485990576446056, -0.010728206485509872, -0.07867776602506638, -0.08823004364967346, -0.147489532828331, -0.1906760185956955, -0.1575780063867569, -0.16758690774440765, -0.23433144390583038]","[1.0, 1.0, 1.0, 1.0, 1.0, 1.0, 1.0, 1.0, 1.0, 1.0]",0.75645,0.2106455,23.2056,-1.9354322,153.2931
