acceptance rate,gt in support,iw var,C2ST,MMD,MEDDIST,NLTP,RT
"[1.0, -0.2987343370914459, -0.3348882496356964, -0.41053444147109985, -0.886056661605835, -0.8885274529457092, -1.0473690032958984, -1.0032496452331543, -2.3992397785186768, -2.493156909942627]","[1.0, 1.0, 1.0, 1.0, 1.0, 1.0, 1.0, 1.0, 1.0, 1.0]","[0.0, 3.0522126492904533e-11, 1.0796365190746116e-10, 9.280192586613722e-11, 8.761046055294486e-11, 8.673864404507015e-11, 8.521550132201128e-11, 8.257897143870707e-11, 5.108149667143458e-11, 4.382807311520409e-11]",0.93835,0.3561299,17.772,-12.400131,4719.3047
