acceptance rate,gt in support,iw var,C2ST,MMD,MEDDIST,NLTP,RT
"[1.0, -0.8253588080406189, -0.7830427885055542, -0.9259153008460999, -0.9538952112197876, -1.0840728282928467, -1.1450870037078857, -1.395774006843567, -1.5185574293136597, -1.8041003942489624]","[1.0, 1.0, 1.0, 1.0, 1.0, 1.0, 1.0, 1.0, 1.0, 1.0]","[0.0, 383.2904052734375, 381.9010009765625, 389.2098388671875, 385.06695556640625, 385.21112060546875, 386.3157043457031, 385.37322998046875, 383.7122802734375, 390.843505859375]",0.9603,0.50231093,31.673395,-15.353933,21354.158
