acceptance rate,gt in support,C2ST,MMD,MEDDIST,NLTP,RT
"[1.0, -0.04462500289082527, -0.09116661548614502, -0.08817682415246964, -0.15992531180381775, -0.15128757059574127, -0.14357325434684753, -0.1665341705083847, -0.16411927342414856, -0.17305099964141846]","[1.0, 1.0, 1.0, 1.0, 0.9998999834060669, 0.9998999834060669, 0.9998999834060669, 0.9998999834060669, 0.9998999834060669, 0.9998999834060669]",0.52215,0.0017930269,1.4173105,2.2012978,16722.951
