acceptance rate,gt in support,iw var,C2ST,MMD,MEDDIST,NLTP,RT
"[1.0, -0.03583470359444618, -0.10857408493757248, -0.11125904321670532, -0.1061827689409256, -0.11912926286458969, -0.13070961833000183, -0.12142076343297958, -0.15137989819049835, -0.1483137011528015]","[1.0, 1.0, 0.9994999766349792, 0.9997000098228455, 0.9994999766349792, 0.9994999766349792, 0.9997000098228455, 0.9997000098228455, 0.9997000098228455, 0.9997000098228455]","[0.0, 378.73858642578125, 395.8502197265625, 389.93731689453125, 388.97698974609375, 390.2159118652344, 375.3282470703125, 386.14520263671875, 387.20269775390625, 381.1561584472656]",0.509,0.00030243397,1.3987625,4.0501747,11641.913
