C2ST,C2ST_Z,MMD,MMD_Z,KSD_GAUSS,MEDDIST,C2ST_1K,C2ST_1K_Z,MMD_1K,MMD_1K_Z,KSD_GAUSS_1K,MEDDIST_1K,NLTP,RT
0.79285,0.7935,0.017078638,0.054659247,10890297000.0,25.869902,0.754,0.7285,0.016915321,0.05443561,1479708300.0,25.600483,5.866966,2237.2888
