acceptance rate,gt in support,C2ST,MMD,MEDDIST,NLTP,RT
"[1.0, -0.6202595233917236, -0.6920763254165649, -0.8268136978149414, -0.9920389652252197, -1.0517908334732056, -1.0159639120101929, -1.1864190101623535, -1.1585570573806763, -1.2039564847946167]","[1.0, 1.0, 1.0, 1.0, 1.0, 1.0, 1.0, 1.0, 1.0, 1.0]",0.5338,0.0030391216,0.08717452,-3.555716,6228.498
