acceptance rate,gt in support,C2ST,MMD,MEDDIST,NLTP,RT
"[1.0, -1.169325828552246, -1.1943292617797852, -1.2252683639526367, -1.3350163698196411, -1.2811248302459717, -1.2644851207733154, -1.305269479751587, -1.343860149383545, -1.3483006954193115]","[1.0, 1.0, 1.0, 1.0, 1.0, 1.0, 1.0, 1.0, 1.0, 1.0]",0.4933,0.006837964,24.576412,-8.962463,6508.8896
