acceptance rate,gt in support,C2ST,MMD,KSD_GAUSS,MEDDIST,NLTP,RT
"[1.0, -0.2216678261756897, -0.1326209306716919, -0.4995577037334442, -0.45370417833328247, -0.6759645938873291, -0.8558151125907898, -0.9065783023834229, -0.9199751019477844, -0.9485044479370117]","[1.0, 1.0, 1.0, 1.0, 1.0, 1.0, 1.0, 1.0, 1.0, 1.0]",0.528,0.06920552,4720083.0,28.071337,-7.947904,89.66836
