acceptance rate,gt in support,C2ST,MMD,KSD_GAUSS,MEDDIST,NLTP,RT
"[1.0, -0.010327763855457306, -0.0136090237647295, -0.05546800419688225, -0.13427437841892242, -0.1340673416852951, -0.15344643592834473, -0.3804197311401367, -0.3727365732192993, -0.33173835277557373]","[1.0, 1.0, 1.0, 1.0, 1.0, 1.0, 1.0, 1.0, 1.0, 1.0]",0.59505,0.033601224,7530536.0,26.683329,-8.7064905,107.728615
