acceptance rate,gt in support,iw var,C2ST,MMD,MEDDIST,NLTP,RT
"[1.0, -0.00627727247774601, -0.0047817653976380825, -0.1656428873538971, -0.20516355335712433, -0.26332467794418335, -0.31884923577308655, -0.46100756525993347, -0.4406121075153351, -0.47981134057044983]","[1.0, 1.0, 1.0, 1.0, 1.0, 1.0, 1.0, 1.0, 1.0, 1.0]","[0.0, 1.1199388313433423e-13, 1.0050012715480741e-13, 4.243278037968645e-12, 5.995059049884732e-12, 5.524739086354424e-12, 9.504242878821678e-12, 4.020021728695644e-12, 4.253241855933787e-12, 5.7141097409285635e-12]",0.58105,0.03062129,26.814175,-8.4698305,1310.4423
