acceptance rate,gt in support,C2ST,MMD,KSD_GAUSS,MEDDIST,NLTP,RT
"[1.0, -0.6375929117202759, -0.6169030666351318, -0.7778039574623108, -0.7467831969261169, -0.8192598819732666, -1.0013444423675537, -0.9817156791687012, -0.9284452795982361, -0.9869098663330078]","[1.0, 1.0, 1.0, 1.0, 1.0, 1.0, 1.0, 1.0, 1.0, 1.0]",0.5422,0.016743839,inf,0.089504,-4.2442713,1338.7914
