acceptance rate,gt in support,C2ST,MMD,MEDDIST,NLTP,RT
"[1.0, -0.8269802927970886, -1.188048243522644, -0.9943048357963562, -1.6640942096710205, -1.6836017370224, -1.6521281003952026, -1.737980604171753, -1.7639155387878418, -1.7482976913452148]","[1.0, 0.9695000052452087, 0.9811999797821045, 0.9922999739646912, 0.9865000247955322, 0.9882000088691711, 0.9907000064849854, 0.9896000027656555, 0.9897000193595886, 0.9930999875068665]",0.70855,0.12463808,10.396007,6.898099,8474.143
