C2ST,C2ST_Z,MMD,MMD_Z,KSD_GAUSS,MEDDIST,C2ST_1K,C2ST_1K_Z,MMD_1K,MMD_1K_Z,KSD_GAUSS_1K,MEDDIST_1K,NLTP,RT
0.69465,0.6931,0.0031280518,0.007401824,34789.93,25.367016,0.661,0.632,0.0024923086,0.009328961,3840.0674,25.546322,4.1111045,3353.3906
