acceptance rate,gt in support,C2ST,MMD,KSD_GAUSS,MEDDIST,NLTP,RT
"[1.0, -0.5196696519851685, -0.9682281017303467, -1.2785799503326416, -1.6130341291427612, -1.593161940574646, -1.8719455003738403, -1.8448375463485718, -2.202342987060547, -2.2067389488220215]","[1.0, 1.0, 0.9998999834060669, 0.9997000098228455, 0.9995999932289124, 0.9997000098228455, 0.9995999932289124, 0.9997000098228455, 0.9994000196456909, 0.9994000196456909]",0.60255,0.008717179,187612.61,14.954061,-2.4586887,277.32846
