acceptance rate,gt in support,C2ST,MMD,MEDDIST,NLTP,RT
"[1.0, -0.1672676056623459, -0.23029042780399323, -0.24496407806873322, -0.26950034499168396, -0.27437418699264526, -0.2711999714374542, -0.31312549114227295, -0.30821147561073303, -0.31235215067863464]","[1.0, 0.9988999962806702, 0.998199999332428, 0.9983000159263611, 0.998199999332428, 0.9976000189781189, 0.9983000159263611, 0.998199999332428, 0.9980999827384949, 0.9983000159263611]",0.5206,0.0011324883,1.4194175,2.119566,1881.6174
