C2ST,C2ST_Z,MMD,MMD_Z,KSD_GAUSS,MEDDIST,C2ST_1K,C2ST_1K_Z,MMD_1K,MMD_1K_Z,KSD_GAUSS_1K,MEDDIST_1K,NLTP,RT
0.7153,0.7272,0.0049227476,0.0068981647,5494198300.0,3.313293,0.641,0.663,0.0036839247,0.0055093765,55661530.0,3.2425404,-0.23001939,3881.7183
