acceptance rate,gt in support,C2ST,MMD,KSD_GAUSS,MEDDIST,NLTP,RT
"[1.0, -0.08732634782791138, -0.3241911232471466, -0.402341365814209, -0.5045944452285767, -0.5240747332572937, -0.5702477097511292, -0.6042892932891846, -0.6752649545669556, -0.5868679881095886]","[1.0, 1.0, 1.0, 1.0, 1.0, 1.0, 1.0, 1.0, 1.0, 1.0]",0.5634,0.019448042,1593166.5,22.759613,-9.654217,292.18988
