C2ST,C2ST_Z,MMD,MMD_Z,KSD_GAUSS,MEDDIST,C2ST_1K,C2ST_1K_Z,MMD_1K,MMD_1K_Z,KSD_GAUSS_1K,MEDDIST_1K,NLTP,RT
0.6644,0.63585,0.08831382,0.064720154,119512.85,10.651851,0.653,0.6305,0.078500986,0.057745337,11707.794,10.539999,6.5632353,206.41464
