acceptance rate,gt in support,C2ST,MMD,MEDDIST,NLTP,RT
"[1.0, -0.6463145613670349, -0.9873314499855042, -1.2285422086715698, -1.4253257513046265, -1.4210214614868164, -1.4469408988952637, -1.4743505716323853, -1.568678617477417, -1.5413837432861328]","[1.0, 0.996999979019165, 1.0, 0.9998000264167786, 0.9998000264167786, 0.9998000264167786, 0.9998000264167786, 0.9998000264167786, 0.9998999834060669, 0.9998999834060669]",0.4929,0.0035609007,16.340136,-4.386213,483.1111
