C2ST,C2ST_Z,MMD,MMD_Z,KSD_GAUSS,MEDDIST,C2ST_1K,C2ST_1K_Z,MMD_1K,MMD_1K_Z,KSD_GAUSS_1K,MEDDIST_1K,NLTP,RT
0.6238,0.63505,0.03480792,0.051385403,1176815.8,21.236761,0.484,0.618,0.026123166,0.03960347,143176.7,21.295536,-3.2930782,9816.523
