acceptance rate,gt in support,iw var,C2ST,MMD,MEDDIST,NLTP,RT
"[1.0, -0.017751401290297508, -0.01608067937195301, -0.051293693482875824, -0.2115134596824646, -0.20128034055233002, -0.6794798374176025, -0.7828922271728516, -0.834670901298523, -0.9934056401252747]","[1.0, 1.0, 1.0, 1.0, 1.0, 1.0, 1.0, 1.0, 1.0, 1.0]","[0.0, 1.6247710732386622e-08, 1.583382847059056e-08, 1.6577807571138692e-08, 1.748037270488112e-08, 1.873197774671098e-08, 1.7500815019388938e-08, 1.7542999941611015e-08, 1.6912839129190615e-08, 1.8810299096116978e-08]",0.99555,0.5616199,36.119846,-6.97349,189.54773
