acceptance rate,gt in support,C2ST,MMD,MEDDIST,NLTP,RT
"[1.0, 1.0, 1.0, 1.0, 1.0, 1.0, 1.0, 1.0, 1.0, 1.0]","[1.0, 0.9973000288009644, 0.9980999827384949, 0.9995999932289124, 0.9998000264167786, 0.9994999766349792, 0.9997000098228455, 0.9997000098228455, 0.9987000226974487, 0.9997000098228455]",0.71155,0.0043524504,9.178221,2.9404776,10620.714
