C2ST,C2ST_Z,MMD,MMD_Z,KSD_GAUSS,MEDDIST,C2ST_1K,C2ST_1K_Z,MMD_1K,MMD_1K_Z,KSD_GAUSS_1K,MEDDIST_1K,NLTP,RT
0.9708,0.97075,0.2369743,0.44972205,71266200000000.0,10.127298,0.959,0.934,0.24027115,0.44864565,8405822500000.0,10.207507,7.927342,53.56591
