acceptance rate,gt in support,C2ST,MMD,KSD_GAUSS,MEDDIST,NLTP,RT
"[1.0, -0.26612094044685364, -0.28680360317230225, -0.3402422070503235, -0.36371275782585144, -0.33746251463890076, -0.34710928797721863, -0.33285847306251526, -0.3522585332393646, -0.35284531116485596]","[1.0, 0.9965000152587891, 0.9977999925613403, 0.9987999796867371, 0.9980000257492065, 0.9986000061035156, 0.9991999864578247, 0.9991999864578247, 0.9990000128746033, 0.9991000294685364]",0.57835,0.010176539,43432.8,1.6221874,1.831419,765.84076
