C2ST,C2ST_Z,MMD,MMD_Z,KSD_GAUSS,MEDDIST,C2ST_1K,C2ST_1K_Z,MMD_1K,MMD_1K_Z,KSD_GAUSS_1K,MEDDIST_1K,NLTP,RT
0.75955,0.76495,0.04402089,0.044214487,57730148.0,2.0943756,0.718,0.718,0.04553199,0.044130445,29419990.0,2.0402985,2.308668,3203.2695
