acceptance rate,gt in support,C2ST,MMD,MEDDIST,NLTP,RT
"[1.0, 1.0, 1.0, 1.0, 1.0, 1.0, 1.0, 1.0, 1.0, 1.0]","[1.0, 0.9079999923706055, 0.9718999862670898, 0.9868999719619751, 0.9904999732971191, 0.9908000230789185, 0.9900000095367432, 0.9900000095367432, 0.9926000237464905, 0.9914000034332275]",0.6563,0.096387625,10.152464,2.9683657,1132.8196
