acceptance rate,gt in support,C2ST,MMD,MEDDIST,NLTP,RT
"[1.0, -1.7178525924682617, -2.134857177734375, -2.264080047607422, -2.287107467651367, -2.334280014038086, -2.3479576110839844, -2.3830342292785645, -2.3689987659454346, -2.417910575866699]","[1.0, 0.9994999766349792, 0.9995999932289124, 0.9997000098228455, 0.9997000098228455, 0.9998000264167786, 0.9998000264167786, 0.9997000098228455, 0.9997000098228455, 0.9997000098228455]",0.5326,0.0025467873,14.906128,-2.1975498,15001.866
