C2ST,C2ST_Z,MMD,MMD_Z,KSD_GAUSS,MEDDIST,C2ST_1K,C2ST_1K_Z,MMD_1K,MMD_1K_Z,KSD_GAUSS_1K,MEDDIST_1K,NLTP,RT
0.68065,0.64785,0.02909565,0.029031396,94481.125,1.4788043,0.649,0.6565,0.029333472,0.029014945,9359.626,1.4784855,2.0113935,44.588177
