acceptance rate,gt in support,C2ST,MMD,MEDDIST,NLTP,RT
"[1.0, -0.5036585927009583, -0.7263814806938171, -0.660946249961853, -0.5129323601722717, -0.6445484757423401, -0.7880789041519165, -1.0357403755187988, -0.9559701085090637, -0.9884718656539917]","[1.0, 1.0, 1.0, 1.0, 1.0, 1.0, 1.0, 1.0, 1.0, 1.0]",0.5005,0.0020804405,22.869194,-9.61907,6593.471
