C2ST,C2ST_Z,MMD,MMD_Z,KSD_GAUSS,MEDDIST,C2ST_1K,C2ST_1K_Z,MMD_1K,MMD_1K_Z,KSD_GAUSS_1K,MEDDIST_1K,NLTP,RT
0.5522,0.5523,0.009604573,0.009604692,inf,0.08823405,0.5505,0.5505,0.008577228,0.008577704,inf,0.08863876,-3.971193,1648.059
