acceptance rate,gt in support,C2ST,MMD,MEDDIST,NLTP,RT
"[1.0, -0.01858917810022831, -0.01833992637693882, -0.0660826787352562, -0.06228155642747879, -0.05687664449214935, -0.08921556174755096, -0.08225825428962708, -0.12723205983638763, -0.11964381486177444]","[1.0, 0.9991999864578247, 0.9993000030517578, 0.9991999864578247, 0.9994999766349792, 0.9995999932289124, 0.9991000294685364, 0.9994999766349792, 0.9987999796867371, 0.9990000128746033]",0.58935,0.0051248074,1.5054728,0.6640911,8272.576
