C2ST,C2ST_Z,MMD,MMD_Z,KSD_GAUSS,MEDDIST,C2ST_1K,C2ST_1K_Z,MMD_1K,MMD_1K_Z,KSD_GAUSS_1K,MEDDIST_1K,NLTP,RT
0.879,0.8797,0.05245495,0.11049378,412014900.0,10.033751,0.8275,0.811,0.04608333,0.096843064,4098227700.0,10.110605,5.059179,306.48373
