acceptance rate,gt in support,iw var,C2ST,MMD,MEDDIST,NLTP,RT
"[1.0, -0.009062085300683975, -0.020656537264585495, -0.07298915088176727, -0.21684709191322327, -0.36916548013687134, -0.44389861822128296, -0.5117666721343994, -0.5776564478874207, -0.6849537491798401]","[1.0, 1.0, 1.0, 1.0, 1.0, 1.0, 1.0, 1.0, 1.0, 1.0]","[0.0, 1.8482221975091306e-08, 1.5545570164476885e-08, 1.5987229318170648e-08, 1.624742296257864e-08, 1.7750171110719748e-08, 1.771139679362932e-08, 1.7475228375474217e-08, 1.747430289356089e-08, 1.6888662912606378e-08]",0.95005,0.2964835,17.842808,4.536195,260.52267
