acceptance rate,gt in support,C2ST,MMD,MEDDIST,NLTP,RT
"[1.0, -1.3696569204330444, -1.5520671606063843, -1.848056435585022, -2.223186492919922, -2.3891148567199707, -2.508551597595215, -2.554790496826172, -2.6444244384765625, -2.887269973754883]","[1.0, 1.0, 1.0, 1.0, 1.0, 1.0, 1.0, 1.0, 1.0, 1.0]",0.82645,0.22851062,14.528196,-15.373084,5566.2437
