acceptance rate,gt in support,C2ST,MMD,MEDDIST,NLTP,RT
"[1.0, 1.0, 1.0, 1.0, 1.0, 1.0, 1.0, 1.0, 1.0, 1.0]","[1.0, 0.9898999929428101, 0.9975000023841858, 1.0, 1.0, 1.0, 1.0, 1.0, 1.0, 1.0]",0.81405,0.013334751,19.487587,3.0370665,10306.179
