C2ST,C2ST_Z,MMD,MMD_Z,KSD_GAUSS,MEDDIST,C2ST_1K,C2ST_1K_Z,MMD_1K,MMD_1K_Z,KSD_GAUSS_1K,MEDDIST_1K,NLTP,RT
0.81405,0.82735,0.008988023,0.034188747,1968943100.0,29.943394,0.7275,0.764,0.0066941977,0.034695625,1451724200.0,29.609653,7.6017337,261.1243
