C2ST,C2ST_Z,MMD,MMD_Z,KSD_GAUSS,MEDDIST,C2ST_1K,C2ST_1K_Z,MMD_1K,MMD_1K_Z,KSD_GAUSS_1K,MEDDIST_1K,NLTP,RT
0.75495,0.75945,0.0022279024,0.022683382,155199.19,24.699663,0.6755,0.701,0.0022519827,0.020795345,12740.406,24.450031,1.8103044,7343.1655
