acceptance rate,gt in support,C2ST,MMD,MEDDIST,NLTP,RT
"[1.0, 1.0, 1.0, 1.0, 1.0, 1.0, 1.0, 1.0, 1.0, 1.0]","[1.0, 0.9998000264167786, 0.9980000257492065, 0.9987999796867371, 0.9990000128746033, 0.9990000128746033, 0.9991999864578247, 0.9988999962806702, 0.9991000294685364, 0.9991000294685364]",0.7428,0.045639753,1.6034234,6.0942287,226.75012
