acceptance rate,gt in support,iw var,C2ST,MMD,MEDDIST,NLTP,RT
"[1.0, -0.013071604073047638, -0.009638945572078228, -0.029118737205863, -0.04198591783642769, -0.05814089998602867, -0.04665113985538483, -0.05988214910030365, -0.044384412467479706, -0.044841617345809937]","[1.0, 0.98580002784729, 0.9891999959945679, 0.9955999851226807, 0.9957000017166138, 0.9950000047683716, 0.9945999979972839, 0.9930999875068665, 0.9940999746322632, 0.9943000078201294]","[0.0, 1.6605698149874115e-08, 1.8802273515916568e-08, 1.600825072500811e-08, 1.6292990068222934e-08, 1.6630997023980854e-08, 1.6269982694439022e-08, 1.6194411145420418e-08, 1.7481099234828434e-08, 1.578475661290213e-08]",0.95945,0.16978246,10.001381,7.6313176,115.281105
