acceptance rate,gt in support,C2ST,MMD,MEDDIST,NLTP,RT
"[1.0, 1.0, 1.0, 1.0, 1.0, 1.0, 1.0, 1.0, 1.0, 1.0]","[1.0, 0.9998999834060669, 0.9998999834060669, 0.9998999834060669, 0.9998999834060669, 1.0, 1.0, 1.0, 1.0, 0.9998999834060669]",0.54085,0.003063202,1.3504972,-0.35190868,954.3487
