acceptance rate,gt in support,C2ST,MMD,KSD_GAUSS,MEDDIST,NLTP,RT
"[1.0, -0.42109349370002747, -0.5019652843475342, -0.8576105237007141, -0.8897892236709595, -1.0330907106399536, -1.4502359628677368, -1.3896806240081787, -1.3816171884536743, -1.475647211074829]","[1.0, 1.0, 1.0, 1.0, 1.0, 1.0, 1.0, 1.0, 1.0, 1.0]",0.6072,0.028806925,99689.59,12.887182,2.4087143,508.70108
