acceptance rate,gt in support,C2ST,MMD,MEDDIST,NLTP,RT
"[1.0, -1.439324975013733, -1.51414954662323, -1.570290207862854, -1.5704176425933838, -1.6061466932296753, -1.625166416168213, -1.6714469194412231, -1.6720879077911377, -1.7035928964614868]","[1.0, 0.9955000281333923, 0.9998999834060669, 0.9994000196456909, 0.9998000264167786, 0.9998000264167786, 0.9998999834060669, 0.9991999864578247, 0.9998999834060669, 0.9994999766349792]",0.52465,0.006288886,0.086075485,-3.6088395,409.73914
