acceptance rate,gt in support,C2ST,MMD,KSD_GAUSS,MEDDIST,NLTP,RT
"[1.0, -0.009994329884648323, -0.011062204837799072, -0.07522984594106674, -0.06170550733804703, -0.36589235067367554, -0.42976850271224976, -0.45808809995651245, -0.6383476853370667, -0.5514482855796814]","[1.0, 1.0, 1.0, 1.0, 1.0, 1.0, 1.0, 1.0, 1.0, 1.0]",0.92235,0.57829493,7812938.5,55.31727,-4.350629,89.50349
