C2ST,C2ST_Z,MMD,MMD_Z,KSD_GAUSS,MEDDIST,C2ST_1K,C2ST_1K_Z,MMD_1K,MMD_1K_Z,KSD_GAUSS_1K,MEDDIST_1K,NLTP,RT
0.61825,0.64565,0.00012207031,0.00012207031,inf,0.09071583,0.49,0.531,-0.0002770424,-0.0002772808,inf,0.09082176,-4.0109296,179.7953
