acceptance rate,gt in support,C2ST,MMD,MEDDIST,NLTP,RT
"[1.0, -0.004715893883258104, -0.004342890344560146, -0.5743027925491333, -1.0877779722213745, -1.5394887924194336, -1.6601166725158691, -1.4784822463989258, -1.4380897283554077, -1.5019911527633667]","[1.0, 1.0, 1.0, 1.0, 1.0, 1.0, 1.0, 1.0, 1.0, 1.0]",0.48925,0.0040103197,24.8998,-9.470941,2167.1592
