C2ST,C2ST_Z,MMD,MMD_Z,KSD_GAUSS,MEDDIST,C2ST_1K,C2ST_1K_Z,MMD_1K,MMD_1K_Z,KSD_GAUSS_1K,MEDDIST_1K,NLTP,RT
0.6871,0.7165,0.11967754,0.12607759,704517.3,31.47221,0.671,0.7095,0.11167014,0.1223042,122150.91,31.551497,-6.668948,90.23438
