acceptance rate,gt in support,C2ST,MMD,MEDDIST,NLTP,RT
"[1.0, -0.25119203329086304, -0.39168792963027954, -0.42116984724998474, -0.4436974823474884, -0.5141012072563171, -0.5053237676620483, -0.5885907411575317, -0.5752816796302795, -0.5865744948387146]","[1.0, 0.9998999834060669, 0.9994999766349792, 0.9998999834060669, 0.9998000264167786, 0.9994999766349792, 0.9994999766349792, 0.9995999932289124, 0.9997000098228455, 0.9994999766349792]",0.7021,0.0035357475,11.293392,2.7504988,11089.88
