acceptance rate,gt in support,C2ST,MMD,MEDDIST,NLTP,RT
"[1.0, -0.03266268968582153, -0.03404610976576805, -0.2115488201379776, -0.28116628527641296, -0.49461260437965393, -0.6198973655700684, -1.0881052017211914, -1.216558814048767, -1.2031655311584473]","[1.0, 1.0, 1.0, 1.0, 1.0, 1.0, 1.0, 1.0, 1.0, 1.0]",0.9881,0.5356211,49.09725,-11.539033,164.85936
