acceptance rate,gt in support,C2ST,MMD,MEDDIST,NLTP,RT
"[1.0, -0.1878891885280609, -0.4736176133155823, -0.7028963565826416, -0.8162422180175781, -1.0983740091323853, -1.1290947198867798, -1.380167841911316, -2.018720865249634, -2.1097218990325928]","[1.0, 1.0, 1.0, 1.0, 1.0, 1.0, 1.0, 1.0, 1.0, 1.0]",0.8868,0.40763828,33.53518,-15.62463,3593.2659
