acceptance rate,gt in support,C2ST,MMD,KSD_GAUSS,MEDDIST,NLTP,RT
"[1.0, -0.07917255908250809, -0.07761196047067642, -0.11483673751354218, -0.11574289202690125, -0.1254892200231552, -0.14092178642749786, -0.12101887911558151, -0.14917005598545074, -0.16291683912277222]","[1.0, 0.9994999766349792, 0.9997000098228455, 0.9998000264167786, 0.9997000098228455, 0.9997000098228455, 0.9998999834060669, 1.0, 0.9997000098228455, 0.9995999932289124]",0.5162,0.0015494823,5743.6245,1.4288743,3.7774792,633.7962
