acceptance rate,gt in support,C2ST,MMD,MEDDIST,NLTP,RT
"[1.0, -1.4433529376983643, -1.8792529106140137, -2.091082811355591, -2.034914970397949, -2.1094186305999756, -2.0359091758728027, -2.2077813148498535, -2.1717987060546875, -2.2176828384399414]","[1.0, 1.0, 1.0, 0.9998000264167786, 0.9998000264167786, 0.9998000264167786, 1.0, 1.0, 1.0, 0.9998999834060669]",0.53445,0.0018932819,15.963299,-1.4490185,20297.33
