acceptance rate,gt in support,iw var,C2ST,MMD,MEDDIST,NLTP,RT
"[1.0, -0.6536079049110413, -0.7019478678703308, -0.699476957321167, -0.8065970540046692, -0.7669192552566528, -0.9007943272590637, -0.9339226484298706, -0.8329359889030457, -0.9020056128501892]","[1.0, 1.0, 1.0, 1.0, 1.0, 1.0, 1.0, 1.0, 1.0, 1.0]","[0.0, 1.6836283478482983e-08, 1.861173615225198e-08, 1.6298521643420827e-08, 1.7178367173187326e-08, 1.612014877139245e-08, 1.6034087835237187e-08, 1.6727600637977957e-08, 1.7372784100189165e-08, 1.6488625576016602e-08]",0.5133,0.00012683868,0.08837869,-3.6381772,397.38745
