C2ST,C2ST_Z,MMD,MMD_Z,KSD_GAUSS,MEDDIST,C2ST_1K,C2ST_1K_Z,MMD_1K,MMD_1K_Z,KSD_GAUSS_1K,MEDDIST_1K,NLTP,RT
0.9494,0.95225,0.117782,0.24087602,106214970000000.0,23.170681,0.926,0.9175,0.11382449,0.2361933,10703970000000.0,23.174683,15.247405,416.3864
