acceptance rate,gt in support,iw var,C2ST,MMD,MEDDIST,NLTP,RT
"[1.0, -0.007866399362683296, -0.0064315153285861015, -0.006321343593299389, -0.03364705666899681, -0.03301399573683739, -0.03081716038286686, -0.06080536171793938, -0.04597470909357071, -0.06326013058423996]","[1.0, 0.9994000196456909, 0.9995999932289124, 1.0, 1.0, 1.0, 1.0, 1.0, 1.0, 1.0]","[0.0, 1.733518573132642e-08, 1.649052627783476e-08, 1.8433944148910086e-08, 1.6084454657061542e-08, 1.8786622035804612e-08, 1.57413655443861e-08, 1.7609016467190486e-08, 1.8548799829432028e-08, 1.8499767051594063e-08]",0.95355,0.24257445,7.5051455,5.856513,108.309006
