acceptance rate,gt in support,iw var,C2ST,MMD,MEDDIST,NLTP,RT
"[1.0, -0.01110676396638155, -0.015675272792577744, -0.054383739829063416, -0.15964294970035553, -0.33957725763320923, -0.3514448404312134, -0.5639566779136658, -1.235325813293457, -1.2302125692367554]","[1.0, 1.0, 1.0, 1.0, 1.0, 1.0, 1.0, 1.0, 1.0, 1.0]","[0.0, 5.013276645486793e-14, 2.0709775311756468e-13, 1.940534321773213e-12, 2.2367682359081265e-11, 1.8074897481512586e-11, 1.9071312237772808e-11, 3.5159153366493e-11, 1.5785865670192578e-11, 5.707976105662205e-11]",0.99465,0.555287,24.704702,-7.397932,4020.2615
