acceptance rate,gt in support,iw var,C2ST,MMD,MEDDIST,NLTP,RT
"[1.0, -0.38313955068588257, -0.3634118139743805, -0.44305458664894104, -0.5333548188209534, -0.5351008176803589, -0.6014524102210999, -0.6312670111656189, -0.588969886302948, -0.6075140833854675]","[1.0, 1.0, 1.0, 1.0, 1.0, 1.0, 1.0, 1.0, 1.0, 1.0]","[0.0, 1.53252859291797e-08, 1.658347237309954e-08, 1.6466518815150266e-08, 1.8644835009240524e-08, 1.885685563252082e-08, 1.802158422492539e-08, 1.7502744142916526e-08, 1.6739404529175772e-08, 1.5976036493725587e-08]",0.63115,0.0018417239,0.09095642,-3.684754,141.05937
