acceptance rate,gt in support,iw var,C2ST,MMD,MEDDIST,NLTP,RT
"[1.0, -1.8386319875717163, -2.086186170578003, -2.2924299240112305, -2.709965467453003, -3.2798407077789307, -3.903090000152588, -3.028555393218994, -2.995678663253784, -2.9788107872009277]","[1.0, 0.8838000297546387, 0.9955000281333923, 0.9993000030517578, 0.9962000250816345, 0.9955999851226807, 0.9670000076293945, 1.0, 1.0, 1.0]","[0.0, 385.5710144042969, 387.4149169921875, 382.2919616699219, 377.4841003417969, 380.230224609375, 388.6744384765625, 376.8368835449219, 389.966064453125, 386.919677734375]",0.9265,0.17125279,13.09947,-10.231939,26106.697
