acceptance rate,gt in support,C2ST,MMD,MEDDIST,NLTP,RT
"[1.0, -0.706637442111969, -0.7107083797454834, -0.8144173622131348, -1.0661753416061401, -1.0489054918289185, -1.062900185585022, -1.168044924736023, -1.2077319622039795, -1.2190476655960083]","[1.0, 1.0, 1.0, 1.0, 1.0, 1.0, 1.0, 1.0, 1.0, 1.0]",0.52625,0.0018055439,0.08769442,-4.4565134,351.27512
