acceptance rate,gt in support,C2ST,MMD,MEDDIST,NLTP,RT
"[1.0, -0.11069831252098083, -0.2154896855354309, -0.4971633851528168, -0.47668716311454773, -0.8083094954490662, -0.7599502205848694, -1.5127758979797363, -1.4609239101409912, -1.444516897201538]","[1.0, 0.9991999864578247, 0.9997000098228455, 0.9994999766349792, 0.9995999932289124, 0.9990000128746033, 0.9994999766349792, 0.9987999796867371, 0.9994000196456909, 0.9994999766349792]",0.80275,0.08807838,17.05094,0.7266407,225.7657
