acceptance rate,gt in support,C2ST,MMD,MEDDIST,NLTP,RT
"[1.0, -0.004123605787754059, -0.004452561028301716, -0.012043412774801254, -0.011931808665394783, -0.030933724716305733, -0.03976714238524437, -0.06070544570684433, -0.15301381051540375, -0.09810596704483032]","[1.0, 1.0, 1.0, 1.0, 1.0, 1.0, 1.0, 1.0, 1.0, 1.0]",0.70695,0.07438588,24.310492,-6.575323,2086.7097
