C2ST,C2ST_Z,MMD,MMD_Z,KSD_GAUSS,MEDDIST,C2ST_1K,C2ST_1K_Z,MMD_1K,MMD_1K_Z,KSD_GAUSS_1K,MEDDIST_1K,NLTP,RT
0.88535,0.9485,0.42956415,0.39630666,425835460.0,25.302307,0.8765,0.9415,0.41993433,0.3890633,210681980.0,25.395815,-16.786718,5229.6978
