acceptance rate,gt in support,iw var,C2ST,MMD,MEDDIST,NLTP,RT
"[1.0, -0.05524599552154541, -0.055024098604917526, -0.1767214685678482, -0.19334529340267181, -0.26086297631263733, -0.48628315329551697, -0.532650887966156, -0.533280611038208, -0.6367265582084656]","[1.0, 1.0, 1.0, 1.0, 1.0, 1.0, 1.0, 1.0, 1.0, 1.0]","[0.0, 1.8105041021954094e-08, 1.577311081746302e-08, 1.5602788394630807e-08, 1.888602341182377e-08, 1.5251252705184015e-08, 1.8961330283673306e-08, 1.721880948934995e-08, 1.5588016211154354e-08, 1.8099139964533606e-08]",0.5929,0.048470557,23.345236,-8.373456,459.0715
