acceptance rate,gt in support,C2ST,MMD,MEDDIST,NLTP,RT
"[1.0, -0.020406125113368034, -0.044865697622299194, -0.03718098625540733, -0.05362144485116005, -0.05801676958799362, -0.068923719227314, -0.05692613124847412, -0.062005963176488876, -0.07358036935329437]","[1.0, 0.9998999834060669, 0.9998000264167786, 0.9998999834060669, 1.0, 1.0, 0.9998999834060669, 1.0, 1.0, 0.9998999834060669]",0.5134,0.00034070015,1.320998,-1.1089153,17063.938
