acceptance rate,gt in support,C2ST,MMD,KSD_GAUSS,MEDDIST,NLTP,RT
"[1.0, -0.06562782824039459, -0.06638620793819427, -0.10405286401510239, -0.11255151778459549, -0.10474326461553574, -0.10270288586616516, -0.11591299623250961, -0.10259288549423218, -0.11117490381002426]","[1.0, 1.0, 1.0, 1.0, 1.0, 1.0, 1.0, 1.0, 1.0, 1.0]",0.5128,0.00048100948,2446.1973,1.405566,2.4099894,674.39514
