acceptance rate,gt in support,C2ST,MMD,MEDDIST,NLTP,RT
"[1.0, 1.0, 1.0, 1.0, 1.0, 1.0, 1.0, 1.0, 1.0, 1.0]","[1.0, 1.0, 1.0, 0.9998999834060669, 1.0, 0.9998999834060669, 1.0, 1.0, 1.0, 1.0]",0.5367,0.0032373667,0.08742416,-2.4143076,677.9885
