acceptance rate,gt in support,iw var,C2ST,MMD,MEDDIST,NLTP,RT
"[1.0, -0.019224241375923157, -0.019996635615825653, -0.02562650665640831, -0.02701079659163952, -0.15307556092739105, -0.17321278154850006, -0.5730010867118835, -0.5006222724914551, -0.5008630156517029]","[1.0, 1.0, 1.0, 1.0, 1.0, 1.0, 1.0, 1.0, 1.0, 1.0]","[0.0, 7.839287216333118e-14, 8.056957065492171e-14, 1.9504654781479086e-13, 2.826448385236102e-13, 3.4391873030004128e-12, 4.5823726757543426e-12, 1.3196298220830016e-11, 2.1902537075679795e-11, 2.156852994816827e-11]",0.98615,0.5398776,54.06234,-10.801804,3917.5876
