acceptance rate,gt in support,C2ST,MMD,MEDDIST,NLTP,RT
"[1.0, -0.14675822854042053, -0.16749107837677002, -0.19630396366119385, -0.22391659021377563, -0.21925079822540283, -0.22435316443443298, -0.2256290465593338, -0.24078556895256042, -0.2557852864265442]","[1.0, 0.9991000294685364, 0.9990000128746033, 0.9984999895095825, 0.9983999729156494, 0.9986000061035156, 0.9983999729156494, 0.9984999895095825, 0.9988999962806702, 0.9988999962806702]",0.50295,0.0006841421,1.3762217,1.3296442,2051.2866
