acceptance rate,gt in support,C2ST,MMD,KSD_GAUSS,MEDDIST,NLTP,RT
"[1.0, -0.02314586751163006, -0.09028356522321701, -0.07566902041435242, -0.2532101571559906, -0.2346295267343521, -0.551989734172821, -0.5401553511619568, -0.6092061996459961, -0.7163596153259277]","[1.0, 0.9621999859809875, 0.9480000138282776, 0.9776999950408936, 0.9617999792098999, 0.9707000255584717, 0.9563999772071838, 0.961899995803833, 0.9797999858856201, 0.983299970626831]",0.8958,0.26724732,28357.0,14.555481,6.446554,97.79188
