C2ST,C2ST_Z,MMD,MMD_Z,KSD_GAUSS,MEDDIST,C2ST_1K,C2ST_1K_Z,MMD_1K,MMD_1K_Z,KSD_GAUSS_1K,MEDDIST_1K,NLTP,RT
0.9382,0.96105,0.34090573,0.37379813,140535180.0,17.512764,0.8535,0.9575,0.36324197,0.3992288,15422264.0,17.787588,-13.034484,3185.2065
