acceptance rate,gt in support,iw var,C2ST,MMD,MEDDIST,NLTP,RT
"[1.0, -0.7432020902633667, -0.6103732585906982, -0.7876601815223694, -0.8060410618782043, -0.9755964279174805, -0.9536349177360535, -0.8924084901809692, -0.9272600412368774, -0.9174140691757202]","[1.0, 0.9988999962806702, 0.9998999834060669, 0.9998999834060669, 0.9998999834060669, 0.9995999932289124, 0.9998000264167786, 0.9998000264167786, 0.9998000264167786, 0.9998000264167786]","[0.0, 1.708490593443912e-08, 1.80291408469202e-08, 1.614532862959095e-08, 1.5541512965455695e-08, 1.6218052678595996e-08, 1.823472040030083e-08, 1.6036086236681513e-08, 1.4738836817684842e-08, 2.016566114093621e-08]",0.8066,0.012375951,24.100647,-0.05485034,32438.123
