acceptance rate,gt in support,C2ST,MMD,MEDDIST,NLTP,RT
"[1.0, 1.0, 1.0, 1.0, 1.0, 1.0, 1.0, 1.0, 1.0, 1.0]","[1.0, 1.0, 1.0, 1.0, 0.9997000098228455, 1.0, 1.0, 1.0, 0.9998999834060669, 0.9994000196456909]",0.70355,0.011340618,0.096128985,-4.2132335,167.35251
