acceptance rate,gt in support,iw var,C2ST,MMD,MEDDIST,NLTP,RT
"[1.0, -1.2174851894378662, -1.230992078781128, -1.2480796575546265, -1.175426721572876, -1.2341245412826538, -1.238072156906128, -1.3332693576812744, -1.2517688274383545, -1.3671211004257202]","[1.0, 1.0, 0.9994999766349792, 0.9990000128746033, 1.0, 1.0, 1.0, 0.9998999834060669, 1.0, 1.0]","[0.0, 1.8740477614187512e-08, 1.6115869527766336e-08, 1.694415807662608e-08, 1.6280539583135578e-08, 1.691342177423394e-08, 1.8351022035290043e-08, 1.6239313893606777e-08, 1.6517752499112248e-08, 1.6342751152365054e-08]",0.5427,0.0027331114,0.090656415,-3.3005235,443.8533
