acceptance rate,gt in support,C2ST,MMD,MEDDIST,NLTP,RT
"[1.0, -0.0016752793453633785, -0.0014355465536937118, -0.0020896419882774353, -0.006894598715007305, -0.008264604024589062, -0.01434903871268034, -0.01750263012945652, -0.014685834757983685, -0.014932969585061073]","[1.0, 0.9994000196456909, 0.9994000196456909, 0.9994000196456909, 0.9994000196456909, 0.9994000196456909, 0.9993000030517578, 0.9987999796867371, 0.9991000294685364, 0.9993000030517578]",0.6912,0.025912762,1.548022,4.4306135,7468.4497
