C2ST,C2ST_Z,MMD,MMD_Z,KSD_GAUSS,MEDDIST,C2ST_1K,C2ST_1K_Z,MMD_1K,MMD_1K_Z,KSD_GAUSS_1K,MEDDIST_1K,NLTP,RT
0.5002,0.61755,0.021858633,0.0264467,1285002.8,20.904545,0.4925,0.6075,0.022979915,0.027252316,251437.58,21.047552,-6.925834,124.094345
