acceptance rate,gt in support,C2ST,MMD,KSD_GAUSS,MEDDIST,NLTP,RT
"[1.0, -0.48841744661331177, -0.9984826445579529, -1.4490550756454468, -1.7591925859451294, -1.9228051900863647, -2.3803699016571045, -2.28912353515625, -2.3349857330322266, -2.3555917739868164]","[1.0, 0.9998000264167786, 0.9991000294685364, 0.9979000091552734, 0.9997000098228455, 1.0, 1.0, 0.9995999932289124, 0.9994000196456909, 0.9998000264167786]",0.99675,0.7383472,824242700.0,37.636543,-6.6348233,599.08673
