C2ST,C2ST_Z,MMD,MMD_Z,KSD_GAUSS,MEDDIST,C2ST_1K,C2ST_1K_Z,MMD_1K,MMD_1K_Z,KSD_GAUSS_1K,MEDDIST_1K,NLTP,RT
0.868,0.8675,0.04012716,0.18857747,330600740000.0,25.254452,0.8305,0.8375,0.041532755,0.18672866,433583260.0,25.071941,1.781561,255.24554
