acceptance rate,gt in support,C2ST,MMD,KSD_GAUSS,MEDDIST,NLTP,RT
"[1.0, -0.005287032574415207, -0.0054629165679216385, -0.0613052062690258, -0.10468798875808716, -0.24492590129375458, -0.26205238699913025, -0.8295705914497375, -0.7426014542579651, -0.9665360450744629]","[1.0, 1.0, 1.0, 1.0, 1.0, 1.0, 1.0, 1.0, 1.0, 1.0]",0.4927,0.03591311,697136.4,18.627935,-6.555182,362.7678
