acceptance rate,gt in support,iw var,C2ST,MMD,MEDDIST,NLTP,RT
"[1.0, -0.08557750284671783, -0.1658337414264679, -0.5222639441490173, -0.6180189847946167, -1.4816983938217163, -1.3645581007003784, -1.4996262788772583, -1.8783451318740845, -1.8210231065750122]","[1.0, 1.0, 1.0, 1.0, 1.0, 1.0, 1.0, 1.0, 1.0, 1.0]","[0.0, 1.2860277946724619e-11, 2.7780298894608535e-11, 7.375000610210236e-11, 1.3097621598401332e-10, 5.311449197131779e-11, 1.071512462091917e-10, 6.172283517624777e-11, 3.885875302089836e-11, 4.778144893635705e-11]",0.8989,0.3626175,24.291122,-12.348877,4817.429
