acceptance rate,gt in support,C2ST,MMD,MEDDIST,NLTP,RT
"[1.0, -0.4538688063621521, -0.5814501643180847, -0.5481752157211304, -0.5684351921081543, -0.6389146447181702, -0.6712128520011902, -0.707817792892456, -0.6747307181358337, -0.7279261946678162]","[1.0, 0.9948999881744385, 0.9911999702453613, 0.9976999759674072, 0.9977999925613403, 0.9980999827384949, 0.9998000264167786, 0.9997000098228455, 0.9998999834060669, 0.9994000196456909]",0.6808,0.004424572,23.400028,4.7217884,13494.812
