acceptance rate,gt in support,C2ST,MMD,KSD_GAUSS,MEDDIST,NLTP,RT
"[1.0, -0.012646635062992573, -0.013093986548483372, -0.20228248834609985, -0.20024605095386505, -0.3686577081680298, -0.31713318824768066, -0.4835968613624573, -0.5036585927009583, -1.0723302364349365]","[1.0, 1.0, 1.0, 1.0, 1.0, 1.0, 1.0, 1.0, 1.0, 1.0]",0.98105,0.51965684,1226643500.0,86.04134,-11.134946,135.20694
