C2ST,C2ST_Z,MMD,MMD_Z,KSD_GAUSS,MEDDIST,C2ST_1K,C2ST_1K_Z,MMD_1K,MMD_1K_Z,KSD_GAUSS_1K,MEDDIST_1K,NLTP,RT
0.5406,0.54305,0.0027502775,0.0027507544,10879.227,1.43276,0.545,0.5525,0.004383564,0.004467964,1786.5967,1.4575721,3.402917,138.74504
