C2ST,C2ST_Z,MMD,MMD_Z,KSD_GAUSS,MEDDIST,C2ST_1K,C2ST_1K_Z,MMD_1K,MMD_1K_Z,KSD_GAUSS_1K,MEDDIST_1K,NLTP,RT
0.9877,0.98825,0.2124185,0.5448358,30854533000000.0,7.179097,0.9745,0.98,0.21069759,0.5494802,2789463000000.0,7.011019,7.096268,352.4069
