acceptance rate,gt in support,C2ST,MMD,MEDDIST,NLTP,RT
"[1.0, -1.1108707189559937, -1.206332802772522, -1.4312769174575806, -1.4323855638504028, -1.4675428867340088, -1.4764703512191772, -1.4973595142364502, -1.5166504383087158, -1.5097860097885132]","[1.0, 1.0, 1.0, 0.9994000196456909, 0.9998999834060669, 1.0, 1.0, 0.9998999834060669, 0.9998999834060669, 0.9998999834060669]",0.5508,0.0061712265,0.08921774,-3.4751732,2749.4973
