acceptance rate,gt in support,C2ST,MMD,KSD_GAUSS,MEDDIST,NLTP,RT
"[1.0, -0.4536629915237427, -0.6395959854125977, -0.7857239842414856, -0.8554258346557617, -0.9794315695762634, -1.0072457790374756, -1.1134690046310425, -1.1134659051895142, -1.0356974601745605]","[1.0, 1.0, 1.0, 1.0, 1.0, 1.0, 1.0, 1.0, 1.0, 1.0]",0.56825,0.0048960447,inf,0.09603354,-4.1749096,1840.2925
