acceptance rate,gt in support,C2ST,MMD,MEDDIST,NLTP,RT
"[1.0, -0.014371487312018871, -0.03018818236887455, -0.0288865827023983, -0.34553468227386475, -0.329135924577713, -0.6555291414260864, -0.848821759223938, -0.8491284847259521, -0.8539107441902161]","[1.0, 1.0, 1.0, 1.0, 1.0, 1.0, 1.0, 1.0, 1.0, 1.0]",0.9943,0.55316174,46.693478,-7.2637315,2999.9763
