acceptance rate,gt in support,iw var,C2ST,MMD,MEDDIST,NLTP,RT
"[1.0, -2.113509178161621, -1.9507819414138794, -2.193819999694824, -2.263603448867798, -2.6903698444366455, -2.6575772762298584, -2.7695510387420654, -2.7212464809417725, -2.778151273727417]","[1.0, 1.0, 1.0, 1.0, 1.0, 1.0, 1.0, 1.0, 1.0, 1.0]","[0.0, 397.1611328125, 390.9538269042969, 382.5206298828125, 385.96600341796875, 386.0718994140625, 394.7073059082031, 377.2654724121094, 388.8895263671875, 396.5073547363281]",0.8958,0.4823831,206.00009,-15.123388,22162.887
