C2ST,C2ST_Z,MMD,MMD_Z,KSD_GAUSS,MEDDIST,C2ST_1K,C2ST_1K_Z,MMD_1K,MMD_1K_Z,KSD_GAUSS_1K,MEDDIST_1K,NLTP,RT
0.62355,0.64075,0.06461072,0.061479807,1444340.6,26.981476,0.51,0.643,0.07811785,0.07454741,328411.44,26.711407,-7.6358924,229.71721
