acceptance rate,gt in support,C2ST,MMD,MEDDIST,NLTP,RT
"[1.0, -0.10405286401510239, -0.10468798875808716, -0.6885852813720703, -0.7376675605773926, -0.7888413071632385, -0.7525996565818787, -0.7053133845329285, -0.7221998572349548, -0.834882915019989]","[1.0, 0.9969000220298767, 0.9965999722480774, 0.9280999898910522, 0.9610000252723694, 0.9941999912261963, 0.9984999895095825, 0.9983999729156494, 0.9979000091552734, 0.9980999827384949]",0.8764,0.043057084,23.347486,4.3167715,360.47223
