acceptance rate,gt in support,C2ST,MMD,MEDDIST,NLTP,RT
"[1.0, -1.0591516494750977, -1.0506099462509155, -1.2186670303344727, -1.3065242767333984, -1.3441519737243652, -1.349396824836731, -1.3869620561599731, -1.4594547748565674, -1.4125049114227295]","[1.0, 1.0, 1.0, 1.0, 1.0, 0.9998999834060669, 0.9998999834060669, 0.9997000098228455, 0.9995999932289124, 0.9995999932289124]",0.57805,0.022666454,20.92845,-3.8465583,3617.7275
