acceptance rate,gt in support,C2ST,MMD,MEDDIST,NLTP,RT
"[1.0, -0.05026855692267418, -0.051978468894958496, -0.2177782654762268, -0.2204035073518753, -0.23953983187675476, -0.2637230455875397, -0.283329039812088, -0.30050918459892273, -0.45173346996307373]","[1.0, 0.9868000149726868, 0.9902999997138977, 0.9879000186920166, 0.9904000163078308, 0.9904000163078308, 0.9905999898910522, 0.9902999997138977, 0.9914000034332275, 0.9883000254631042]",0.57345,0.0061130524,1.5112453,-1.9383049,298.88287
