acceptance rate,gt in support,C2ST,MMD,MEDDIST,NLTP,RT
"[1.0, -0.04467311501502991, -0.053547732532024384, -0.20325228571891785, -1.4619204998016357, -1.173882007598877, -1.1345576047897339, -1.5821239948272705, -1.5164343118667603, -1.5653016567230225]","[1.0, 1.0, 1.0, 1.0, 1.0, 1.0, 1.0, 1.0, 1.0, 1.0]",0.9808,0.5296424,43.248337,-12.937259,215.95596
