acceptance rate,gt in support,C2ST,MMD,MEDDIST,NLTP,RT
"[1.0, 1.0, 1.0, 1.0, 1.0, 1.0, 1.0, 1.0, 1.0, 1.0]","[1.0, 1.0, 0.9998999834060669, 1.0, 1.0, 1.0, 0.9998999834060669, 0.9998000264167786, 0.9998999834060669, 0.9998999834060669]",0.5021,0.00037121773,1.3210719,-0.81948185,9522.345
