C2ST,C2ST_Z,MMD,MMD_Z,KSD_GAUSS,MEDDIST,C2ST_1K,C2ST_1K_Z,MMD_1K,MMD_1K_Z,KSD_GAUSS_1K,MEDDIST_1K,NLTP,RT
0.50065,0.57475,0.011357069,0.011545658,1619898.1,23.853722,0.483,0.5595,0.0066827536,0.0067892075,321495.6,24.052025,-8.912959,220.87189
