acceptance rate,gt in support,C2ST,MMD,MEDDIST,NLTP,RT
"[1.0, -0.04416799545288086, -0.27445587515830994, -0.5610623359680176, -0.5740584135055542, -0.6485515832901001, -0.8222986459732056, -0.8723688721656799, -0.857375979423523, -0.8952995538711548]","[1.0, 1.0, 1.0, 1.0, 1.0, 1.0, 1.0, 1.0, 1.0, 1.0]",0.63385,0.000395298,0.08921693,-3.3702092,2998.9985
