acceptance rate,gt in support,C2ST,MMD,KSD_GAUSS,MEDDIST,NLTP,RT
"[1.0, -0.8668204545974731, -0.967985987663269, -0.9964963793754578, -0.9733850359916687, -0.9498781561851501, -1.0225257873535156, -0.9923375844955444, -1.0215704441070557, -1.0165377855300903]","[1.0, 1.0, 1.0, 0.9998000264167786, 1.0, 1.0, 1.0, 1.0, 1.0, 1.0]",0.50205,0.0009471178,inf,0.08706483,-4.402856,314.61426
