C2ST,C2ST_Z,MMD,MMD_Z,KSD_GAUSS,MEDDIST,C2ST_1K,C2ST_1K_Z,MMD_1K,MMD_1K_Z,KSD_GAUSS_1K,MEDDIST_1K,NLTP,RT
0.5445,0.54715,0.0066343546,0.0066343546,inf,0.091937155,0.556,0.556,0.010149002,0.010149002,inf,0.087488726,-4.2795067,1687.9066
