C2ST,C2ST_Z,MMD,MMD_Z,KSD_GAUSS,MEDDIST,C2ST_1K,C2ST_1K_Z,MMD_1K,MMD_1K_Z,KSD_GAUSS_1K,MEDDIST_1K,NLTP,RT
0.9085,0.90275,0.09587133,0.3588425,396893.7,23.689808,0.887,0.8845,0.09741044,0.35025537,42009.324,23.423454,6.344285,2196.363
