acceptance rate,gt in support,C2ST,MMD,KSD_GAUSS,MEDDIST,NLTP,RT
"[1.0, -0.0048256851732730865, -0.0039920988492667675, -0.12589526176452637, -0.22570207715034485, -0.2521611154079437, -0.3829996585845947, -0.4364793598651886, -0.45808809995651245, -0.4404923617839813]","[1.0, 1.0, 1.0, 1.0, 1.0, 1.0, 1.0, 1.0, 1.0, 1.0]",0.57215,0.032311916,2760280.2,24.083189,-9.333116,162.34048
