C2ST,C2ST_Z,MMD,MMD_Z,KSD_GAUSS,MEDDIST,C2ST_1K,C2ST_1K_Z,MMD_1K,MMD_1K_Z,KSD_GAUSS_1K,MEDDIST_1K,NLTP,RT
0.5688,0.5792,0.021925807,0.022423387,2134545.2,21.886068,0.492,0.573,0.021495342,0.02160871,255269.84,21.307276,-8.792859,228.69981
