acceptance rate,gt in support,C2ST,MMD,KSD_GAUSS,MEDDIST,NLTP,RT
"[1.0, -0.7527225017547607, -0.8122376203536987, -0.998958945274353, -1.0664705038070679, -1.1005582809448242, -1.161360740661621, -1.2608442306518555, -1.382161259651184, -1.4432668685913086]","[1.0, 1.0, 1.0, 1.0, 1.0, 0.9998999834060669, 0.9998999834060669, 1.0, 1.0, 1.0]",0.53695,0.009666324,inf,0.08735242,-4.011706,1893.4297
