acceptance rate,gt in support,iw var,C2ST,MMD,MEDDIST,NLTP,RT
"[1.0, -0.8592170476913452, -0.9623345136642456, -1.4184843301773071, -1.2036858797073364, -1.17844557762146, -1.6957249641418457, -1.2786667346954346, -1.570290207862854, -1.4364341497421265]","[1.0, 1.0, 1.0, 1.0, 1.0, 1.0, 1.0, 1.0, 1.0, 1.0]","[0.0, 2.648531047255709e-11, 2.7590010137634735e-11, 3.7066898161963735e-11, 3.7248162887415504e-11, 3.6015253279675363e-11, 7.515028876969865e-11, 1.0186464866057676e-10, 9.522745786361142e-11, 1.0351940138431104e-10]",0.498,6.604195e-05,27.440845,-9.143672,4078.3345
