C2ST,C2ST_Z,MMD,MMD_Z,KSD_GAUSS,MEDDIST,C2ST_1K,C2ST_1K_Z,MMD_1K,MMD_1K_Z,KSD_GAUSS_1K,MEDDIST_1K,NLTP,RT
0.5443,0.5889,0.014692426,0.014688134,500763.25,16.911535,0.4995,0.579,0.012191176,0.012721896,69567.09,17.535671,-5.0659566,267.3738
