acceptance rate,gt in support,C2ST,MMD,KSD_GAUSS,MEDDIST,NLTP,RT
"[1.0, -1.4881597757339478, -1.6392602920532227, -1.6185411214828491, -1.63100004196167, -1.5857124328613281, -1.578742504119873, -1.6127837896347046, -1.5782662630081177, -1.572718858718872]","[1.0, 0.9948999881744385, 0.9954000115394592, 0.9959999918937683, 0.995199978351593, 0.9955000281333923, 0.9954000115394592, 0.9962000250816345, 0.996999979019165, 0.9972000122070312]",0.55655,0.0067121983,94368.85,10.007553,2.4550781,2205.17
