acceptance rate,gt in support,C2ST,MMD,MEDDIST,NLTP,RT
"[1.0, 1.0, 1.0, 1.0, 1.0, 1.0, 1.0, 1.0, 1.0, 1.0]","[1.0, 0.9995999932289124, 0.9997000098228455, 0.9993000030517578, 0.9998999834060669, 0.9998000264167786, 0.9998000264167786, 0.9998999834060669, 1.0, 1.0]",0.75735,0.041918576,14.0269165,6.224493,258.4896
