C2ST,C2ST_Z,MMD,MMD_Z,KSD_GAUSS,MEDDIST,C2ST_1K,C2ST_1K_Z,MMD_1K,MMD_1K_Z,KSD_GAUSS_1K,MEDDIST_1K,NLTP,RT
0.55135,0.544,0.0032862425,0.0032697916,12375.572,1.4465349,0.5325,0.521,0.0036336184,0.0036492348,1653.9524,1.4505463,4.6087093,148.12636
