acceptance rate,gt in support,iw var,C2ST,MMD,MEDDIST,NLTP,RT
"[1.0, -0.20746825635433197, -0.5517188906669617, -0.5829852819442749, -0.8799610137939453, -0.8775793313980103, -1.1632118225097656, -1.1775459051132202, -1.3072370290756226, -1.4734022617340088]","[1.0, 1.0, 1.0, 1.0, 1.0, 1.0, 1.0, 1.0, 1.0, 1.0]","[0.0, 3.826035321896626e-11, 1.4963627559261283e-10, 1.3018648659102183e-10, 2.021989520262224e-10, 2.288940842420928e-10, 1.1685724610188686e-10, 4.4751571892653885e-10, 1.510095520851351e-10, 2.9923188926694877e-10]",0.8352,0.30170715,16.36402,-16.175817,4531.028
