acceptance rate,gt in support,iw var,C2ST,MMD,MEDDIST,NLTP,RT
"[1.0, -0.00861886516213417, -0.011574835516512394, -0.01732182875275612, -0.03611777722835541, -0.046409424394369125, -0.07373476773500443, -0.0865570455789566, -0.10971875488758087, -0.1305336207151413]","[1.0, 1.0, 1.0, 1.0, 1.0, 1.0, 1.0, 1.0, 1.0, 1.0]","[0.0, 1.4717617347059786e-08, 1.9634178727301332e-08, 1.6441262573607673e-08, 1.812910177534377e-08, 1.6223440368889896e-08, 1.570081487045627e-08, 1.5518242690859552e-08, 1.602637489384051e-08, 1.559842033316272e-08]",0.66805,0.087881684,23.388031,-7.1465235,464.5449
