acceptance rate,gt in support,C2ST,MMD,KSD_GAUSS,MEDDIST,NLTP,RT
"[1.0, -0.8044165968894958, -0.7067111134529114, -0.8016964793205261, -0.7752511501312256, -0.8506653904914856, -0.7309932112693787, -0.7301758527755737, -0.7995403409004211, -0.8146602511405945]","[1.0, 1.0, 1.0, 1.0, 1.0, 1.0, 1.0, 1.0, 1.0, 1.0]",0.60575,0.047965884,2226908.0,27.604347,-8.333936,323.23813
