C2ST,C2ST_Z,MMD,MMD_Z,KSD_GAUSS,MEDDIST,C2ST_1K,C2ST_1K_Z,MMD_1K,MMD_1K_Z,KSD_GAUSS_1K,MEDDIST_1K,NLTP,RT
0.50055,0.5648,0.004249811,0.004507661,1489078.2,28.687977,0.484,0.5475,0.0029648542,0.003303051,276044.28,28.565714,-8.749503,237.55092
