acceptance rate,gt in support,C2ST,MMD,KSD_GAUSS,MEDDIST,NLTP,RT
"[1.0, -1.1829720735549927, -1.168300747871399, -1.2369465827941895, -1.2407519817352295, -1.2227437496185303, -1.2188361883163452, -1.2238973379135132, -1.2244538068771362, -1.2218912839889526]","[1.0, 1.0, 1.0, 1.0, 1.0, 1.0, 1.0, 1.0, 1.0, 1.0]",0.5501,0.012884617,109195.59,11.973215,5.411086,1557.117
