acceptance rate,gt in support,C2ST,MMD,MEDDIST,NLTP,RT
"[1.0, -0.005396942142397165, -0.025350188836455345, -0.025120040401816368, -0.025304144248366356, -0.038080841302871704, -0.036968130618333817, -0.055887628346681595, -0.07035122811794281, -0.0831514224410057]","[1.0, 0.9970999956130981, 0.9890000224113464, 0.9889000058174133, 0.9901000261306763, 0.9926999807357788, 0.9940999746322632, 0.9969000220298767, 0.996399998664856, 0.9962999820709229]",0.6882,0.024187446,1.4839745,0.30109024,167.04108
