acceptance rate,gt in support,C2ST,MMD,KSD_GAUSS,MEDDIST,NLTP,RT
"[1.0, -0.5735294222831726, -0.6065301299095154, -0.6282673478126526, -0.9206981658935547, -1.010145902633667, -1.1265133619308472, -1.1772191524505615, -1.2384061813354492, -1.237321376800537]","[1.0, 1.0, 1.0, 1.0, 1.0, 1.0, 1.0, 1.0, 1.0, 1.0]",0.689,0.0022798777,inf,0.092835575,-1.5090345,165.46892
