acceptance rate,gt in support,C2ST,MMD,MEDDIST,NLTP,RT
"[1.0, -0.5667102932929993, -0.7341213226318359, -0.8043375611305237, -1.4147064685821533, -1.580383062362671, -1.809754490852356, -2.359605073928833, -2.4115328788757324, -2.6409099102020264]","[1.0, 1.0, 1.0, 1.0, 1.0, 1.0, 1.0, 1.0, 1.0, 1.0]",0.69325,0.113750875,21.664116,-13.997293,6322.494
