acceptance rate,gt in support,iw var,C2ST,MMD,MEDDIST,NLTP,RT
"[1.0, -0.49959200620651245, -0.4897231459617615, -0.636049747467041, -0.6739100217819214, -0.7897961735725403, -0.7920964360237122, -0.9076693058013916, -1.0449941158294678, -1.1795521974563599]","[1.0, 1.0, 1.0, 1.0, 1.0, 1.0, 1.0, 1.0, 1.0, 1.0]","[0.0, 1.7906449656379664e-08, 1.7595166212913682e-08, 1.7508112293285194e-08, 1.9034393616834677e-08, 1.6561834570438805e-08, 1.7547348463153867e-08, 1.6140655034746487e-08, 1.5698050859214163e-08, 1.5404383546524514e-08]",0.77535,0.11721718,17.657196,0.84465694,1162.6056
