C2ST,C2ST_Z,MMD,MMD_Z,KSD_GAUSS,MEDDIST,C2ST_1K,C2ST_1K_Z,MMD_1K,MMD_1K_Z,KSD_GAUSS_1K,MEDDIST_1K,NLTP,RT
0.91595,0.90535,0.07792008,0.30238217,6436349400.0,19.713947,0.8815,0.8765,0.07934117,0.30791557,12570.18,19.5916,5.8349214,679.7806
