acceptance rate,gt in support,C2ST,MMD,KSD_GAUSS,MEDDIST,NLTP,RT
"[1.0, -0.11673614382743835, -0.12119106203317642, -0.43703341484069824, -0.5062283873558044, -0.5138884782791138, -0.5955083966255188, -0.6655060648918152, -0.7006379961967468, -0.7962679862976074]","[1.0, 1.0, 1.0, 1.0, 1.0, 1.0, 0.9998999834060669, 1.0, 0.9998000264167786, 1.0]",0.60525,0.016952276,,0.09096765,-3.3287435,279.18005
