C2ST,C2ST_Z,MMD,MMD_Z,KSD_GAUSS,MEDDIST,C2ST_1K,C2ST_1K_Z,MMD_1K,MMD_1K_Z,KSD_GAUSS_1K,MEDDIST_1K,NLTP,RT
0.97555,0.97765,0.19243884,0.46264082,152783680000000.0,20.467495,0.9615,0.9535,0.19437432,0.46170303,20351944000000.0,20.236214,13.044536,63.67522
