C2ST,C2ST_Z,MMD,MMD_Z,KSD_GAUSS,MEDDIST,C2ST_1K,C2ST_1K_Z,MMD_1K,MMD_1K_Z,KSD_GAUSS_1K,MEDDIST_1K,NLTP,RT
0.50155,0.5492,0.0029952526,0.0029649734,679687.94,24.979992,0.483,0.547,0.003792286,0.0036334991,280716.22,25.03996,-9.414882,232.20085
