acceptance rate,gt in support,iw var,C2ST,MMD,MEDDIST,NLTP,RT
"[1.0, -0.4871489107608795, -0.4222401976585388, -0.5723516345024109, -0.631229817867279, -0.6683703064918518, -0.7073010206222534, -0.813730001449585, -0.8453097939491272, -0.7609091401100159]","[1.0, 1.0, 1.0, 1.0, 1.0, 1.0, 1.0, 1.0, 1.0, 1.0]","[0.0, 1.6679864600632754e-08, 1.6850313144800566e-08, 1.705866736756434e-08, 1.521800463422096e-08, 1.6975544525621444e-08, 1.657266324173179e-08, 1.8243561328290525e-08, 1.700476381927274e-08, 2.0148556600929624e-08]",0.53445,0.000108003616,0.08972031,-4.3025937,494.78613
