acceptance rate,gt in support,C2ST,MMD,KSD_GAUSS,MEDDIST,NLTP,RT
"[1.0, -0.015990564599633217, -0.10971875488758087, -0.11410190910100937, -0.1357560008764267, -0.17124347388744354, -0.176819309592247, -0.1946011185646057, -0.206314355134964, -0.21172554790973663]","[1.0, 0.9905999898910522, 0.9883000254631042, 0.9883999824523926, 0.9887999892234802, 0.9864000082015991, 0.987500011920929, 0.9912999868392944, 0.989300012588501, 0.9891999959945679]",0.64845,0.013878703,58189.586,1.6013526,2.3131638,126.34379
