acceptance rate,gt in support,C2ST,MMD,MEDDIST,NLTP,RT
"[1.0, -0.010861796326935291, -0.023466631770133972, -0.023008473217487335, -0.020474392920732498, -0.014057368040084839, -0.01572028174996376, -0.015180272050201893, -0.014304145239293575, -0.014977928251028061]","[1.0, 0.9933000206947327, 0.9541000127792358, 0.961899995803833, 0.9631999731063843, 0.9872999787330627, 0.9947999715805054, 0.9965999722480774, 0.9937000274658203, 0.9966999888420105]",0.98735,0.17909288,17.203514,11.851698,4102.843
