C2ST,C2ST_Z,MMD,MMD_Z,KSD_GAUSS,MEDDIST,C2ST_1K,C2ST_1K_Z,MMD_1K,MMD_1K_Z,KSD_GAUSS_1K,MEDDIST_1K,NLTP,RT
0.54685,0.5401,0.0019581318,0.001956582,7304.0737,1.4325435,0.552,0.5575,0.0016101599,0.0016419888,675.4741,1.4226723,2.0884829,108.963165
