acceptance rate,gt in support,C2ST,MMD,MEDDIST,NLTP,RT
"[1.0, -0.9628524780273438, -0.9580549597740173, -0.9163381457328796, -2.158188819885254, -2.3000755310058594, -2.7831451892852783, -3.0256285667419434, -3.162048578262329, -3.265587329864502]","[1.0, 0.9998000264167786, 1.0, 1.0, 1.0, 1.0, 1.0, 1.0, 1.0, 1.0]",0.67445,0.016676486,12.789425,-16.17107,11291.215
