acceptance rate,gt in support,C2ST,MMD,MEDDIST,NLTP,RT
"[1.0, 1.0, 1.0, 1.0, 1.0, 1.0, 1.0, 1.0, 1.0, 1.0]","[1.0, 1.0, 1.0, 0.9675999879837036, 1.0, 1.0, 1.0, 1.0, 0.9998000264167786, 1.0]",0.95675,0.5211974,301.06854,-12.911668,186.64279
