C2ST,C2ST_Z,MMD,MMD_Z,KSD_GAUSS,MEDDIST,C2ST_1K,C2ST_1K_Z,MMD_1K,MMD_1K_Z,KSD_GAUSS_1K,MEDDIST_1K,NLTP,RT
0.5166,0.5133,0.0016245842,0.0016241074,6259.652,1.4215248,0.522,0.4895,0.001554966,0.0016444921,803.9843,1.4055438,2.9690638,943.4636
