acceptance rate,gt in support,C2ST,MMD,MEDDIST,NLTP,RT
"[1.0, -0.08481129258871078, -0.07466214150190353, -0.12511248886585236, -0.12170806527137756, -0.20736321806907654, -0.23705899715423584, -0.258257657289505, -0.26909664273262024, -0.25465190410614014]","[1.0, 0.9158999919891357, 0.9355999827384949, 0.9323999881744385, 0.9383000135421753, 0.8704000115394592, 0.8555999994277954, 0.8295000195503235, 0.8363000154495239, 0.855400025844574]",0.9679,0.13595986,23.129913,12.494346,141.05693
