acceptance rate,gt in support,C2ST,MMD,MEDDIST,NLTP,RT
"[1.0, -0.26784759759902954, -0.47642695903778076, -1.0722447633743286, -1.3729757070541382, -1.4765137434005737, -1.9649792909622192, -2.1295528411865234, -2.16054368019104, -2.308112859725952]","[1.0, 1.0, 1.0, 1.0, 1.0, 1.0, 1.0, 1.0, 1.0, 1.0]",0.90115,0.4003223,25.05376,-12.319414,744.8789
