acceptance rate,gt in support,C2ST,MMD,MEDDIST,NLTP,RT
"[1.0, -0.010061006993055344, -0.009927663020789623, -0.009217320010066032, -0.01188716385513544, -0.09764352440834045, -0.1180165484547615, -0.10682101547718048, -0.11881513893604279, -0.1272902935743332]","[1.0, 0.9688000082969666, 0.9710999727249146, 0.9797999858856201, 0.9758999943733215, 0.96670001745224, 0.9599000215530396, 0.9616000056266785, 0.9682999849319458, 0.9682000279426575]",0.75905,0.040617943,1.6193707,4.3955526,171.18097
