acceptance rate,gt in support,C2ST,MMD,KSD_GAUSS,MEDDIST,NLTP,RT
"[1.0, -0.020861545577645302, -0.018453216180205345, -0.061080195009708405, -0.27625709772109985, -0.3041682243347168, -0.36001574993133545, -0.662940263748169, -0.6515004634857178, -0.8881916403770447]","[1.0, 1.0, 1.0, 1.0, 1.0, 1.0, 1.0, 1.0, 1.0, 1.0]",0.5782,0.032397747,599854.1,24.939928,-6.2490177,98.713135
