acceptance rate,gt in support,C2ST,MMD,KSD_GAUSS,MEDDIST,NLTP,RT
"[1.0, -0.09949631989002228, -0.1260984241962433, -0.15329185128211975, -0.1801929473876953, -0.2053029090166092, -0.17005330324172974, -0.1817741096019745, -0.18508681654930115, -0.21243326365947723]","[1.0, 0.9994999766349792, 0.9994999766349792, 0.9994000196456909, 0.9994999766349792, 0.9994999766349792, 0.9994999766349792, 0.9994999766349792, 0.9994999766349792, 0.9998999834060669]",0.5222,0.003271222,14042.485,1.5413924,-2.925746,924.866
