acceptance rate,gt in support,C2ST,MMD,KSD_GAUSS,MEDDIST,NLTP,RT
"[1.0, -0.0007171931210905313, -0.0008477121591567993, -0.0026791610289365053, -0.004123605787754059, -0.003050764324143529, -0.0022424045018851757, -0.014730767346918583, -0.023283304646611214, -0.01926964521408081]","[1.0, 0.9959999918937683, 0.9966999888420105, 0.9983999729156494, 0.9983999729156494, 0.9983000159263611, 0.9991000294685364, 0.9977999925613403, 0.9970999956130981, 0.9976999759674072]",0.8092,0.07121611,271347.34,1.7440057,0.16488075,69.31646
