acceptance rate,gt in support,C2ST,MMD,MEDDIST,NLTP,RT
"[1.0, -1.3845129013061523, -1.6110501289367676, -1.5314788818359375, -2.0177719593048096, -1.8952018022537231, -2.0115363597869873, -2.502166509628296, -2.2424304485321045, -2.2141494750976562]","[1.0, 1.0, 1.0, 1.0, 1.0, 1.0, 1.0, 1.0, 1.0, 1.0]",0.8466,0.22112173,161.1984,-15.454409,4211.588
