acceptance rate,gt in support,C2ST,MMD,KSD_GAUSS,MEDDIST,NLTP,RT
"[1.0, -0.02544226683676243, -0.026295026764273643, -0.025649545714259148, -0.2888679504394531, -0.3201483190059662, -0.5500975251197815, -1.1562690734863281, -1.2755085229873657, -1.4704841375350952]","[1.0, 0.9988999962806702, 0.9998000264167786, 0.9998999834060669, 1.0, 1.0, 1.0, 1.0, 1.0, 1.0]",0.9906,0.54016256,892816400.0,21.918627,-9.260195,126.78386
