acceptance rate,gt in support,C2ST,MMD,KSD_GAUSS,MEDDIST,NLTP,RT
"[1.0, -0.0016316770343109965, -0.0022860681638121605, -0.07275800406932831, -0.3180355429649353, -0.33526402711868286, -0.5173050165176392, -0.5182707905769348, -0.4996263086795807, -0.6199697852134705]","[1.0, 1.0, 1.0, 1.0, 0.9998999834060669, 0.9998999834060669, 0.9998000264167786, 0.9997000098228455, 0.9997000098228455, 0.9994999766349792]",0.8897,0.11761743,1107947200000.0,3.787332,2.3971066,408.63968
