C2ST,C2ST_Z,MMD,MMD_Z,KSD_GAUSS,MEDDIST,C2ST_1K,C2ST_1K_Z,MMD_1K,MMD_1K_Z,KSD_GAUSS_1K,MEDDIST_1K,NLTP,RT
0.52445,0.52595,0.0023961067,0.0023956299,inf,0.08997002,0.5315,0.536,0.0030380487,0.0030400753,inf,0.08682641,-4.0098867,1321.1527
