acceptance rate,gt in support,C2ST,MMD,MEDDIST,NLTP,RT
"[1.0, -1.3220021724700928, -1.401167392730713, -1.7317625284194946, -1.7963110208511353, -1.7600966691970825, -2.0632002353668213, -2.059180498123169, -2.0711443424224854, -2.0686800479888916]","[1.0, 0.8475000262260437, 0.9422000050544739, 0.9327999949455261, 0.942799985408783, 0.9506999850273132, 0.9453999996185303, 0.9465000033378601, 0.944100022315979, 0.9452999830245972]",0.74045,0.18569636,10.730034,3.553236,643.2297
