acceptance rate,gt in support,iw var,C2ST,MMD,MEDDIST,NLTP,RT
"[1.0, -0.010416709817945957, -0.017547855153679848, -0.04534751921892166, -0.12464932352304459, -0.1459977626800537, -0.2749055027961731, -0.4265095293521881, -0.5080083608627319, -0.584650993347168]","[1.0, 1.0, 1.0, 1.0, 1.0, 1.0, 1.0, 1.0, 1.0, 1.0]","[0.0, 1.742948541050282e-08, 1.782812120154631e-08, 1.76570775778373e-08, 1.7330718193875327e-08, 1.5445463574792484e-08, 1.607788746582628e-08, 1.5949998655173658e-08, 1.9487449876010032e-08, 1.770730762018502e-08]",0.9889,0.5390611,59.766685,-10.146295,298.37167
