acceptance rate,gt in support,C2ST,MMD,MEDDIST,NLTP,RT
"[1.0, -1.010752558708191, -1.2327203750610352, -1.2547516822814941, -1.306273102760315, -1.3002489805221558, -1.2914516925811768, -1.3597779273986816, -1.3285325765609741, -1.4218279123306274]","[1.0, 1.0, 1.0, 1.0, 1.0, 1.0, 1.0, 1.0, 1.0, 1.0]",0.5038,0.0006380081,0.08919477,-3.923169,5893.0317
