C2ST,C2ST_Z,MMD,MMD_Z,KSD_GAUSS,MEDDIST,C2ST_1K,C2ST_1K_Z,MMD_1K,MMD_1K_Z,KSD_GAUSS_1K,MEDDIST_1K,NLTP,RT
0.4966,0.55155,0.004859805,0.004754424,1586177.2,20.542639,0.483,0.565,0.0074083805,0.0072785616,356048.0,20.92845,-9.457051,232.18349
