acceptance rate,gt in support,C2ST,MMD,MEDDIST,NLTP,RT
"[1.0, -0.009172954596579075, -0.014685834757983685, -0.02207072265446186, -0.014057368040084839, -0.01144105289131403, -0.010238835588097572, -0.011129045858979225, -0.011039952747523785, -0.012870240025222301]","[1.0, 0.9807000160217285, 0.9925000071525574, 0.9886999726295471, 0.9940999746322632, 0.9937999844551086, 0.9973000288009644, 0.9983999729156494, 0.9986000061035156, 0.9987999796867371]",0.9671,0.16041541,10.268783,8.898922,4320.359
