acceptance rate,gt in support,C2ST,MMD,KSD_GAUSS,MEDDIST,NLTP,RT
"[1.0, -0.7135809659957886, -1.0068845748901367, -1.2054299116134644, -1.347753643989563, -1.7333835363388062, -1.7359983921051025, -1.8787339925765991, -2.1826982498168945, -2.0262680053710938]","[1.0, 1.0, 1.0, 1.0, 1.0, 1.0, 1.0, 1.0, 1.0, 1.0]",0.90415,0.35549846,,16.34459,-15.542629,4928.784
