C2ST,C2ST_Z,MMD,MMD_Z,KSD_GAUSS,MEDDIST,C2ST_1K,C2ST_1K_Z,MMD_1K,MMD_1K_Z,KSD_GAUSS_1K,MEDDIST_1K,NLTP,RT
0.9135,0.95205,0.29946986,0.34534228,248372050.0,7.4725075,0.849,0.947,0.29113337,0.34355175,103322580.0,7.5386953,-14.402937,3427.6023
