acceptance rate,gt in support,C2ST,MMD,KSD_GAUSS,MEDDIST,NLTP,RT
"[1.0, -0.18585233390331268, -0.2762981355190277, -0.27732494473457336, -0.35082748532295227, -0.3405275046825409, -0.3377774953842163, -0.38345447182655334, -0.3646838366985321, -0.3211175799369812]","[1.0, 0.9984999895095825, 0.9979000091552734, 0.9984999895095825, 0.9983000159263611, 0.9983000159263611, 0.9986000061035156, 0.9973999857902527, 0.9986000061035156, 0.9991000294685364]",0.53665,0.0041873455,18033.838,1.5798981,-2.543085,994.1775
