acceptance rate,gt in support,C2ST,MMD,KSD_GAUSS,MEDDIST,NLTP,RT
"[1.0, -0.3173736333847046, -0.3077995479106903, -0.7011469006538391, -0.7558466196060181, -0.7191182374954224, -0.6703174710273743, -0.8915195465087891, -0.947519838809967, -0.8779890537261963]","[1.0, 1.0, 1.0, 1.0, 1.0, 1.0, 1.0, 1.0, 1.0, 1.0]",0.6201,0.01033473,inf,0.09758793,-3.3110964,91.781044
