acceptance rate,gt in support,C2ST,MMD,MEDDIST,NLTP,RT
"[1.0, -0.048492491245269775, -0.04866248369216919, -0.056011151522397995, -0.4962093234062195, -0.5126494765281677, -0.5322069525718689, -1.1907349824905396, -1.2983888387680054, -1.319146752357483]","[1.0, 1.0, 1.0, 1.0, 1.0, 1.0, 1.0, 1.0, 1.0, 1.0]",0.99065,0.54936385,47.266647,-9.431009,169.19405
