acceptance rate,gt in support,C2ST,MMD,KSD_GAUSS,MEDDIST,NLTP,RT
"[1.0, -0.28324562311172485, -0.3632113039493561, -0.3732491433620453, -0.3893752992153168, -0.4819140136241913, -0.5594451427459717, -0.469714879989624, -0.6822291016578674, -0.7019478678703308]","[1.0, 1.0, 1.0, 1.0, 1.0, 1.0, 1.0, 1.0, 1.0, 1.0]",0.51535,0.0026780963,inf,0.08808835,-2.3184495,290.1449
