C2ST,C2ST_Z,MMD,MMD_Z,KSD_GAUSS,MEDDIST,C2ST_1K,C2ST_1K_Z,MMD_1K,MMD_1K_Z,KSD_GAUSS_1K,MEDDIST_1K,NLTP,RT
0.9071,0.9141,0.04208386,0.16577351,6283586400000.0,28.572308,0.8455,0.859,0.04868853,0.15826327,6117658000000.0,28.337109,0.23188269,1252.5684
