acceptance rate,gt in support,iw var,C2ST,MMD,MEDDIST,NLTP,RT
"[1.0, -0.009972106665372849, -0.005880910903215408, -0.007446490693837404, -0.015067832544445992, -0.01926964521408081, -0.09124699980020523, -0.1548399180173874, -0.2777363955974579, -0.45659422874450684]","[1.0, 1.0, 1.0, 1.0, 1.0, 1.0, 1.0, 1.0, 1.0, 1.0]","[0.0, 1.6189474649763724e-08, 1.7407279173653478e-08, 1.9856988942024145e-08, 1.7390078710377566e-08, 1.6619029707953814e-08, 1.7295954890528265e-08, 1.711701358431128e-08, 1.753548772853719e-08, 1.7523532847008028e-08]",0.62165,0.038052022,27.285526,-8.871562,140.08965
