C2ST,C2ST_Z,MMD,MMD_Z,KSD_GAUSS,MEDDIST,C2ST_1K,C2ST_1K_Z,MMD_1K,MMD_1K_Z,KSD_GAUSS_1K,MEDDIST_1K,NLTP,RT
0.53815,0.56435,0.00067794323,0.000677228,inf,0.089069165,0.497,0.529,-0.00018024445,-0.00017893314,inf,0.09149406,-4.0752535,1923.801
