acceptance rate,gt in support,C2ST,MMD,KSD_GAUSS,MEDDIST,NLTP,RT
"[1.0, -0.0015227162512019277, -0.0023079016245901585, -0.00215511629357934, -0.03336558863520622, -0.030700597912073135, -0.03543397784233093, -0.034516096115112305, -0.04604711756110191, -0.03772541135549545]","[1.0, 0.9995999932289124, 0.9995999932289124, 0.9995999932289124, 0.9957000017166138, 0.9962999820709229, 0.9962000250816345, 0.9973999857902527, 0.9955999851226807, 0.996999979019165]",0.76555,0.05056405,192316.61,1.6059,6.5320196,82.63251
