acceptance rate,gt in support,iw var,C2ST,MMD,MEDDIST,NLTP,RT
"[1.0, -0.39761441946029663, -0.41019928455352783, -0.49356260895729065, -0.5379391312599182, -0.58758145570755, -0.5900246500968933, -0.641684353351593, -0.6488610506057739, -0.6964439749717712]","[1.0, 1.0, 1.0, 1.0, 1.0, 1.0, 1.0, 1.0, 1.0, 1.0]","[0.0, 1.7687810327515763e-08, 1.7073777058840278e-08, 1.7716294209435546e-08, 1.8606721496894352e-08, 1.6125701662872416e-08, 1.7237509197798317e-08, 1.5543680120799763e-08, 1.6865390861653395e-08, 1.714216146808667e-08]",0.63565,0.0018183589,0.08816476,-3.4769237,121.902565
