acceptance rate,gt in support,C2ST,MMD,KSD_GAUSS,MEDDIST,NLTP,RT
"[1.0, -0.030281320214271545, -0.17050324380397797, -0.13427437841892242, -0.43438827991485596, -0.3158131539821625, -0.32492467761039734, -0.37137269973754883, -0.31140223145484924, -0.2992963194847107]","[1.0, 0.9965999722480774, 0.9940999746322632, 0.9957000017166138, 0.9955999851226807, 0.9994000196456909, 0.9995999932289124, 0.9976000189781189, 0.9991000294685364, 0.9987999796867371]",0.84865,0.024784327,1256496000000.0,22.894272,8.261024,362.406
