acceptance rate,gt in support,C2ST,MMD,KSD_GAUSS,MEDDIST,NLTP,RT
"[1.0, -0.023191682994365692, -0.025741687044501305, -0.08086958527565002, -0.06514821946620941, -0.09938713163137436, -0.08425729721784592, -0.11413015425205231, -0.10726556926965714, -0.11159582436084747]","[1.0, 0.9990000128746033, 0.9988999962806702, 0.9994000196456909, 0.9994999766349792, 0.9993000030517578, 0.9994000196456909, 0.9994000196456909, 0.9994999766349792, 0.9994999766349792]",0.5691,0.007237315,29278.672,1.5402281,-2.0003195,118.66895
