acceptance rate,gt in support,C2ST,MMD,MEDDIST,NLTP,RT
"[1.0, -0.5258201956748962, -0.6143580079078674, -0.9956356287002563, -0.9946049451828003, -1.0167428255081177, -0.9853954911231995, -1.1746171712875366, -1.176566481590271, -1.224239706993103]","[1.0, 1.0, 1.0, 0.9998999834060669, 0.9998999834060669, 0.9998999834060669, 1.0, 1.0, 1.0, 1.0]",0.4988,0.0006092787,0.08635757,-4.173602,3238.9973
