acceptance rate,gt in support,iw var,C2ST,MMD,MEDDIST,NLTP,RT
"[1.0, -0.4739624261856079, -0.5438618063926697, -0.5108152627944946, -0.6033125519752502, -0.6004128456115723, -0.6450468301773071, -0.7566311955451965, -0.7449285984039307, -0.9522060751914978]","[1.0, 1.0, 1.0, 1.0, 1.0, 1.0, 1.0, 1.0, 1.0, 1.0]","[0.0, 1.8037869864429013e-08, 1.5311877987755906e-08, 1.6588906248671265e-08, 1.6550322001762652e-08, 1.6371382471902507e-08, 1.8307247273696703e-08, 1.5483735182897362e-08, 1.5289078447722204e-08, 1.9111377369540605e-08]",0.55465,0.0005427599,0.089685135,-4.8737736,9592.266
