acceptance rate,gt in support,C2ST,MMD,KSD_GAUSS,MEDDIST,NLTP,RT
"[1.0, -1.5536181926727295, -1.9431384801864624, -2.022707939147949, -2.0744192600250244, -1.9656691551208496, -2.0122296810150146, -2.0784435272216797, -1.967658519744873, -2.026742696762085]","[1.0, 0.9998999834060669, 0.9998000264167786, 0.9998000264167786, 0.9998000264167786, 0.9998999834060669, 0.9998999834060669, 0.9998999834060669, 1.0, 0.9998999834060669]",0.5288,0.003467083,249097.77,15.904541,-1.2886982,1399.2202
