acceptance rate,gt in support,C2ST,MMD,KSD_GAUSS,MEDDIST,NLTP,RT
"[1.0, -0.75432288646698, -0.7535834908485413, -0.8100286722183228, -0.9215431809425354, -0.8865162134170532, -1.0402649641036987, -1.0583230257034302, -1.0589443445205688, -1.354022741317749]","[1.0, 1.0, 1.0, 1.0, 1.0, 1.0, 1.0, 1.0, 1.0, 1.0]",0.53565,0.0054557323,inf,0.0888607,-4.206023,1966.3147
