C2ST,C2ST_Z,MMD,MMD_Z,KSD_GAUSS,MEDDIST,C2ST_1K,C2ST_1K_Z,MMD_1K,MMD_1K_Z,KSD_GAUSS_1K,MEDDIST_1K,NLTP,RT
0.67375,0.6355,0.0744791,0.06897068,103443.95,11.439634,0.672,0.642,0.075867414,0.070756435,10339.705,11.44927,6.886917,240.79874
