acceptance rate,gt in support,C2ST,MMD,KSD_GAUSS,MEDDIST,NLTP,RT
"[1.0, -0.2020403891801834, -0.5806226134300232, -0.7435628771781921, -0.8419392108917236, -0.9720391631126404, -1.0782735347747803, -1.2208706140518188, -1.544309377670288, -1.9029163122177124]","[1.0, 1.0, 1.0, 1.0, 1.0, 1.0, 1.0, 1.0, 1.0, 1.0]",0.91805,0.4234493,1139249300.0,39.59208,-14.710075,438.83823
