acceptance rate,gt in support,C2ST,MMD,MEDDIST,NLTP,RT
"[1.0, -0.08557750284671783, -0.10662667453289032, -0.11500652879476547, -0.5963648557662964, -0.5459940433502197, -0.5506373047828674, -0.5592876672744751, -0.5837756991386414, -0.5845675468444824]","[1.0, 0.9943000078201294, 0.992900013923645, 0.992900013923645, 0.9581999778747559, 0.9686999917030334, 0.9684000015258789, 0.9728000164031982, 0.9761000275611877, 0.9782999753952026]",0.8923,0.1017611,9.424355,4.9012465,376.1928
