acceptance rate,gt in support,C2ST,MMD,KSD_GAUSS,MEDDIST,NLTP,RT
"[1.0, -0.6072327494621277, -0.826730489730835, -1.1004741191864014, -1.065964698791504, -1.5906305313110352, -1.4391969442367554, -1.6295772790908813, -1.74966561794281, -2.2904791831970215]","[1.0, 1.0, 1.0, 1.0, 1.0, 1.0, 1.0, 1.0, 1.0, 1.0]",0.9003,0.33689353,485980300.0,15.852228,-14.244471,556.1808
