acceptance rate,gt in support,iw var,C2ST,MMD,MEDDIST,NLTP,RT
"[1.0, -0.13978181779384613, -0.2970527708530426, -0.2783542573451996, -0.43866005539894104, -0.4551055133342743, -0.5805399417877197, -0.6876533627510071, -0.6848697066307068, -0.8281064629554749]","[1.0, 1.0, 1.0, 1.0, 1.0, 1.0, 1.0, 1.0, 1.0, 1.0]","[0.0, 1.7435807464494246e-08, 1.5365106520448535e-08, 1.6975906902416682e-08, 1.717195985406761e-08, 1.637590685277246e-08, 1.6570780303482024e-08, 1.6472840869141692e-08, 1.5265092301319783e-08, 1.576481700737986e-08]",0.66615,0.0013976097,0.089721575,-2.778751,142.78033
