acceptance rate,gt in support,C2ST,MMD,KSD_GAUSS,MEDDIST,NLTP,RT
"[1.0, -0.01963297463953495, -0.02335205301642418, -0.02104385383427143, -0.03929147124290466, -0.19507724046707153, -0.5011383295059204, -0.6702767610549927, -0.9429258704185486, -0.961499035358429]","[1.0, 1.0, 1.0, 1.0, 1.0, 1.0, 1.0, 1.0, 1.0, 1.0]",0.99505,0.55415934,590264700.0,60.78283,-8.879997,112.41346
