acceptance rate,gt in support,iw var,C2ST,MMD,MEDDIST,NLTP,RT
"[1.0, -0.5238569974899292, -0.46576231718063354, -0.5104633569717407, -0.545345664024353, -0.567551851272583, -0.6761705875396729, -0.8174223303794861, -0.8600029349327087, -0.8299059867858887]","[1.0, 0.9916999936103821, 0.9997000098228455, 0.9998000264167786, 1.0, 0.9998999834060669, 0.9995999932289124, 0.9995999932289124, 0.9997000098228455, 0.9995999932289124]","[0.0, 1.4941686998781734e-08, 1.723282494481282e-08, 1.7955958497850588e-08, 1.8372523058474144e-08, 1.6154766413478683e-08, 1.5529339592035285e-08, 1.5985042622901346e-08, 1.725376463923567e-08, 1.6080960563158442e-08]",0.6847,0.0053327084,24.547976,3.1705563,31387.674
