acceptance rate,gt in support,C2ST,MMD,KSD_GAUSS,MEDDIST,NLTP,RT
"[1.0, -0.08932226151227951, -0.0956902951002121, -0.736956000328064, -0.5098658800125122, -0.5556818842887878, -0.5677926540374756, -0.4998665153980255, -0.5442798137664795, -0.5001068711280823]","[1.0, 0.9912999868392944, 0.989300012588501, 0.9139999747276306, 0.9779999852180481, 0.9819999933242798, 0.9803000092506409, 0.9830999970436096, 0.9861999750137329, 0.9912999868392944]",0.8041,0.02341795,322045860.0,22.724949,5.6471515,182.02545
