acceptance rate,gt in support,C2ST,MMD,MEDDIST,NLTP,RT
"[1.0, -0.20179840922355652, -0.42949599027633667, -0.6346243619918823, -0.6680870652198792, -0.7487269043922424, -1.0290194749832153, -1.0832222700119019, -1.3067338466644287, -1.392330527305603]","[1.0, 1.0, 1.0, 1.0, 1.0, 1.0, 1.0, 1.0, 1.0, 1.0]",0.9438,0.42965478,27.39973,-11.850305,3385.1392
