acceptance rate,gt in support,C2ST,MMD,MEDDIST,NLTP,RT
"[1.0, -0.0035540203098207712, -0.002613633871078491, -0.007733754348009825, -0.009084261953830719, -0.014461265876889229, -0.017751401290297508, -0.016283538192510605, -0.019451258704066277, -0.04472125694155693]","[1.0, 0.9994999766349792, 0.9995999932289124, 0.9994999766349792, 0.9990000128746033, 0.9987000226974487, 0.998199999332428, 0.998199999332428, 0.9983999729156494, 0.9973000288009644]",0.65285,0.024639249,1.4428577,2.0581198,167.98491
