acceptance rate,gt in support,C2ST,MMD,MEDDIST,NLTP,RT
"[1.0, -0.30003225803375244, -0.6020600199699402, -1.023066759109497, -1.0563405752182007, -1.3367704153060913, -1.5262984037399292, -1.5256551504135132, -2.3335859775543213, -2.4225082397460938]","[1.0, 1.0, 1.0, 1.0, 1.0, 1.0, 1.0, 1.0, 1.0, 1.0]",0.93805,0.15672547,20.378742,-12.878332,744.0475
