acceptance rate,gt in support,C2ST,MMD,KSD_GAUSS,MEDDIST,NLTP,RT
"[1.0, -0.012021084316074848, -0.02627195231616497, -0.027288174256682396, -0.04496203735470772, -0.04871107265353203, -0.03995756432414055, -0.046167872846126556, -0.04165118560194969, -0.04172287508845329]","[1.0, 1.0, 1.0, 1.0, 1.0, 1.0, 1.0, 1.0, 1.0, 1.0]",0.5074,0.0009975433,4068.0234,1.372457,1.2421751,791.5664
