acceptance rate,gt in support,iw var,C2ST,MMD,MEDDIST,NLTP,RT
"[1.0, -0.011307312175631523, -0.07670418173074722, -0.09886877238750458, -0.13241469860076904, -0.18902862071990967, -0.25095972418785095, -0.2840802073478699, -0.22929523885250092, -0.26416170597076416]","[1.0, 0.9926000237464905, 0.9921000003814697, 0.9908000230789185, 0.9901999831199646, 0.9896000027656555, 0.989799976348877, 0.9894999861717224, 0.9912999868392944, 0.991100013256073]","[0.0, 377.9719543457031, 383.6021423339844, 388.76251220703125, 380.38739013671875, 383.6718444824219, 389.89569091796875, 393.4965515136719, 381.1045837402344, 387.31988525390625]",0.6546,0.010586619,1.5460327,-0.70518684,805.8714
