acceptance rate,gt in support,C2ST,MMD,MEDDIST,NLTP,RT
"[1.0, -1.3715685606002808, -1.397028923034668, -1.4272574186325073, -1.5226658582687378, -1.5161750316619873, -1.5239871740341187, -1.67872953414917, -1.6743048429489136, -1.6442292928695679]","[1.0, 0.9061999917030334, 0.980400025844574, 0.982699990272522, 0.968999981880188, 0.975600004196167, 0.9886999726295471, 0.9858999848365784, 0.9909999966621399, 0.9925000071525574]",0.7894,0.0033572912,29.577362,6.464965,11391.119
