C2ST,C2ST_Z,MMD,MMD_Z,KSD_GAUSS,MEDDIST,C2ST_1K,C2ST_1K_Z,MMD_1K,MMD_1K_Z,KSD_GAUSS_1K,MEDDIST_1K,NLTP,RT
0.54485,0.553,0.0070711374,0.007070899,inf,0.092110895,0.5415,0.5415,0.005787015,0.005787134,inf,0.09121424,-4.134277,250.18585
