acceptance rate,gt in support,C2ST,MMD,MEDDIST,NLTP,RT
"[1.0, -0.40000781416893005, -0.4216282367706299, -0.7762877941131592, -0.7661159038543701, -0.8011073470115662, -0.7554754614830017, -1.0313472747802734, -1.0086127519607544, -1.0449539422988892]","[1.0, 1.0, 0.9995999932289124, 1.0, 1.0, 1.0, 1.0, 0.9998999834060669, 1.0, 1.0]",0.59255,0.0065300465,0.08940292,-2.9943528,141.40404
