acceptance rate,gt in support,C2ST,MMD,KSD_GAUSS,MEDDIST,NLTP,RT
"[1.0, -0.24055880308151245, -0.4565528333187103, -0.48801642656326294, -0.6482037305831909, -0.5722705125808716, -0.6651041507720947, -0.771086573600769, -0.6974526047706604, -0.7514954209327698]","[1.0, 0.9998999834060669, 1.0, 1.0, 0.9994999766349792, 0.9998999834060669, 0.9998999834060669, 0.9998000264167786, 0.9998000264167786, 0.9998999834060669]",0.5192,0.00050735474,inf,0.08938019,-4.103006,228.31447
