acceptance rate,gt in support,C2ST,MMD,KSD_GAUSS,MEDDIST,NLTP,RT
"[1.0, -1.3523194789886475, -1.371824026107788, -1.259678840637207, -1.2712618112564087, -1.2430260181427002, -1.3359994888305664, -1.4650858640670776, -1.5066475868225098, -1.6707103252410889]","[1.0, 0.9070000052452087, 0.9653000235557556, 0.9843000173568726, 0.9983000159263611, 0.9980999827384949, 0.9980999827384949, 0.9973999857902527, 0.9972000122070312, 0.9891999959945679]",0.72025,0.0044984818,12262343000.0,29.071203,1.3921294,2896.9348
