acceptance rate,gt in support,C2ST,MMD,KSD_GAUSS,MEDDIST,NLTP,RT
"[1.0, -0.0450824610888958, -0.13185536861419678, -0.3144075274467468, -0.40365952253341675, -0.37335172295570374, -0.5774102210998535, -0.6036262512207031, -0.6441272497177124, -0.5886750221252441]","[1.0, 1.0, 1.0, 1.0, 1.0, 1.0, 1.0, 1.0, 1.0, 1.0]",0.5007,0.0059485435,626517.56,21.587032,-8.604484,262.5351
