acceptance rate,gt in support,C2ST,MMD,MEDDIST,NLTP,RT
"[1.0, -0.018634488806128502, -0.20339098572731018, -0.23125095665454865, -0.572432816028595, -0.6055483222007751, -0.7626238465309143, -0.7588687539100647, -0.7610761523246765, -0.7637987732887268]","[1.0, 1.0, 1.0, 1.0, 1.0, 1.0, 1.0, 1.0, 1.0, 1.0]",0.73885,0.05326152,14.847805,4.4934244,7611.386
