C2ST,C2ST_Z,MMD,MMD_Z,KSD_GAUSS,MEDDIST,C2ST_1K,C2ST_1K_Z,MMD_1K,MMD_1K_Z,KSD_GAUSS_1K,MEDDIST_1K,NLTP,RT
0.53005,0.5372,0.0029976368,0.0029972792,inf,0.08842055,0.524,0.509,0.0021972656,0.0022001266,inf,0.08998767,-4.2207713,234.35391
