acceptance rate,gt in support,C2ST,MMD,MEDDIST,NLTP,RT
"[1.0, -0.03486890718340874, -0.04155557602643967, -0.07139933854341507, -0.06033102050423622, -0.06663927435874939, -0.08370400965213776, -0.07360610365867615, -0.0810265988111496, -0.06135523319244385]","[1.0, 1.0, 1.0, 0.9998999834060669, 1.0, 1.0, 0.9998000264167786, 1.0, 1.0, 1.0]",0.5084,0.0003912449,1.340672,-0.09832287,17152.865
