acceptance rate,gt in support,C2ST,MMD,MEDDIST,NLTP,RT
"[1.0, -0.2635238468647003, -0.27670854330062866, -0.34214770793914795, -0.36771145462989807, -0.35869118571281433, -0.3657243251800537, -0.5012416243553162, -0.5500590205192566, -0.5094797015190125]","[1.0, 1.0, 1.0, 1.0, 1.0, 1.0, 1.0, 1.0, 1.0, 1.0]",0.50065,0.00053572655,0.09089716,-4.1237245,712.7667
