acceptance rate,gt in support,C2ST,MMD,MEDDIST,NLTP,RT
"[1.0, 1.0, 1.0, 1.0, 1.0, 1.0, 1.0, 1.0, 1.0, 1.0]","[1.0, 0.9972000122070312, 0.9965000152587891, 0.9991000294685364, 0.9987000226974487, 0.9987000226974487, 0.9991999864578247, 0.9988999962806702, 0.9986000061035156, 0.9984999895095825]",0.75855,0.058339715,1.6238658,0.4070959,225.99792
