acceptance rate,gt in support,iw var,C2ST,MMD,MEDDIST,NLTP,RT
"[1.0, -0.6745253801345825, -0.5466817021369934, -0.6118632555007935, -0.5758945941925049, -0.7332980632781982, -0.7628753185272217, -0.7669192552566528, -0.833781361579895, -0.7708730101585388]","[1.0, 0.9865000247955322, 0.9958000183105469, 0.996399998664856, 0.9986000061035156, 0.9991999864578247, 0.9988999962806702, 0.9994999766349792, 0.9993000030517578, 0.9997000098228455]","[0.0, 1.8586918670848718e-08, 1.8516223221354267e-08, 1.7627359127914133e-08, 1.773654112469103e-08, 1.6454517748343278e-08, 1.828367501843786e-08, 1.759064360840057e-08, 1.647432767981627e-08, 1.7852396894113554e-08]",0.69715,0.0036717653,23.98333,3.6564767,31304.475
