acceptance rate,gt in support,C2ST,MMD,MEDDIST,NLTP,RT
"[1.0, 1.0, 1.0, 1.0, 1.0, 1.0, 1.0, 1.0, 1.0, 1.0]","[1.0, 0.9958000183105469, 0.991100013256073, 0.9934999942779541, 0.9937000274658203, 0.9896000027656555, 0.98580002784729, 0.989300012588501, 0.9914000034332275, 0.9898999929428101]",0.78825,0.059404492,1.6731014,7.247033,216.58769
