acceptance rate,gt in support,iw var,C2ST,MMD,MEDDIST,NLTP,RT
"[1.0, -0.549519956111908, -0.5267320871353149, -0.5616554617881775, -0.5476001501083374, -0.9452593326568604, -1.1771783828735352, -1.1749202013015747, -1.215424656867981, -1.2540148496627808]","[1.0, 1.0, 1.0, 1.0, 1.0, 1.0, 1.0, 1.0, 1.0, 1.0]","[0.0, 1.9816834395669503e-08, 1.6424495541400574e-08, 1.704510133038184e-08, 1.8315187588768822e-08, 1.7254070172612046e-08, 1.6168881344924557e-08, 1.712942676590501e-08, 1.5426065758106233e-08, 1.5678082831982465e-08]",0.7583,0.081171036,16.973072,-1.32479,1028.4993
