acceptance rate,gt in support,iw var,C2ST,MMD,MEDDIST,NLTP,RT
"[1.0, -0.005924941971898079, -0.009727777913212776, -0.012289075180888176, -0.026479629799723625, -0.06770384311676025, -0.13041630387306213, -0.16841813921928406, -0.20069393515586853, -0.22460803389549255]","[1.0, 0.9979000091552734, 0.9998999834060669, 0.9998999834060669, 0.9998999834060669, 1.0, 1.0, 1.0, 1.0, 1.0]","[0.0, 2.5859590024879253e-08, 2.081038807943969e-08, 1.503067004193781e-08, 1.6649217116082582e-08, 1.856176545800281e-08, 1.4428432670854363e-08, 1.8111959931843558e-08, 1.5722505963822186e-08, 1.8100068999160612e-08]",0.8729,0.024153233,12.056589,4.655772,875.1513
