acceptance rate,gt in support,C2ST,MMD,MEDDIST,NLTP,RT
"[1.0, 1.0, 1.0, 1.0, 1.0, 1.0, 1.0, 1.0, 1.0, 1.0]","[1.0, 0.9998999834060669, 0.9998999834060669, 0.9998999834060669, 0.9998999834060669, 0.9998999834060669, 0.9998999834060669, 1.0, 1.0, 0.9998999834060669]",0.5,-2.6226044e-05,0.0929399,-3.963552,8462.469
