acceptance rate,gt in support,C2ST,MMD,KSD_GAUSS,MEDDIST,NLTP,RT
"[1.0, -0.19172151386737823, -0.5107096433639526, -0.5084282159805298, -1.1341772079467773, -1.3918163776397705, -1.6278162002563477, -1.364139437675476, -1.4039106369018555, -1.386919617652893]","[1.0, 0.9180999994277954, 0.9257000088691711, 0.9035999774932861, 0.8097000122070312, 0.8690000176429749, 0.8608999848365784, 0.9139999747276306, 0.91839998960495, 0.9476000070571899]",0.9284,0.105220556,169489960000.0,29.85349,20.028652,273.3441
