acceptance rate,gt in support,iw var,C2ST,MMD,MEDDIST,NLTP,RT
"[1.0, -0.21788586676120758, -0.20929273962974548, -0.22654271125793457, -0.28270405530929565, -0.3048686981201172, -0.3069182336330414, -0.39761441946029663, -0.47452324628829956, -0.47951647639274597]","[1.0, 0.9998999834060669, 1.0, 1.0, 0.9998999834060669, 0.9995999932289124, 0.9997000098228455, 0.9995999932289124, 0.9998000264167786, 0.9997000098228455]","[0.0, 1.6461100926790095e-08, 1.726395204570963e-08, 1.9592446776073302e-08, 1.5359043814555662e-08, 1.5913958151259067e-08, 1.7413354314044227e-08, 1.9517294447268796e-08, 1.6435665273206723e-08, 1.8380196920020353e-08]",0.784,0.004841447,11.89684,3.516388,32518.701
