acceptance rate,gt in support,C2ST,MMD,MEDDIST,NLTP,RT
"[1.0, 1.0, 1.0, 1.0, 1.0, 1.0, 1.0, 1.0, 1.0, 1.0]","[1.0, 0.9605000019073486, 0.9818000197410583, 0.9905999898910522, 0.9889000058174133, 0.9908000230789185, 0.9950000047683716, 0.9937000274658203, 0.9944000244140625, 0.994700014591217]",0.66235,0.062452078,10.98323,5.5916023,1028.7672
