acceptance rate,gt in support,C2ST,MMD,KSD_GAUSS,MEDDIST,NLTP,RT
"[1.0, -1.439708948135376, -1.4504894018173218, -1.439324975013733, -1.4698857069015503, -1.4310598373413086, -1.4266555309295654, -1.426526665687561, -1.4439129829406738, -1.4121595621109009]","[1.0, 0.9961000084877014, 0.9980000257492065, 0.9979000091552734, 0.9976000189781189, 0.9983999729156494, 0.9991999864578247, 0.9993000030517578, 0.9990000128746033, 0.9993000030517578]",0.5813,0.0041576624,79082.875,10.275399,4.124839,1634.3536
