acceptance rate,gt in support,iw var,C2ST,MMD,MEDDIST,NLTP,RT
"[1.0, -0.02266516350209713, -0.07345177978277206, -0.1459977626800537, -0.1247071698307991, -0.4778166711330414, -0.436163067817688, -0.48915353417396545, -0.5377143621444702, -0.554006814956665]","[1.0, 0.9664000272750854, 0.9503999948501587, 0.9925000071525574, 0.9976000189781189, 0.9983000159263611, 0.9997000098228455, 0.9998000264167786, 0.9998000264167786, 0.9998000264167786]","[0.0, 1.6975876704350412e-08, 1.758110101945931e-08, 1.6838431093901818e-08, 1.6924381895933038e-08, 1.574498043055428e-08, 1.5507755080079733e-08, 1.80519492687381e-08, 1.6064127805748285e-08, 1.4814187210276941e-08]",0.9007,0.05938208,23.870174,4.0632515,1223.4009
