acceptance rate,gt in support,C2ST,MMD,MEDDIST,NLTP,RT
"[1.0, -0.10585016012191772, -0.1038045883178711, -0.2745376229286194, -0.4275931119918823, -0.42643222212791443, -0.6721508502960205, -0.731110155582428, -0.8583542704582214, -1.2873082160949707]","[1.0, 0.965399980545044, 0.9715999960899353, 0.9898999929428101, 0.9943000078201294, 0.9980000257492065, 0.9959999918937683, 0.995199978351593, 0.9937000274658203, 0.9847999811172485]",0.87685,0.28995234,12.16877,11.674722,7546.9565
