acceptance rate,gt in support,C2ST,MMD,MEDDIST,NLTP,RT
"[1.0, -1.1956475973129272, -1.26410710811615, -1.2431949377059937, -1.4325535297393799, -1.409449577331543, -1.4240854978561401, -1.374773383140564, -1.380113959312439, -1.4549062252044678]","[1.0, 0.9998999834060669, 1.0, 1.0, 0.9998999834060669, 1.0, 1.0, 1.0, 1.0, 1.0]",0.5244,0.0050679445,0.08767833,-4.290922,6015.81
