acceptance rate,gt in support,iw var,C2ST,MMD,MEDDIST,NLTP,RT
"[1.0, -0.6880767345428467, -0.7520267367362976, -0.7056072950363159, -0.8099485635757446, -0.875332772731781, -0.807910680770874, -1.100347876548767, -1.1461280584335327, -1.1541993618011475]","[1.0, 0.9998999834060669, 0.9998999834060669, 1.0, 1.0, 1.0, 1.0, 1.0, 1.0, 1.0]","[0.0, 1.654671066830815e-08, 1.8047316530100943e-08, 1.7397123741602627e-08, 1.8764607645493925e-08, 1.7461696089071665e-08, 1.677796923615915e-08, 1.6963852544904512e-08, 1.8657097200502903e-08, 1.6766017907343667e-08]",0.49705,-4.339218e-05,0.08811191,-4.284955,15004.606
