acceptance rate,gt in support,iw var,C2ST,MMD,MEDDIST,NLTP,RT
"[1.0, -0.011976457200944424, -0.03948165476322174, -0.050805237144231796, -0.08076497912406921, -0.09625907242298126, -0.09870517998933792, -0.09761632978916168, -0.15895354747772217, -0.15620680153369904]","[1.0, 0.9994000196456909, 0.9998000264167786, 0.9993000030517578, 0.9998000264167786, 0.9997000098228455, 0.9995999932289124, 0.9997000098228455, 0.9993000030517578, 0.9993000030517578]","[0.0, 384.5072326660156, 392.6022644042969, 385.4468078613281, 380.12969970703125, 387.8173522949219, 388.83514404296875, 386.950927734375, 385.3507080078125, 388.4263916015625]",0.5586,0.0019254684,1.3758037,3.2023926,864.06647
