acceptance rate,gt in support,C2ST,MMD,MEDDIST,NLTP,RT
"[1.0, -1.1480896472930908, -1.3023971319198608, -1.3691909313201904, -1.414062261581421, -1.543373703956604, -1.7237117290496826, -1.926950454711914, -1.9684394598007202, -1.990748643875122]","[1.0, 0.9628000259399414, 0.9868999719619751, 0.9923999905586243, 0.9954000115394592, 0.9929999709129333, 0.9900000095367432, 0.9894999861717224, 0.9890000224113464, 0.9882000088691711]",0.7466,0.0053480864,24.162874,1.5012593,7194.86
