C2ST,C2ST_Z,MMD,MMD_Z,KSD_GAUSS,MEDDIST,C2ST_1K,C2ST_1K_Z,MMD_1K,MMD_1K_Z,KSD_GAUSS_1K,MEDDIST_1K,NLTP,RT
0.76255,0.75375,0.0064667463,0.017677665,337908.84,9.288457,0.674,0.6495,0.0063170195,0.016272664,3661.8716,9.424418,3.6898687,4573.397
