acceptance rate,gt in support,iw var,C2ST,MMD,MEDDIST,NLTP,RT
"[1.0, -0.2984751760959625, -0.26696333289146423, -0.4591285288333893, -0.5897712707519531, -0.6718651652336121, -0.7153061032295227, -0.6874841451644897, -0.8097483515739441, -0.985017716884613]","[1.0, 0.9997000098228455, 0.9998999834060669, 0.9998999834060669, 0.9998000264167786, 0.9997000098228455, 0.9997000098228455, 0.9998000264167786, 0.9994999766349792, 0.9995999932289124]","[0.0, 1.5547948706284842e-08, 1.9412063068102725e-08, 1.5076563997240555e-08, 1.603360466617687e-08, 1.612429301189877e-08, 1.5454814317195087e-08, 1.8951256564037067e-08, 1.8568423243436882e-08, 1.681345729309669e-08]",0.8379,0.07051468,3.596856,1.7534797,27893.314
