C2ST,C2ST_Z,MMD,MMD_Z,KSD_GAUSS,MEDDIST,C2ST_1K,C2ST_1K_Z,MMD_1K,MMD_1K_Z,KSD_GAUSS_1K,MEDDIST_1K,NLTP,RT
0.50075,0.5449,0.002822876,0.0030283928,2180817.2,21.725561,0.486,0.5315,0.0032758713,0.0034809113,403889.5,21.633308,-8.723783,240.37029
