acceptance rate,gt in support,iw var,C2ST,MMD,MEDDIST,NLTP,RT
"[1.0, -0.007822196930646896, -0.012423118576407433, -0.022207848727703094, -0.04956212639808655, -0.15583360195159912, -0.22544655203819275, -0.2426798939704895, -0.2820799648761749, -0.4273994266986847]","[1.0, 1.0, 1.0, 1.0, 1.0, 1.0, 1.0, 1.0, 1.0, 1.0]","[0.0, 1.6963745963494148e-08, 1.6349439135865396e-08, 1.5987570378683813e-08, 1.6588192153221826e-08, 1.7761042414576877e-08, 1.9203810097678797e-08, 1.6256729296060257e-08, 1.6841434913317244e-08, 1.6942271585662638e-08]",0.9712,0.3421789,24.813875,7.5584693,287.63098
