acceptance rate,gt in support,iw var,C2ST,MMD,MEDDIST,NLTP,RT
"[1.0, -0.27152448892593384, -0.23976606130599976, -0.2503795921802521, -0.4926839768886566, -0.5359951257705688, -0.6768304705619812, -0.7018750309944153, -0.6540384888648987, -0.6696674227714539]","[1.0, 0.998199999332428, 0.9983000159263611, 0.9986000061035156, 0.9965999722480774, 0.9961000084877014, 0.9958999752998352, 0.9961000084877014, 0.9962999820709229, 0.9973000288009644]","[0.0, 1.626821166667014e-08, 2.0382890042469626e-08, 1.5649181506205423e-08, 2.2566648993915805e-08, 1.9494025949029492e-08, 1.812199101891565e-08, 1.6338626451783966e-08, 1.765180179802428e-08, 1.775430824579871e-08]",0.78495,0.024489403,2.6078243,1.8507544,33915.88
