acceptance rate,gt in support,C2ST,MMD,KSD_GAUSS,MEDDIST,NLTP,RT
"[1.0, -0.011976457200944424, -0.013093986548483372, -0.01838523894548416, -0.022939778864383698, -0.39076143503189087, -0.34243425726890564, -0.4203307032585144, -0.4314071834087372, -0.46213892102241516]","[1.0, 1.0, 1.0, 1.0, 1.0, 1.0, 1.0, 1.0, 1.0, 1.0]",0.99785,0.5570067,872923600.0,50.91622,-6.3117037,109.40211
