acceptance rate,gt in support,iw var,C2ST,MMD,MEDDIST,NLTP,RT
"[1.0, -0.029885681346058846, -0.03805713355541229, -0.050561197102069855, -0.06398921459913254, -0.05814089998602867, -0.052615318447351456, -0.06113019585609436, -0.051538147032260895, -0.06178058683872223]","[1.0, 1.0, 0.9998999834060669, 0.9997000098228455, 0.9997000098228455, 0.9998999834060669, 0.9998999834060669, 0.9998000264167786, 0.9998999834060669, 0.9998000264167786]","[0.0, 394.1595764160156, 383.3677673339844, 385.1882019042969, 385.6620788574219, 384.34527587890625, 380.6236267089844, 392.6781005859375, 383.7666015625, 385.80987548828125]",0.5033,0.00037014484,1.3045895,-0.99793816,12380.64
