acceptance rate,gt in support,C2ST,MMD,MEDDIST,NLTP,RT
"[1.0, 1.0, 1.0, 1.0, 1.0, 1.0, 1.0, 1.0, 1.0, 1.0]","[1.0, 0.9904000163078308, 0.9916999936103821, 0.9908000230789185, 0.9886000156402588, 0.9943000078201294, 0.9966999888420105, 0.9955999851226807, 0.9955000281333923, 0.996999979019165]",0.6179,0.0059474707,1.5078356,1.8565149,989.296
