acceptance rate,gt in support,C2ST,MMD,MEDDIST,NLTP,RT
"[1.0, -0.012624275870621204, -0.026156632229685783, -0.13194365799427032, -0.14962951838970184, -0.3824056088924408, -0.5371155738830566, -0.7010014653205872, -0.7957637310028076, -0.9081767797470093]","[1.0, 1.0, 1.0, 1.0, 1.0, 1.0, 1.0, 1.0, 1.0, 1.0]",0.8455,0.18184495,14.972486,3.6989527,7507.5464
