C2ST,C2ST_Z,MMD,MMD_Z,KSD_GAUSS,MEDDIST,C2ST_1K,C2ST_1K_Z,MMD_1K,MMD_1K_Z,KSD_GAUSS_1K,MEDDIST_1K,NLTP,RT
0.5295,0.57825,0.0062360764,0.0062333345,inf,0.087674335,0.5425,0.554,0.010820031,0.010830998,inf,0.088226244,-4.462935,254.80438
