acceptance rate,gt in support,C2ST,MMD,MEDDIST,NLTP,RT
"[1.0, -1.4295003414154053, -1.6245278120040894, -1.6781686544418335, -1.7008047103881836, -1.7215051651000977, -1.695337176322937, -1.7650282382965088, -1.7166987657546997, -1.8068325519561768]","[1.0, 1.0, 0.9998000264167786, 0.9995999932289124, 0.9997000098228455, 0.9998000264167786, 0.9998000264167786, 0.9998000264167786, 0.9998000264167786, 0.9994999766349792]",0.55165,0.012203455,11.831729,4.4148216,20503.277
