acceptance rate,gt in support,C2ST,MMD,KSD_GAUSS,MEDDIST,NLTP,RT
"[1.0, -0.00932822935283184, -0.03336558863520622, -0.03077053278684616, -0.071348175406456, -0.05418689176440239, -0.0600816011428833, -0.059832293540239334, -0.05369516834616661, -0.08073882013559341]","[1.0, 1.0, 1.0, 1.0, 1.0, 1.0, 1.0, 1.0, 1.0, 1.0]",0.51205,0.0008391142,3391.1282,1.4030004,2.7257729,788.285
