acceptance rate,gt in support,C2ST,MMD,MEDDIST,NLTP,RT
"[1.0, -0.8697869181632996, -0.8871856331825256, -1.1015279293060303, -1.1702675819396973, -1.283078908920288, -1.2664648294448853, -1.2955491542816162, -1.3112835884094238, -1.3420753479003906]","[1.0, 0.9578999876976013, 0.9883999824523926, 0.9861000180244446, 0.9878000020980835, 0.9950000047683716, 0.9957000017166138, 0.9973999857902527, 0.9970999956130981, 0.9972000122070312]",0.66505,0.00044250488,22.705856,1.757905,4421.319
