C2ST,C2ST_Z,MMD,MMD_Z,KSD_GAUSS,MEDDIST,C2ST_1K,C2ST_1K_Z,MMD_1K,MMD_1K_Z,KSD_GAUSS_1K,MEDDIST_1K,NLTP,RT
0.80365,0.88015,0.16536993,0.18715024,1131294100.0,30.209408,0.689,0.862,0.179824,0.21311402,161291440.0,29.792137,-16.242239,3958.8604
