acceptance rate,gt in support,C2ST,MMD,MEDDIST,NLTP,RT
"[1.0, -0.018815863877534866, -0.04834684357047081, -0.04411991313099861, -0.1745414435863495, -0.49740222096443176, -0.8261064291000366, -1.3055201768875122, -1.5135051012039185, -1.4987695217132568]","[1.0, 0.984499990940094, 1.0, 1.0, 1.0, 0.9998999834060669, 0.9983000159263611, 0.9997000098228455, 0.9994999766349792, 0.9997000098228455]",0.99845,0.5528068,21.006897,-5.826575,180.08098
