acceptance rate,gt in support,C2ST,MMD,KSD_GAUSS,MEDDIST,NLTP,RT
"[1.0, -0.009172954596579075, -0.011463351547718048, -0.011708659119904041, -0.05381803959608078, -0.07582412660121918, -0.09606939554214478, -0.3111354410648346, -0.29149413108825684, -0.3396405577659607]","[1.0, 1.0, 1.0, 1.0, 1.0, 1.0, 1.0, 1.0, 1.0, 1.0]",0.9071,0.22212052,38171.543,21.090164,2.7637281,251.68263
