acceptance rate,gt in support,C2ST,MMD,MEDDIST,NLTP,RT
"[1.0, -1.1738388538360596, -1.2951205968856812, -1.2974402904510498, -1.3419018983840942, -1.5088505744934082, -1.5012158155441284, -1.6658885478973389, -1.8014717102050781, -1.8578420877456665]","[1.0, 0.9995999932289124, 0.9994000196456909, 0.9994000196456909, 0.9995999932289124, 0.9993000030517578, 0.9993000030517578, 0.9998999834060669, 0.9998000264167786, 0.9995999932289124]",0.5546,0.001134634,0.086907685,-3.3333921,4146.913
