acceptance rate,gt in support,C2ST,MMD,KSD_GAUSS,MEDDIST,NLTP,RT
"[1.0, -0.2143499255180359, -0.1892971694469452, -0.5755267143249512, -0.4775557518005371, -0.6110112071037292, -0.5436719655990601, -0.615324079990387, -0.574465811252594, -0.6383099555969238]","[1.0, 1.0, 1.0, 1.0, 1.0, 1.0, 1.0, 1.0, 1.0, 1.0]",0.6396,0.001008749,inf,0.086047664,0.1420079,96.16713
