acceptance rate,gt in support,iw var,C2ST,MMD,MEDDIST,NLTP,RT
"[1.0, -0.2906452417373657, -0.3464016318321228, -0.5312097668647766, -0.6156466007232666, -0.58922278881073, -0.6734593510627747, -0.8273970484733582, -0.8422411680221558, -1.1220530271530151]","[1.0, 1.0, 1.0, 1.0, 1.0, 1.0, 1.0, 1.0, 1.0, 1.0]","[0.0, 384.1958923339844, 384.880859375, 387.44659423828125, 389.0635986328125, 385.8074951171875, 378.5164489746094, 390.0534362792969, 389.77362060546875, 388.6474304199219]",0.98875,0.53595936,32.261787,-10.284461,1354.9663
