acceptance rate,gt in support,iw var,C2ST,MMD,MEDDIST,NLTP,RT
"[1.0, -1.4730149507522583, -1.3236390352249146, -1.3478378057479858, -1.339436411857605, -1.3422056436538696, -1.4900174140930176, -1.548682689666748, -1.7181950807571411, -1.6431246995925903]","[1.0, 0.9248999953269958, 0.9890999794006348, 0.9965000152587891, 0.9973000288009644, 0.9973000288009644, 0.9962000250816345, 0.9955000281333923, 0.9944000244140625, 0.9962000250816345]","[0.0, 1.8811839197496738e-08, 1.5259397301292665e-08, 1.6437104122246637e-08, 1.7153942266645572e-08, 1.903631385857807e-08, 1.862215448511506e-08, 1.7133816143655167e-08, 1.7634334881222458e-08, 1.649932812597399e-08]",0.8716,0.022118926,29.081688,4.472285,24894.248
