C2ST,C2ST_Z,MMD,MMD_Z,KSD_GAUSS,MEDDIST,C2ST_1K,C2ST_1K_Z,MMD_1K,MMD_1K_Z,KSD_GAUSS_1K,MEDDIST_1K,NLTP,RT
0.7855,0.7387,0.051191926,0.050897002,204385.36,1.6928959,0.7295,0.7385,0.04972875,0.050367594,20950.451,1.6757145,-0.30967236,86.96911
