acceptance rate,gt in support,C2ST,MMD,MEDDIST,NLTP,RT
"[1.0, -0.03395218774676323, -0.0553693063557148, -0.14032144844532013, -0.1544369012117386, -0.16351765394210815, -0.16332785785198212, -0.16538859903812408, -0.1864190399646759, -0.192228302359581]","[1.0, 0.9961000084877014, 0.9965999722480774, 0.9955000281333923, 0.9955999851226807, 0.9952999949455261, 0.9950000047683716, 0.9955000281333923, 0.9955999851226807, 0.9959999918937683]",0.5594,0.0018259287,1.4321828,6.968912,281.29736
