C2ST,C2ST_Z,MMD,MMD_Z,KSD_GAUSS,MEDDIST,C2ST_1K,C2ST_1K_Z,MMD_1K,MMD_1K_Z,KSD_GAUSS_1K,MEDDIST_1K,NLTP,RT
0.59565,0.63935,0.0010857582,0.0010859966,inf,0.09035823,0.509,0.5105,0.0006430149,0.00064337254,inf,0.089474596,-0.69998556,359.35675
