acceptance rate,gt in support,C2ST,MMD,MEDDIST,NLTP,RT
"[1.0, -0.008264604024589062, -0.006497647147625685, -0.0047378502786159515, -0.009239505045115948, -0.00806545652449131, -0.00941699743270874, -0.008397411555051804, -0.006674022413790226, -0.010127667337656021]","[1.0, 1.0, 1.0, 1.0, 1.0, 0.9998999834060669, 0.9998999834060669, 0.9998999834060669, 1.0, 1.0]",0.9652,,8.809561,9.368995,5091.418
