C2ST,C2ST_Z,MMD,MMD_Z,KSD_GAUSS,MEDDIST,C2ST_1K,C2ST_1K_Z,MMD_1K,MMD_1K_Z,KSD_GAUSS_1K,MEDDIST_1K,NLTP,RT
0.5031,0.5802,0.01721096,0.017792225,2461485.2,23.086792,0.486,0.572,0.018422723,0.018846512,320558.28,23.043438,-8.743833,916.86316
