acceptance rate,gt in support,C2ST,MMD,KSD_GAUSS,MEDDIST,NLTP,RT
"[1.0, -0.5056366324424744, -0.8136491775512695, -1.0340290069580078, -1.0598987340927124, -1.1495171785354614, -1.5417723655700684, -1.5060985088348389, -1.4413342475891113, -1.4456406831741333]","[1.0, 0.9883999824523926, 0.9929999709129333, 0.9955999851226807, 0.9958000183105469, 0.9955999851226807, 0.994700014591217, 0.9961000084877014, 0.9973999857902527, 0.9977999925613403]",0.76725,0.17345154,90043.73,12.050346,6.9226866,384.58218
