acceptance rate,gt in support,C2ST,MMD,MEDDIST,NLTP,RT
"[1.0, -0.9193334579467773, -1.3278181552886963, -1.5274156332015991, -1.5494087934494019, -1.8971930742263794, -1.9253125190734863, -1.9193134307861328, -1.914155125617981, -2.1151485443115234]","[1.0, 0.9124000072479248, 0.934499979019165, 0.9284999966621399, 0.9401000142097473, 0.9351000189781189, 0.9466999769210815, 0.9502999782562256, 0.9531000256538391, 0.9376999735832214]",0.6352,0.046800256,10.288078,4.0442104,645.1323
