C2ST,C2ST_Z,MMD,MMD_Z,KSD_GAUSS,MEDDIST,C2ST_1K,C2ST_1K_Z,MMD_1K,MMD_1K_Z,KSD_GAUSS_1K,MEDDIST_1K,NLTP,RT
0.98925,0.99705,0.5594786,0.5564722,414561630.0,46.35858,0.9825,0.9935,0.56051576,0.5601466,161576770.0,47.49509,-8.796197,104.87457
