acceptance rate,gt in support,iw var,C2ST,MMD,MEDDIST,NLTP,RT
"[1.0, -0.24048322439193726, -0.21481259167194366, -0.3971806466579437, -0.4870489239692688, -0.7031155228614807, -0.7958800196647644, -0.8728951811790466, -0.7559704184532166, -0.9961088299751282]","[1.0, 1.0, 1.0, 1.0, 1.0, 1.0, 1.0, 1.0, 1.0, 1.0]","[0.0, 384.6869201660156, 384.9489440917969, 382.98956298828125, 396.8340148925781, 382.9459228515625, 390.8974914550781, 393.1915283203125, 385.9414978027344, 383.6059265136719]",0.98165,0.526751,43.546665,-12.413698,1032.059
