acceptance rate,gt in support,iw var,C2ST,MMD,MEDDIST,NLTP,RT
"[1.0, -0.004759807139635086, -0.0052650487050414085, -0.07116907089948654, -0.15889091789722443, -0.16212761402130127, -0.4002988040447235, -0.49498575925827026, -0.41778507828712463, -0.528708279132843]","[1.0, 1.0, 1.0, 1.0, 1.0, 1.0, 1.0, 1.0, 1.0, 1.0]","[0.0, 4.906329587940107e-14, 7.04076757291304e-14, 3.654357198790148e-12, 7.178441868704866e-12, 9.721996645228881e-12, 2.0079169230080574e-11, 1.6416224282722602e-11, 2.165725411507058e-11, 1.6355541920809458e-11]",0.7338,0.16092682,24.919872,-4.4475875,1316.3403
