acceptance rate,gt in support,C2ST,MMD,MEDDIST,NLTP,RT
"[1.0, -1.0501629114151, -1.143746018409729, -1.957524061203003, -1.8804662227630615, -1.9481756687164307, -2.052297353744507, -2.0894277095794678, -2.3020684719085693, -2.2738540172576904]","[1.0, 0.8618000149726868, 0.8700000047683716, 0.8743000030517578, 0.9021999835968018, 0.8953999876976013, 0.911899983882904, 0.8967000246047974, 0.9265000224113464, 0.9340000152587891]",0.7968,0.20154595,11.601196,10.120302,734.06586
