C2ST,C2ST_Z,MMD,MMD_Z,KSD_GAUSS,MEDDIST,C2ST_1K,C2ST_1K_Z,MMD_1K,MMD_1K_Z,KSD_GAUSS_1K,MEDDIST_1K,NLTP,RT
0.72655,0.687,0.038341403,0.0384295,147541.34,1.6198099,0.675,0.6825,0.038298726,0.037847757,14262.388,1.6296749,-1.299223,246.50893
