C2ST,C2ST_Z,MMD,MMD_Z,KSD_GAUSS,MEDDIST,C2ST_1K,C2ST_1K_Z,MMD_1K,MMD_1K_Z,KSD_GAUSS_1K,MEDDIST_1K,NLTP,RT
0.5167,0.5084,0.00053691864,0.0005373955,2521.3137,1.3905661,0.5045,0.492,0.00018703938,0.00018393993,314.26886,1.3802605,3.2852125,1222.8556
