C2ST,C2ST_Z,MMD,MMD_Z,KSD_GAUSS,MEDDIST,C2ST_1K,C2ST_1K_Z,MMD_1K,MMD_1K_Z,KSD_GAUSS_1K,MEDDIST_1K,NLTP,RT
0.5002,0.60545,0.0067169666,0.0067858696,6772672.5,20.68816,0.48,0.5845,0.0026859045,0.0027182102,737318.5,20.940388,-9.681144,146.35832
