acceptance rate,gt in support,C2ST,MMD,MEDDIST,NLTP,RT
"[1.0, -0.18180711567401886, -0.3332948386669159, -0.6258751749992371, -0.6339133977890015, -0.7062324285507202, -1.0024547576904297, -0.9425874948501587, -1.0265363454818726, -1.088391661643982]","[1.0, 1.0, 1.0, 1.0, 1.0, 1.0, 1.0, 1.0, 1.0, 1.0]",0.9502,0.42837685,46.63578,-13.393476,831.89734
