C2ST,C2ST_Z,MMD,MMD_Z,KSD_GAUSS,MEDDIST,C2ST_1K,C2ST_1K_Z,MMD_1K,MMD_1K_Z,KSD_GAUSS_1K,MEDDIST_1K,NLTP,RT
0.9887,0.98825,0.22532827,0.5531122,82201810000000.0,8.023554,0.984,0.9845,0.22297359,0.55847013,8098409000000.0,7.9126043,8.183561,124.44702
