acceptance rate,gt in support,C2ST,MMD,MEDDIST,NLTP,RT
"[1.0, 1.0, 1.0, 1.0, 1.0, 1.0, 1.0, 1.0, 1.0, 1.0]","[1.0, 0.8737000226974487, 0.8752999901771545, 0.9211999773979187, 0.8847000002861023, 0.878600001335144, 0.9118000268936157, 0.904699981212616, 0.9304999709129333, 0.9348999857902527]",0.8748,0.264897,11.722798,7.593196,238.26575
