C2ST,C2ST_Z,MMD,MMD_Z,KSD_GAUSS,MEDDIST,C2ST_1K,C2ST_1K_Z,MMD_1K,MMD_1K_Z,KSD_GAUSS_1K,MEDDIST_1K,NLTP,RT
0.6353,0.61115,0.01924038,0.019145489,67607.625,1.427842,0.6065,0.598,0.016937852,0.016864061,6804.4204,1.430167,0.01955223,88.22287
