C2ST,C2ST_Z,MMD,MMD_Z,KSD_GAUSS,MEDDIST,C2ST_1K,C2ST_1K_Z,MMD_1K,MMD_1K_Z,KSD_GAUSS_1K,MEDDIST_1K,NLTP,RT
0.5399,0.5433,0.01555562,0.013604045,122785.17,11.783288,0.555,0.5265,0.01148808,0.010290146,11751.999,11.852899,5.81439,2163.049
