acceptance rate,gt in support,C2ST,MMD,MEDDIST,NLTP,RT
"[1.0, -0.0398385226726532, -0.08610673248767853, -0.28634148836135864, -0.42258480191230774, -0.7406052350997925, -0.8164048194885254, -0.9398899674415588, -0.8636758327484131, -0.9952058792114258]","[1.0, 1.0, 1.0, 1.0, 1.0, 1.0, 1.0, 1.0, 1.0, 1.0]",0.5007,0.0006496906,21.260292,-8.745055,2524.177
