C2ST,C2ST_Z,MMD,MMD_Z,KSD_GAUSS,MEDDIST,C2ST_1K,C2ST_1K_Z,MMD_1K,MMD_1K_Z,KSD_GAUSS_1K,MEDDIST_1K,NLTP,RT
0.88245,0.84865,0.27836585,0.21076483,74926.88,13.382568,0.876,0.8375,0.2975744,0.22676152,7611.002,13.155317,6.718475,96.881065
