acceptance rate,gt in support,C2ST,MMD,KSD_GAUSS,MEDDIST,NLTP,RT
"[1.0, -0.3556599020957947, -0.7220471501350403, -0.9353756308555603, -1.2057991027832031, -1.3262252807617188, -1.3337373733520508, -1.5400477647781372, -1.8450546264648438, -2.0240049362182617]","[1.0, 1.0, 1.0, 1.0, 1.0, 1.0, 1.0, 1.0, 1.0, 1.0]",0.96415,0.43701217,,17.61065,-14.331422,497.57547
