acceptance rate,gt in support,iw var,C2ST,MMD,MEDDIST,NLTP,RT
"[1.0, -0.4741780161857605, -0.5869517922401428, -0.7392133474349976, -1.017523169517517, -1.111950159072876, -1.1664704084396362, -1.1410763263702393, -1.1891376972198486, -1.132743000984192]","[1.0, 1.0, 1.0, 1.0, 1.0, 1.0, 1.0, 1.0, 1.0, 1.0]","[0.0, 1.742851196695483e-08, 1.569435426063137e-08, 1.7025129750436463e-08, 1.7134572871668752e-08, 1.5220736671039958e-08, 1.7799768770032642e-08, 1.5923816931717738e-08, 2.2628928064705178e-08, 1.7850325662038813e-08]",0.62505,0.043534398,21.886068,-4.3582864,13712.849
