acceptance rate,gt in support,iw var,C2ST,MMD,MEDDIST,NLTP,RT
"[1.0, -0.010305522941052914, -0.026502713561058044, -0.23713397979736328, -0.3519328534603119, -0.5573634505271912, -0.6331663131713867, -0.5529583096504211, -0.5791782140731812, -0.6803111433982849]","[1.0, 1.0, 1.0, 0.9994999766349792, 0.9984999895095825, 0.9958000183105469, 0.9950000047683716, 0.9955999851226807, 0.9951000213623047, 0.9936000108718872]","[0.0, 1.577275554609514e-08, 1.666983351356066e-08, 1.8757527087132075e-08, 2.2361845708473993e-08, 1.761057433213864e-08, 1.5980745615706837e-08, 1.8398463197399906e-08, 1.5803363950794846e-08, 1.624398215938072e-08]",0.8795,0.102606595,2.1424115,2.278884,638.2431
