acceptance rate,gt in support,C2ST,MMD,KSD_GAUSS,MEDDIST,NLTP,RT
"[1.0, -0.03200768306851387, -0.04186634719371796, -0.6303760409355164, -0.6735002994537354, -0.8655439615249634, -0.9845145344734192, -0.9935767650604248, -1.0961589813232422, -1.0669769048690796]","[1.0, 1.0, 1.0, 1.0, 1.0, 1.0, 1.0, 1.0, 1.0, 1.0]",0.5005,0.0060167313,313142.0,16.52271,-5.090731,1665.892
