acceptance rate,gt in support,C2ST,MMD,MEDDIST,NLTP,RT
"[1.0, -0.4599209129810333, -0.5264400839805603, -0.8781120181083679, -1.1368471384048462, -1.1545711755752563, -1.2215508222579956, -1.2219765186309814, -1.244760513305664, -1.2602195739746094]","[1.0, 1.0, 1.0, 1.0, 1.0, 1.0, 1.0, 1.0, 1.0, 1.0]",0.59855,0.0046423674,0.091597006,-3.3607783,3005.2104
