acceptance rate,gt in support,iw var,C2ST,MMD,MEDDIST,NLTP,RT
"[1.0, -0.016441376879811287, -0.00966115202754736, -0.00696077523753047, -0.012155071832239628, -0.02761201374232769, -0.03369399532675743, -0.024683121591806412, -0.027658304199576378, -0.035929031670093536]","[1.0, 0.9973999857902527, 0.9983999729156494, 0.9951000213623047, 0.992900013923645, 0.9652000069618225, 0.9491000175476074, 0.9602000117301941, 0.9664000272750854, 0.9531000256538391]","[0.0, 1.7191819523532104e-08, 2.075701566184307e-08, 1.8099829190987293e-08, 1.5736553393708164e-08, 1.4834522055195976e-08, 1.6126891821954814e-08, 1.7894427273290603e-08, 1.677264016564095e-08, 1.5525246865877307e-08]",0.987,0.20669019,18.41312,17.753527,133.17569
