C2ST,C2ST_Z,MMD,MMD_Z,KSD_GAUSS,MEDDIST,C2ST_1K,C2ST_1K_Z,MMD_1K,MMD_1K_Z,KSD_GAUSS_1K,MEDDIST_1K,NLTP,RT
0.53585,0.5282,0.0071543455,0.0069303513,133842.62,13.454039,0.5325,0.5355,0.010964155,0.0097510815,13305.625,13.555384,1.8069506,1909.6141
