acceptance rate,gt in support,C2ST,MMD,KSD_GAUSS,MEDDIST,NLTP,RT
"[1.0, -0.3213905692100525, -0.4798441231250763, -0.5346915125846863, -0.5748735070228577, -0.6215294599533081, -0.601625919342041, -0.658249020576477, -0.7776551842689514, -0.7378654479980469]","[1.0, 0.9627000093460083, 0.9818000197410583, 0.9821000099182129, 0.9824000000953674, 0.9966999888420105, 0.9951000213623047, 0.9973000288009644, 0.9939000010490417, 0.9973999857902527]",0.80315,0.01086688,347138.94,19.463793,3.0301337,3279.199
