C2ST,C2ST_Z,MMD,MMD_Z,KSD_GAUSS,MEDDIST,C2ST_1K,C2ST_1K_Z,MMD_1K,MMD_1K_Z,KSD_GAUSS_1K,MEDDIST_1K,NLTP,RT
0.9968,0.9987,0.55466497,0.5670852,683784600.0,22.049728,0.9925,0.9985,0.55415875,0.56630933,219005400.0,22.590523,-7.068366,122.458336
