C2ST,C2ST_Z,MMD,MMD_Z,KSD_GAUSS,MEDDIST,C2ST_1K,C2ST_1K_Z,MMD_1K,MMD_1K_Z,KSD_GAUSS_1K,MEDDIST_1K,NLTP,RT
0.80125,0.9028,0.18526638,0.20801693,237194190.0,14.581518,0.742,0.8935,0.1868031,0.20510477,32120602.0,14.755543,-15.601704,3265.5127
