acceptance rate,gt in support,C2ST,MMD,MEDDIST,NLTP,RT
"[1.0, -0.22541005909442902, -0.3056580722332001, -0.34078124165534973, -0.375958651304245, -0.3709643483161926, -0.35082748532295227, -0.3848568797111511, -0.3829297125339508, -0.3718154728412628]","[1.0, 0.996999979019165, 0.9973000288009644, 0.9965999722480774, 0.9970999956130981, 0.9965000152587891, 0.9970999956130981, 0.9976000189781189, 0.9977999925613403, 0.9977999925613403]",0.52665,0.0044186115,1.4899824,-1.454732,1997.2681
