acceptance rate,gt in support,C2ST,MMD,MEDDIST,NLTP,RT
"[1.0, -0.04136445373296738, -0.07758598774671555, -0.08708744496107101, -0.1490476280450821, -0.1745089739561081, -0.1690586805343628, -0.17143677175045013, -0.21239784359931946, -0.22000692784786224]","[1.0, 0.9836000204086304, 0.983299970626831, 0.9828000068664551, 0.9837999939918518, 0.9828000068664551, 0.9847000241279602, 0.9850999712944031, 0.9857000112533569, 0.9854999780654907]",0.6213,0.010026455,1.5121205,1.8827429,300.1609
