acceptance rate,gt in support,C2ST,MMD,MEDDIST,NLTP,RT
"[1.0, 1.0, 1.0, 1.0, 1.0, 1.0, 1.0, 1.0, 1.0, 1.0]","[1.0, 0.9258000254631042, 0.9480999708175659, 0.9261999726295471, 0.9440000057220459, 0.9114999771118164, 0.9035000205039978, 0.9315999746322632, 0.9085999727249146, 0.9053000211715698]",0.9462,0.11213362,18.93132,18.83405,203.10387
