acceptance rate,gt in support,iw var,C2ST,MMD,MEDDIST,NLTP,RT
"[1.0, -1.5050197839736938, -1.4546928405761719, -1.538072943687439, -1.6119160652160645, -1.484938383102417, -1.6712300777435303, -1.621602177619934, -1.676275372505188, -1.6161845922470093]","[1.0, 1.0, 1.0, 1.0, 1.0, 1.0, 1.0, 1.0, 1.0, 1.0]","[0.0, 1.905177526850821e-08, 1.7308392941117745e-08, 1.643458169553469e-08, 1.7329151447142976e-08, 1.7499470317261512e-08, 1.6965197247031938e-08, 1.8410526436696273e-08, 1.7083563008668534e-08, 1.5594256552731167e-08]",0.5391,0.0038573742,16.00553,-0.7349434,16527.445
