acceptance rate,gt in support,C2ST,MMD,KSD_GAUSS,MEDDIST,NLTP,RT
"[1.0, -0.0005432201432995498, -0.0045183924958109856, -0.00522108469158411, -0.18832449615001678, -0.1698606163263321, -0.3462088108062744, -0.36281058192253113, -0.7217037677764893, -0.6009756326675415]","[1.0, 1.0, 1.0, 1.0, 1.0, 1.0, 1.0, 1.0, 1.0, 1.0]",0.87905,0.18636996,29123.664,16.096224,6.031987,375.61484
