C2ST,C2ST_Z,MMD,MMD_Z,KSD_GAUSS,MEDDIST,C2ST_1K,C2ST_1K_Z,MMD_1K,MMD_1K_Z,KSD_GAUSS_1K,MEDDIST_1K,NLTP,RT
0.74375,0.7149,0.05748868,0.057686687,210282.39,1.5748228,0.7455,0.7435,0.06195593,0.062711835,22260.314,1.5781273,1.2548857,44.769257
