acceptance rate,gt in support,C2ST,MMD,MEDDIST,NLTP,RT
"[1.0, -0.09780668467283249, -0.09941443055868149, -0.09895056486129761, -0.14938440918922424, -0.17143677175045013, -0.16178077459335327, -0.1734069585800171, -0.18825748562812805, -0.30551180243492126]","[1.0, 0.8414999842643738, 0.8690999746322632, 0.8802000284194946, 0.9343000054359436, 0.9283999800682068, 0.9358999729156494, 0.9294000267982483, 0.9379000067710876, 0.935699999332428]",0.9517,0.10758114,20.10846,7.2618256,106.203094
