acceptance rate,gt in support,iw var,C2ST,MMD,MEDDIST,NLTP,RT
"[1.0, -0.6392930150032043, -0.5781905055046082, -0.6023380160331726, -0.6591594219207764, -0.6799368262290955, -0.6499847173690796, -0.7145927548408508, -0.7504755258560181, -0.7489298582077026]","[1.0, 1.0, 1.0, 1.0, 1.0, 1.0, 1.0, 1.0, 1.0, 1.0]","[0.0, 2.0237250097920878e-08, 1.6418779225091384e-08, 1.6079285458658887e-08, 1.612966293862428e-08, 1.9755807656451907e-08, 1.7297780985359168e-08, 1.5870567082743037e-08, 1.7908247329501137e-08, 1.6811894099078017e-08]",0.58995,1.859665e-05,0.08814494,-3.7710946,710.8946
