acceptance rate,gt in support,C2ST,MMD,MEDDIST,NLTP,RT
"[1.0, 1.0, 1.0, 1.0, 1.0, 1.0, 1.0, 1.0, 1.0, 1.0]","[1.0, 1.0, 1.0, 1.0, 1.0, 1.0, 1.0, 0.9998999834060669, 0.9998999834060669, 0.9998999834060669]",0.53445,0.004959941,0.08942406,-2.8749156,662.29114
