acceptance rate,gt in support,iw var,C2ST,MMD,MEDDIST,NLTP,RT
"[1.0, -0.09334179759025574, -0.12389767915010452, -0.12159311026334763, -0.10974671691656113, -0.42852410674095154, -0.5471406579017639, -0.7244583368301392, -0.5783960819244385, -0.5934598445892334]","[1.0, 0.9998999834060669, 0.9998999834060669, 1.0, 1.0, 0.9997000098228455, 0.9955999851226807, 0.9936000108718872, 0.9995999932289124, 0.9976999759674072]","[0.0, 392.07208251953125, 392.2685546875, 379.10089111328125, 383.03082275390625, 391.70086669921875, 383.6698913574219, 390.970947265625, 389.26531982421875, 383.5758056640625]",0.952,0.15711033,28.493488,5.1797476,237897.94
