C2ST,C2ST_Z,MMD,MMD_Z,KSD_GAUSS,MEDDIST,C2ST_1K,C2ST_1K_Z,MMD_1K,MMD_1K_Z,KSD_GAUSS_1K,MEDDIST_1K,NLTP,RT
0.68275,0.6548,0.02827537,0.028197289,77971.734,1.4705598,0.6715,0.6775,0.030063868,0.030371904,8200.612,1.4732934,0.9198122,56.732685
