C2ST,C2ST_Z,MMD,MMD_Z,KSD_GAUSS,MEDDIST,C2ST_1K,C2ST_1K_Z,MMD_1K,MMD_1K_Z,KSD_GAUSS_1K,MEDDIST_1K,NLTP,RT
0.5249,0.524,0.0025467873,0.002547145,inf,0.087936215,0.5245,0.5245,0.0015677214,0.0015678406,inf,0.08815543,-2.05063,1213.8358
