acceptance rate,gt in support,C2ST,MMD,MEDDIST,NLTP,RT
"[1.0, -0.0945819616317749, -0.45713311433792114, -0.6011229753494263, -0.5101820826530457, -0.5450409054756165, -0.49990078806877136, -0.7126088738441467, -0.664943516254425, -0.6744433045387268]","[1.0, 0.9807000160217285, 0.9544000029563904, 0.9664999842643738, 0.9785000085830688, 0.9765999913215637, 0.9778000116348267, 0.9646000266075134, 0.9812999963760376, 0.9878000020980835]",0.7454,0.006360173,25.951714,4.4347963,4679.5244
