acceptance rate,gt in support,C2ST,MMD,MEDDIST,NLTP,RT
"[1.0, 1.0, 1.0, 1.0, 1.0, 1.0, 1.0, 1.0, 1.0, 1.0]","[1.0, 0.0, 0.0, 0.0, 0.0010000000474974513, 0.00019999999494757503, 0.03150000050663948, 0.009100000374019146, 0.023800000548362732, 0.020099999383091927]",0.99975,0.70769054,51.804916,9.953816,146.41739
