acceptance rate,gt in support,iw var,C2ST,MMD,MEDDIST,NLTP,RT
"[1.0, -0.5190593004226685, -0.5326879620552063, -0.5885907411575317, -0.5898557305335999, -0.8116742968559265, -0.8903371095657349, -1.1461280584335327, -1.1048325300216675, -1.157224416732788]","[1.0, 1.0, 1.0, 1.0, 1.0, 1.0, 1.0, 1.0, 1.0, 1.0]","[0.0, 1.668198379434216e-08, 1.8493947706588187e-08, 1.7280072484027187e-08, 1.7809977492788676e-08, 1.4533187098209055e-08, 2.0074123696645074e-08, 1.657485348971477e-08, 1.8508201193867535e-08, 1.6139232172918128e-08]",0.5009,0.0017669201,23.323807,-9.764439,10866.122
