acceptance rate,gt in support,C2ST,MMD,KSD_GAUSS,MEDDIST,NLTP,RT
"[1.0, -0.7683605551719666, -0.729398787021637, -1.5136339664459229, -1.4908841848373413, -1.4766004085540771, -1.4972316026687622, -1.5637084245681763, -1.6270451545715332, -1.6624104976654053]","[1.0, 0.9878000020980835, 0.9929999709129333, 0.9937999844551086, 0.9965000152587891, 0.9973000288009644, 0.9966999888420105, 0.9973000288009644, 0.9975000023841858, 0.9973999857902527]",0.682,0.10001409,40711.926,10.282806,6.430917,201.31265
