acceptance rate,gt in support,C2ST,MMD,MEDDIST,NLTP,RT
"[1.0, -1.061855673789978, -1.1402614116668701, -1.6869940757751465, -1.728244423866272, -1.785025954246521, -1.935671091079712, -1.9525953531265259, -2.0114498138427734, -2.1583189964294434]","[1.0, 0.9448000192642212, 0.9581999778747559, 0.9555000066757202, 0.9614999890327454, 0.9638000130653381, 0.9624000191688538, 0.9614999890327454, 0.9638000130653381, 0.9729999899864197]",0.62725,0.033878446,9.838749,5.630684,683.15045
