acceptance rate,gt in support,C2ST,MMD,KSD_GAUSS,MEDDIST,NLTP,RT
"[1.0, -0.30192846059799194, -0.5766312479972839, -0.8001664876937866, -0.8957263231277466, -1.1967136859893799, -1.2378218173980713, -1.2689204216003418, -1.9358863830566406, -2.0010762214660645]","[1.0, 1.0, 1.0, 1.0, 1.0, 1.0, 1.0, 1.0, 1.0, 1.0]",0.7391,0.09524435,1180249200.0,22.386776,-14.453329,5386.0625
