acceptance rate,gt in support,C2ST,MMD,KSD_GAUSS,MEDDIST,NLTP,RT
"[1.0, -0.5854862332344055, -0.9467934966087341, -1.126098394393921, -1.4666516780853271, -1.513590931892395, -1.1990253925323486, -1.1401329040527344, -1.5462571382522583, -1.3399111032485962]","[1.0, 1.0, 1.0, 1.0, 0.9998999834060669, 1.0, 1.0, 1.0, 1.0, 1.0]",0.49615,0.0043661594,7039501.0,20.904545,-9.221775,1728.5717
