acceptance rate,gt in support,C2ST,MMD,KSD_GAUSS,MEDDIST,NLTP,RT
"[1.0, -0.4025607705116272, -0.49073025584220886, -0.6755940914154053, -0.6327186226844788, -0.7702328562736511, -0.7800788283348083, -0.8974805474281311, -0.8836413621902466, -0.8919426202774048]","[1.0, 0.9979000091552734, 0.9994000196456909, 0.998199999332428, 0.9993000030517578, 0.9994999766349792, 0.9991000294685364, 0.9987000226974487, 0.9997000098228455, 0.9991000294685364]",0.80585,0.022259593,78312.86,22.796833,2.8803108,2147.6726
