acceptance rate,gt in support,iw var,C2ST,MMD,MEDDIST,NLTP,RT
"[1.0, -0.8653050661087036, -0.8409057259559631, -0.8384608626365662, -0.9057230353355408, -0.8328937292098999, -0.8793438076972961, -0.7734860181808472, -0.7406450510025024, -0.8780710101127625]","[1.0, 1.0, 1.0, 1.0, 1.0, 1.0, 1.0, 1.0, 1.0, 1.0]","[0.0, 2.974015478329761e-11, 3.632695533273278e-11, 2.757795207475322e-11, 2.802741025376143e-11, 4.59977195221839e-11, 5.6381271179573034e-11, 3.5057345915134874e-11, 3.750039515026948e-11, 5.5539402937787585e-11]",0.4941,0.0016691685,23.2379,-8.679299,3809.3484
