C2ST,C2ST_Z,MMD,MMD_Z,KSD_GAUSS,MEDDIST,C2ST_1K,C2ST_1K_Z,MMD_1K,MMD_1K_Z,KSD_GAUSS_1K,MEDDIST_1K,NLTP,RT
0.4997,0.5451,9.679794e-05,9.691715e-05,inf,0.08932977,0.491,0.501,-0.00021290779,-0.00021111965,inf,0.09469293,-4.0935545,1718.334
