acceptance rate,gt in support,iw var,C2ST,MMD,MEDDIST,NLTP,RT
"[1.0, -0.5081832408905029, -0.5003129243850708, -0.5637975931167603, -0.6545870900154114, -0.7560116648674011, -0.7430018186569214, -0.7917506694793701, -0.7729707360267639, -0.8336967825889587]","[1.0, 1.0, 1.0, 1.0, 1.0, 1.0, 1.0, 1.0, 1.0, 1.0]","[0.0, 1.742566801965495e-08, 1.67300822084826e-08, 1.6764268195856857e-08, 1.5696771882289795e-08, 1.7065852730979714e-08, 1.7548238417930406e-08, 1.7730311441255253e-08, 1.76649539440632e-08, 1.68372356057489e-08]",0.5688,3.7908554e-05,0.08764613,-4.097647,409.03555
