C2ST,C2ST_Z,MMD,MMD_Z,KSD_GAUSS,MEDDIST,C2ST_1K,C2ST_1K_Z,MMD_1K,MMD_1K_Z,KSD_GAUSS_1K,MEDDIST_1K,NLTP,RT
0.53255,0.5318,0.0037488937,0.0037481785,inf,0.08677396,0.5315,0.5315,0.0031187534,0.0031186342,inf,0.087259226,-2.3929121,285.11465
