C2ST,C2ST_Z,MMD,MMD_Z,KSD_GAUSS,MEDDIST,C2ST_1K,C2ST_1K_Z,MMD_1K,MMD_1K_Z,KSD_GAUSS_1K,MEDDIST_1K,NLTP,RT
0.72655,0.72295,0.0048784018,0.004879594,inf,0.09531218,0.6825,0.6765,0.0046885014,0.004694581,inf,0.09405394,-4.5944357,94.97347
