acceptance rate,gt in support,C2ST,MMD,KSD_GAUSS,MEDDIST,NLTP,RT
"[1.0, -0.4801064431667328, -0.49059587717056274, -0.9082939624786377, -0.929962158203125, -1.2106682062149048, -1.2368216514587402, -1.2522861957550049, -1.2462466955184937, -1.2381556034088135]","[1.0, 0.9653000235557556, 0.9894000291824341, 0.9901000261306763, 0.9904999732971191, 0.9891999959945679, 0.9904999732971191, 0.9925000071525574, 0.9944000244140625, 0.9958999752998352]",0.6438,0.07025504,198967.83,10.837439,6.266078,325.0971
