acceptance rate,gt in support,iw var,C2ST,MMD,MEDDIST,NLTP,RT
"[1.0, -0.0006954394630156457, -0.001740665058605373, -0.004715893883258104, -0.008596712723374367, -0.03128363564610481, -0.03498656302690506, -0.032686106860637665, -0.06494643539190292, -0.06595628708600998]","[1.0, 1.0, 1.0, 0.9998999834060669, 0.9998000264167786, 0.9994999766349792, 0.9994999766349792, 0.9994000196456909, 0.9983000159263611, 0.9983999729156494]","[0.0, 382.5325012207031, 384.8978271484375, 378.3236083984375, 384.6087646484375, 391.666259765625, 388.07098388671875, 379.426025390625, 393.4600830078125, 383.0797119140625]",0.71595,0.03347826,1.509547,2.6069193,205.00337
