acceptance rate,gt in support,C2ST,MMD,MEDDIST,NLTP,RT
"[1.0, -0.49709516763687134, -0.5983410477638245, -0.7331022024154663, -0.6673192381858826, -0.7560116648674011, -0.8733816742897034, -0.9048306345939636, -0.9454720616340637, -1.1105690002441406]","[1.0, 1.0, 1.0, 1.0, 1.0, 1.0, 1.0, 1.0, 1.0, 1.0]",0.58255,0.023216248,0.09149073,-4.3932533,4783.5693
