acceptance rate,gt in support,C2ST,MMD,MEDDIST,NLTP,RT
"[1.0, -0.026548858731985092, -0.028283599764108658, -0.06429125368595123, -0.05836436152458191, -0.06198091059923172, -0.06631029397249222, -0.09143458306789398, -0.08961575478315353, -0.09425807744264603]","[1.0, 0.9991000294685364, 0.9994000196456909, 0.9986000061035156, 0.9990000128746033, 0.9990000128746033, 0.9993000030517578, 0.9987999796867371, 0.9988999962806702, 0.9988999962806702]",0.5292,0.000797987,1.3197547,-0.4432497,287.9914
