acceptance rate,gt in support,C2ST,MMD,KSD_GAUSS,MEDDIST,NLTP,RT
"[1.0, -0.39851945638656616, -0.6106921434402466, -0.9988290071487427, -1.0841944217681885, -1.5595589876174927, -1.5588783025741577, -1.6805468797683716, -1.6759320497512817, -1.71930992603302]","[1.0, 1.0, 1.0, 1.0, 1.0, 1.0, 1.0, 1.0, 1.0, 1.0]",0.6278,0.046771884,256953.53,15.619174,-0.82039547,213.31
