acceptance rate,gt in support,C2ST,MMD,MEDDIST,NLTP,RT
"[1.0, -0.37055641412734985, -0.39069023728370667, -0.38457605242729187, -0.8353922367095947, -1.2214231491088867, -1.1943717002868652, -1.2765443325042725, -1.9949408769607544, -1.8123058080673218]","[1.0, 1.0, 1.0, 1.0, 1.0, 1.0, 1.0, 1.0, 1.0, 1.0]",0.97905,0.3402652,18.622356,-10.574393,4682.3784
