acceptance rate,gt in support,iw var,C2ST,MMD,MEDDIST,NLTP,RT
"[1.0, -0.012155071832239628, -0.030118370428681374, -0.03367052227258682, -0.04392768815159798, -0.053646016865968704, -0.09012320637702942, -0.11238272488117218, -0.10918789356946945, -0.1772436648607254]","[1.0, 0.9986000061035156, 0.9987000226974487, 0.9991000294685364, 0.9987999796867371, 0.9987000226974487, 0.9986000061035156, 0.9980999827384949, 0.9980999827384949, 0.9975000023841858]","[0.0, 388.67071533203125, 381.5917663574219, 386.7225341796875, 381.0289306640625, 387.744873046875, 389.9203796386719, 389.8371887207031, 393.2332763671875, 383.599609375]",0.5902,0.0021924973,1.4529073,0.24066353,787.8137
