acceptance rate,gt in support,C2ST,MMD,MEDDIST,NLTP,RT
"[1.0, 1.0, 1.0, 1.0, 1.0, 1.0, 1.0, 1.0, 1.0, 1.0]","[1.0, 0.9968000054359436, 0.9976999759674072, 0.9983999729156494, 0.9986000061035156, 0.9983000159263611, 0.9984999895095825, 0.9984999895095825, 0.9993000030517578, 0.9993000030517578]",0.58845,0.011516929,1.6376493,1.7022829,10011.259
