acceptance rate,gt in support,C2ST,MMD,MEDDIST,NLTP,RT
"[1.0, -0.39899080991744995, -0.47435060143470764, -0.6910516023635864, -0.7727562189102173, -0.921301543712616, -0.9417427182197571, -0.9492766261100769, -0.9919110536575317, -1.0543262958526611]","[1.0, 0.980400025844574, 0.9886000156402588, 0.993399977684021, 0.9932000041007996, 0.9929999709129333, 0.9927999973297119, 0.9919999837875366, 0.9909999966621399, 0.9879999756813049]",0.7301,0.0014474392,9.597538,3.1007934,6008.8296
