C2ST,C2ST_Z,MMD,MMD_Z,KSD_GAUSS,MEDDIST,C2ST_1K,C2ST_1K_Z,MMD_1K,MMD_1K_Z,KSD_GAUSS_1K,MEDDIST_1K,NLTP,RT
0.5549,0.5432,0.0016697645,0.0016694069,6907.9214,1.4122131,0.5345,0.532,0.0005363226,0.00054621696,602.1352,1.4189565,1.4668293,117.19526
