C2ST,C2ST_Z,MMD,MMD_Z,KSD_GAUSS,MEDDIST,C2ST_1K,C2ST_1K_Z,MMD_1K,MMD_1K_Z,KSD_GAUSS_1K,MEDDIST_1K,NLTP,RT
0.86785,0.9153,0.48797452,0.5036831,298434240.0,16.455387,0.843,0.904,0.46759775,0.48250338,27497292.0,16.529005,-16.305119,3862.4807
