acceptance rate,gt in support,C2ST,MMD,KSD_GAUSS,MEDDIST,NLTP,RT
"[1.0, -0.0008259519236162305, -0.0012830677442252636, -0.006585839204490185, -0.004979413002729416, -0.004759807139635086, -0.005506879184395075, -0.005572870373725891, -0.010061006993055344, -0.008729621767997742]","[1.0, 0.9997000098228455, 0.9991999864578247, 0.9987999796867371, 0.9991000294685364, 0.9993000030517578, 0.9998000264167786, 0.9997000098228455, 0.9991999864578247, 0.9993000030517578]",0.73265,0.0451082,174948.28,1.5937717,4.52283,68.58808
