acceptance rate,gt in support,iw var,C2ST,MMD,MEDDIST,NLTP,RT
"[1.0, -0.8697466850280762, -0.83074551820755, -1.1869614124298096, -1.1549019813537598, -1.328827142715454, -1.2924723625183105, -1.3477957248687744, -1.4396235942840576, -1.4497716426849365]","[1.0, 0.9549999833106995, 0.9911999702453613, 0.9940000176429749, 0.9977999925613403, 0.9976000189781189, 0.9990000128746033, 0.9987999796867371, 0.9987000226974487, 0.998199999332428]","[0.0, 1.828480478138772e-08, 1.909400459965127e-08, 1.6379321010617787e-08, 1.6774752253922998e-08, 1.7781006889094897e-08, 1.9961273522994816e-08, 1.5899299654620336e-08, 1.6523536316981335e-08, 1.6100790034556667e-08]",0.73655,0.0874325,10.793125,5.2331457,901.815
