acceptance rate,gt in support,C2ST,MMD,KSD_GAUSS,MEDDIST,NLTP,RT
"[1.0, -0.469288170337677, -0.5579123497009277, -0.6665124297142029, -0.6707649230957031, -0.8899998664855957, -1.2865514755249023, -1.1030499935150146, -1.1931843757629395, -1.270110845565796]","[1.0, 0.9998999834060669, 1.0, 1.0, 1.0, 1.0, 1.0, 1.0, 1.0, 1.0]",0.5264,0.0010308027,inf,0.086707935,-4.01215,1595.6327
