acceptance rate,gt in support,C2ST,MMD,KSD_GAUSS,MEDDIST,NLTP,RT
"[1.0, -0.13303370773792267, -0.10322584211826324, -0.5476768016815186, -0.4797458052635193, -0.7386974692344666, -0.6989700198173523, -0.8648673295974731, -0.8601996302604675, -0.811071515083313]","[1.0, 0.995199978351593, 0.9975000023841858, 0.9063000082969666, 0.9559000134468079, 0.9778000116348267, 0.9821000099182129, 0.9641000032424927, 0.9761000275611877, 0.9534000158309937]",0.92335,0.08538973,374164520000.0,30.184692,24.75153,375.4383
