acceptance rate,gt in support,C2ST,MMD,MEDDIST,NLTP,RT
"[1.0, -1.4912314414978027, -1.7547038793563843, -1.8808813095092773, -1.8784747123718262, -1.9474400281906128, -1.9461880922317505, -1.9307794570922852, -1.9559688568115234, -1.9209480285644531]","[1.0, 0.9997000098228455, 0.9990000128746033, 0.9983999729156494, 0.9987999796867371, 0.9979000091552734, 0.9977999925613403, 0.9980000257492065, 0.9979000091552734, 0.9987000226974487]",0.54445,0.009190321,13.451191,2.1773138,5315.0884
