acceptance rate,gt in support,C2ST,MMD,KSD_GAUSS,MEDDIST,NLTP,RT
"[1.0, -0.0016316770343109965, -0.00307263620197773, -0.00235154596157372, -0.008818240836262703, -0.007932750508189201, -0.008220335468649864, -0.06233169138431549, -0.034069597721099854, -0.04510655626654625]","[1.0, 0.9980000257492065, 0.9952999949455261, 0.9975000023841858, 0.9947999715805054, 0.9955000281333923, 0.9968000054359436, 0.9926000237464905, 0.9968000054359436, 0.996999979019165]",0.81645,0.04943931,196037.4,1.7066975,1.8680515,212.90927
