acceptance rate,gt in support,C2ST,MMD,KSD_GAUSS,MEDDIST,NLTP,RT
"[1.0, -0.003335133660584688, -0.004935477860271931, -0.08862929046154022, -0.10463271290063858, -0.18035738170146942, -0.4024510681629181, -0.4573820233345032, -0.47014203667640686, -0.456180214881897]","[1.0, 1.0, 1.0, 1.0, 1.0, 1.0, 1.0, 1.0, 1.0, 1.0]",0.5149,0.0116781,1054626.2,21.354156,-8.435632,331.3481
