acceptance rate,gt in support,iw var,C2ST,MMD,MEDDIST,NLTP,RT
"[1.0, -0.010817261412739754, -0.013004464097321033, -0.06358680874109268, -0.0932341068983078, -0.0831514224410057, -0.12801867723464966, -0.13864482939243317, -0.15942348539829254, -0.28441447019577026]","[1.0, 1.0, 1.0, 1.0, 1.0, 1.0, 1.0, 1.0, 1.0, 1.0]","[0.0, 1.7174400568364945e-08, 1.6778075817569515e-08, 1.721597087112059e-08, 1.620328937690374e-08, 1.9768290115962373e-08, 1.679248207153705e-08, 1.7875768421049543e-08, 1.5207811898676482e-08, 1.6076871389714142e-08]",0.99655,0.5491075,78.729515,-8.631929,147.65431
