acceptance rate,gt in support,C2ST,MMD,MEDDIST,NLTP,RT
"[1.0, 1.0, 1.0, 1.0, 1.0, 1.0, 1.0, 1.0, 1.0, 1.0]","[1.0, 0.9677000045776367, 0.9872999787330627, 0.9980000257492065, 0.9957000017166138, 0.9925000071525574, 0.9955999851226807, 0.9948999881744385, 0.9972000122070312, 0.9972000122070312]",0.93255,0.097412586,19.705807,5.8046975,930.5143
