acceptance rate,gt in support,C2ST,MMD,KSD_GAUSS,MEDDIST,NLTP,RT
"[1.0, -1.1892216205596924, -1.2503066062927246, -1.2763283252716064, -1.3365132808685303, -1.2806272506713867, -1.3811572790145874, -1.2836626768112183, -1.3527021408081055, -1.3629274368286133]","[1.0, 1.0, 1.0, 1.0, 1.0, 1.0, 1.0, 1.0, 1.0, 1.0]",0.5004,0.0036460161,217571.62,25.119713,-9.069505,1828.184
