acceptance rate,gt in support,iw var,C2ST,MMD,MEDDIST,NLTP,RT
"[1.0, -0.0034226856660097837, -0.005045298486948013, -0.05337581783533096, -0.41888508200645447, -0.3956299126148224, -0.4440595805644989, -0.43070414662361145, -0.4263162910938263, -0.4931906759738922]","[1.0, 0.9954000115394592, 0.9976000189781189, 1.0, 0.9983999729156494, 1.0, 0.9997000098228455, 0.9998999834060669, 0.9998000264167786, 0.9990000128746033]","[0.0, 2.9655163658048878e-08, 1.6972968808204314e-08, 1.7707149524426313e-08, 1.6060392127315026e-08, 1.5818947929346905e-08, 1.8673558699333626e-08, 1.7250393113954487e-08, 1.5202806125103052e-08, 1.817548778149103e-08]",0.93375,0.0815959,19.879612,5.548205,1056.0652
