acceptance rate,gt in support,C2ST,MMD,KSD_GAUSS,MEDDIST,NLTP,RT
"[1.0, -1.2781460285186768, -1.4164234399795532, -1.632427453994751, -1.6050360202789307, -1.5828478336334229, -1.5987287759780884, -1.5435917377471924, -1.5816136598587036, -1.6504418849945068]","[1.0, 0.9998999834060669, 0.9998999834060669, 0.9998000264167786, 0.9998000264167786, 0.9998000264167786, 0.9998999834060669, 0.9998999834060669, 0.9998999834060669, 0.9998999834060669]",0.5389,0.008724809,123523.04,13.390482,1.6480465,1455.7509
