acceptance rate,gt in support,C2ST,MMD,KSD_GAUSS,MEDDIST,NLTP,RT
"[1.0, -0.002438899828121066, -0.0017624711617827415, -0.0071373386308550835, -0.006255264859646559, -0.014708300121128559, -0.012937360443174839, -0.12280150502920151, -0.34498968720436096, -0.415668785572052]","[1.0, 1.0, 1.0, 1.0, 1.0, 1.0, 1.0, 1.0, 1.0, 1.0]",0.6336,0.06397003,4379073.5,21.725561,-6.6287446,164.75528
