acceptance rate,gt in support,C2ST,MMD,MEDDIST,NLTP,RT
"[1.0, -1.863965392112732, -2.1163601875305176, -2.172708749771118, -2.1654107570648193, -2.165583610534668, -2.150165557861328, -2.173882007598877, -2.120270013809204, -2.1507277488708496]","[1.0, 0.9606000185012817, 0.9657999873161316, 0.9682999849319458, 0.9790999889373779, 0.9797000288963318, 0.9843999743461609, 0.9861000180244446, 0.9911999702453613, 0.9908000230789185]",0.53955,0.0020241737,9.527893,4.486143,6856.662
