acceptance rate,gt in support,iw var,C2ST,MMD,MEDDIST,NLTP,RT
"[1.0, -0.2525493800640106, -0.2668830156326294, -0.4747391939163208, -0.5877495408058167, -0.6047784686088562, -0.6605485677719116, -0.6561976671218872, -0.6898592114448547, -0.8034290671348572]","[1.0, 1.0, 1.0, 1.0, 1.0, 1.0, 1.0, 1.0, 1.0, 1.0]","[0.0, 1.818549932863789e-08, 1.8540967872127112e-08, 1.750110456555376e-08, 1.631116042233316e-08, 1.9893688474326154e-08, 1.7726929257833035e-08, 1.738982824406321e-08, 1.4823427818555501e-08, 1.6520013801368805e-08]",0.62525,0.00037109852,0.099249564,-2.2866871,130.35487
