acceptance rate,gt in support,C2ST,MMD,MEDDIST,NLTP,RT
"[1.0, 1.0, 1.0, 1.0, 1.0, 1.0, 1.0, 1.0, 1.0, 1.0]","[1.0, 1.0, 1.0, 1.0, 1.0, 1.0, 0.9995999932289124, 1.0, 0.9995999932289124, 0.9990000128746033]",0.5434,0.0032804012,0.09302251,-4.3885384,850.5036
