acceptance rate,gt in support,iw var,C2ST,MMD,MEDDIST,NLTP,RT
"[1.0, -0.12691202759742737, -0.1545298844575882, -0.19463512301445007, -0.2724587619304657, -0.5692800879478455, -0.44502657651901245, -0.5710557103157043, -0.6526699662208557, -1.0204516649246216]","[1.0, 1.0, 1.0, 1.0, 1.0, 1.0, 1.0, 1.0, 1.0, 1.0]","[0.0, 386.47991943359375, 383.0456237792969, 386.3790588378906, 393.5653381347656, 389.4887390136719, 387.1986999511719, 390.2279052734375, 374.3280029296875, 382.4154357910156]",0.96765,0.4840177,65.02663,-9.244411,1244.5903
