acceptance rate,gt in support,C2ST,MMD,KSD_GAUSS,MEDDIST,NLTP,RT
"[1.0, -0.5418155789375305, -0.6063545942306519, -0.7014743685722351, -0.7226582169532776, -0.7039200663566589, -0.8504345417022705, -0.7959575653076172, -0.8048122525215149, -0.8362424969673157]","[1.0, 1.0, 1.0, 1.0, 1.0, 1.0, 1.0, 1.0, 1.0, 1.0]",0.5407,0.00021666288,inf,0.0902496,-4.2393336,301.27704
