acceptance rate,gt in support,C2ST,MMD,MEDDIST,NLTP,RT
"[1.0, -0.3116395175457001, -0.4830351769924164, -0.5962362289428711, -0.656946063041687, -0.8647083044052124, -0.914392352104187, -1.0386652946472168, -1.2305406332015991, -1.1721140146255493]","[1.0, 0.9979000091552734, 0.9958000183105469, 0.9948999881744385, 0.9932000041007996, 0.9897000193595886, 0.9891999959945679, 0.9868000149726868, 0.9811999797821045, 0.9839000105857849]",0.7515,0.049742103,2.0423512,1.9210598,11644.239
