acceptance rate,gt in support,iw var,C2ST,MMD,MEDDIST,NLTP,RT
"[1.0, -0.0010870946571230888, -0.0024825832806527615, -0.004847646690905094, -0.004891546908766031, -0.0057268631644546986, -0.014169519767165184, -0.031236957758665085, -0.03348283842206001, -0.029978753998875618]","[1.0, 0.9998000264167786, 0.9998999834060669, 0.9998000264167786, 0.9998000264167786, 0.9997000098228455, 0.9997000098228455, 0.9991000294685364, 0.9991000294685364, 0.9994000196456909]","[0.0, 391.838134765625, 387.2118225097656, 381.973388671875, 387.30718994140625, 387.2186279296875, 384.72686767578125, 392.53961181640625, 395.8026428222656, 390.9449157714844]",0.6125,0.012506962,1.4047353,2.5492392,195.96518
