acceptance rate,gt in support,C2ST,MMD,MEDDIST,NLTP,RT
"[1.0, -0.006718134041875601, -0.006762223783880472, -0.016599273309111595, -0.014573548920452595, -0.016892656683921814, -0.036589983850717545, -0.032054416835308075, -0.023306218907237053, -0.03914884477853775]","[1.0, 1.0, 1.0, 1.0, 1.0, 1.0, 1.0, 1.0, 1.0, 1.0]",0.53305,0.0019872189,1.3509144,-1.6391029,8275.011
