acceptance rate,gt in support,iw var,C2ST,MMD,MEDDIST,NLTP,RT
"[1.0, -0.31247103214263916, -0.6597145795822144, -0.7546518445014954, -0.9558916091918945, -1.1748769283294678, -1.3139172792434692, -1.4477934837341309, -1.530134677886963, -1.4226784706115723]","[1.0, 1.0, 1.0, 1.0, 1.0, 1.0, 1.0, 1.0, 1.0, 1.0]","[0.0, 1.773741049870825e-11, 1.3044536804895923e-11, 1.1858555803989645e-11, 1.8978050034257343e-11, 2.1836305333367e-11, 2.076407969175964e-11, 2.1575284961383723e-11, 1.8254557587749076e-11, 5.928620788742123e-11]",0.5005,0.004846573,20.248457,-5.5429225,4136.585
