acceptance rate,gt in support,C2ST,MMD,KSD_GAUSS,MEDDIST,NLTP,RT
"[1.0, -0.09764352440834045, -0.29039090871810913, -0.5836924314498901, -0.8222162127494812, -0.8941068053245544, -1.162874698638916, -1.4254971742630005, -1.3498615026474, -1.6241025924682617]","[1.0, 1.0, 1.0, 1.0, 1.0, 1.0, 1.0, 1.0, 1.0, 1.0]",0.5009,0.009817123,2259176.5,24.351591,-9.563996,98.69091
