C2ST,C2ST_Z,MMD,MMD_Z,KSD_GAUSS,MEDDIST,C2ST_1K,C2ST_1K_Z,MMD_1K,MMD_1K_Z,KSD_GAUSS_1K,MEDDIST_1K,NLTP,RT
0.98515,0.99585,0.5406667,0.55839187,1333260000.0,33.220863,0.969,0.9925,0.5358453,0.5544112,258304420.0,33.90486,-11.690769,413.13593
