C2ST,C2ST_Z,MMD,MMD_Z,KSD_GAUSS,MEDDIST,C2ST_1K,C2ST_1K_Z,MMD_1K,MMD_1K_Z,KSD_GAUSS_1K,MEDDIST_1K,NLTP,RT
0.50055,0.60615,0.014859915,0.014518857,2904482.2,22.15852,0.477,0.6005,0.022147417,0.021743655,466154.5,22.169727,-7.876186,166.80829
