acceptance rate,gt in support,C2ST,MMD,MEDDIST,NLTP,RT
"[1.0, -1.2333393096923828, -1.5247135162353516, -1.6438466310501099, -1.6811109781265259, -1.7388886213302612, -1.7846438884735107, -1.7029908895492554, -1.7473636865615845, -1.7818262577056885]","[1.0, 1.0, 1.0, 0.9998999834060669, 0.9998999834060669, 0.9998999834060669, 0.9998999834060669, 0.9998999834060669, 0.9998999834060669, 0.9997000098228455]",0.5279,0.0044733286,13.005924,0.89093876,18182.828
