C2ST,C2ST_Z,MMD,MMD_Z,KSD_GAUSS,MEDDIST,C2ST_1K,C2ST_1K_Z,MMD_1K,MMD_1K_Z,KSD_GAUSS_1K,MEDDIST_1K,NLTP,RT
0.8253,0.83045,0.47282326,0.4731234,16689631.0,23.259407,0.8025,0.816,0.43939602,0.44085675,1639676.0,23.086754,-1.1757364,100.77205
