acceptance rate,gt in support,iw var,C2ST,MMD,MEDDIST,NLTP,RT
"[1.0, -0.08294109255075455, -0.0810789167881012, -0.10927168279886246, -0.32218021154403687, -0.5803333520889282, -1.1279270648956299, -1.2301015853881836, -1.3119617700576782, -1.2506502866744995]","[1.0, 1.0, 1.0, 1.0, 1.0, 1.0, 1.0, 1.0, 1.0, 1.0]","[0.0, 1.5864799252085504e-08, 1.686046147142406e-08, 1.6978452421767543e-08, 1.7632924453891974e-08, 1.528645832138409e-08, 1.6726065865668716e-08, 1.6873203279033078e-08, 1.7395796803043595e-08, 1.5274679299182026e-08]",0.57135,0.031986475,20.518284,-5.8133135,17440.285
