acceptance rate,gt in support,C2ST,MMD,MEDDIST,NLTP,RT
"[1.0, -0.004606157075613737, -0.0047378502786159515, -0.00522108469158411, -0.006057035643607378, -0.008995561860501766, -0.012311416678130627, -0.018158750608563423, -0.016238443553447723, -0.025419238954782486]","[1.0, 0.9768000245094299, 0.9807000160217285, 0.9889000058174133, 0.9889000058174133, 0.98580002784729, 0.9876999855041504, 0.9815000295639038, 0.9850000143051147, 0.9793999791145325]",0.79615,0.04824364,1.6947141,4.841218,7504.2427
