acceptance rate,gt in support,C2ST,MMD,KSD_GAUSS,MEDDIST,NLTP,RT
"[1.0, -0.003488335059955716, -0.0027447242755442858, -0.04189023748040199, -0.20346036553382874, -0.20603512227535248, -0.21130149066448212, -0.21932272613048553, -0.3522911071777344, -0.3832095265388489]","[1.0, 1.0, 1.0, 1.0, 1.0, 1.0, 1.0, 1.0, 1.0, 1.0]",0.8402,0.111903846,67784.26,14.175776,7.1267643,278.1591
