acceptance rate,gt in support,C2ST,MMD,KSD_GAUSS,MEDDIST,NLTP,RT
"[1.0, -1.3347176313400269, -1.3183711767196655, -1.4723271131515503, -1.4712547063827515, -1.493621826171875, -1.5287514925003052, -1.5346596240997314, -1.514493703842163, -1.6274733543395996]","[1.0, 1.0, 1.0, 0.9998000264167786, 0.9998999834060669, 0.9998999834060669, 1.0, 1.0, 1.0, 1.0]",0.6051,0.009691119,inf,0.09351514,-3.1835446,310.49155
