acceptance rate,gt in support,C2ST,MMD,MEDDIST,NLTP,RT
"[1.0, -0.2602299153804779, -0.8311238288879395, -0.8162828683853149, -1.20299232006073, -1.5537045001983643, -1.8782156705856323, -1.926950454711914, -2.310063362121582, -2.371394634246826]","[1.0, 1.0, 1.0, 1.0, 1.0, 1.0, 1.0, 1.0, 1.0, 1.0]",0.90785,0.47411388,24.362635,-16.747747,10814.77
