acceptance rate,gt in support,iw var,C2ST,MMD,MEDDIST,NLTP,RT
"[1.0, -0.020474392920732498, -0.14779457449913025, -0.46117499470710754, -0.8117949366569519, -0.9763360619544983, -1.0783568620681763, -1.1491087675094604, -1.2257837057113647, -1.3253058195114136]","[1.0, 0.9101999998092651, 0.9509999752044678, 0.9301000237464905, 0.9283000230789185, 0.8917999863624573, 0.9539999961853027, 0.9740999937057495, 0.9718000292778015, 0.9692000150680542]","[0.0, 1.6895755905466103e-08, 1.6188327123245472e-08, 1.6763852528356438e-08, 1.809880068037728e-08, 1.6328890239947214e-08, 2.064757254061078e-08, 1.5644554096638785e-08, 1.6747472741940328e-08, 1.6705639538372452e-08]",0.94515,0.18585575,13.535015,11.092193,287.66327
