C2ST,C2ST_Z,MMD,MMD_Z,KSD_GAUSS,MEDDIST,C2ST_1K,C2ST_1K_Z,MMD_1K,MMD_1K_Z,KSD_GAUSS_1K,MEDDIST_1K,NLTP,RT
0.99695,0.99965,0.5527731,0.5686328,450326900.0,43.34274,0.984,0.998,0.54946834,0.5678668,400039230.0,41.245594,-5.961899,88.75127
