acceptance rate,gt in support,iw var,C2ST,MMD,MEDDIST,NLTP,RT
"[1.0, -0.5526869297027588, -0.5210369229316711, -0.6452386975288391, -0.6819784641265869, -0.7124221920967102, -0.8055253028869629, -0.8005191087722778, -0.9353756308555603, -0.8903793096542358]","[1.0, 1.0, 1.0, 1.0, 1.0, 1.0, 1.0, 1.0, 1.0, 1.0]","[0.0, 1.760731471733834e-08, 2.079306149482818e-08, 1.4654303548411463e-08, 1.6757024212665783e-08, 1.9458495259527808e-08, 1.6171162187106347e-08, 1.867390153620363e-08, 1.6647250689061366e-08, 1.5527440666573966e-08]",0.5116,0.015421867,24.24871,-9.354832,446.79025
