acceptance rate,gt in support,C2ST,MMD,MEDDIST,NLTP,RT
"[1.0, -0.19477109611034393, -0.9520332217216492, -0.8936815857887268, -0.9963045120239258, -1.1076912879943848, -1.1141947507858276, -1.222914457321167, -1.1764442920684814, -1.234621286392212]","[1.0, 1.0, 0.9994999766349792, 0.9998999834060669, 1.0, 1.0, 1.0, 1.0, 1.0, 1.0]",0.50045,0.0028492212,23.259407,-9.167594,374.13803
