acceptance rate,gt in support,C2ST,MMD,KSD_GAUSS,MEDDIST,NLTP,RT
"[1.0, -0.5670307278633118, -0.7867099642753601, -0.8229172229766846, -1.2317731380462646, -1.171383023262024, -1.2140005826950073, -1.4093210697174072, -1.3547059297561646, -1.3773974180221558]","[1.0, 0.9997000098228455, 0.9998999834060669, 0.9998999834060669, 0.9995999932289124, 0.9998000264167786, 0.9997000098228455, 0.9994000196456909, 0.9995999932289124, 0.9998999834060669]",0.6233,0.047459245,104091.45,11.739584,7.981721,244.20807
