acceptance rate,gt in support,iw var,C2ST,MMD,MEDDIST,NLTP,RT
"[1.0, -1.0008299350738525, -1.010509729385376, -0.8818179965019226, -0.9102910757064819, -0.7856482267379761, -0.9335083961486816, -0.9492766261100769, -1.123246192932129, -0.9910593628883362]","[1.0, 1.0, 1.0, 1.0, 1.0, 1.0, 1.0, 1.0, 1.0, 1.0]","[0.0, 1.913888665605601e-11, 2.00368593245015e-11, 4.684105187058307e-11, 1.930624063395392e-11, 3.370972598282229e-11, 3.1232599839725594e-11, 6.152831716343954e-11, 4.6424353944418684e-11, 6.178449418747789e-11]",0.50695,0.006077528,20.12461,-9.327378,4274.609
