C2ST,C2ST_Z,MMD,MMD_Z,KSD_GAUSS,MEDDIST,C2ST_1K,C2ST_1K_Z,MMD_1K,MMD_1K_Z,KSD_GAUSS_1K,MEDDIST_1K,NLTP,RT
0.49605,0.56005,0.0043723583,0.0044509172,2837360.0,20.396078,0.481,0.565,0.0033522844,0.0033999681,576216.5,20.396078,-9.503082,214.29195
