acceptance rate,gt in support,C2ST,MMD,KSD_GAUSS,MEDDIST,NLTP,RT
"[1.0, -0.08144547045230865, -0.11410190910100937, -0.11713408678770065, -0.19773954153060913, -0.18299688398838043, -0.17092150449752808, -0.16367588937282562, -0.2311769723892212, -0.19804778695106506]","[1.0, 0.9998999834060669, 0.9998999834060669, 0.9998999834060669, 0.9998999834060669, 0.9998999834060669, 0.9998999834060669, 0.9998999834060669, 0.9998999834060669, 0.9998999834060669]",0.53005,0.00199759,8836.051,1.5704279,1.620491,877.4145
