C2ST,C2ST_Z,MMD,MMD_Z,KSD_GAUSS,MEDDIST,C2ST_1K,C2ST_1K_Z,MMD_1K,MMD_1K_Z,KSD_GAUSS_1K,MEDDIST_1K,NLTP,RT
0.6828,0.65875,0.024254203,0.02416861,87765.305,1.5338398,0.6535,0.6375,0.025853872,0.02552867,9593.972,1.5215375,1.0604477,377.11752
