acceptance rate,gt in support,C2ST,MMD,MEDDIST,NLTP,RT
"[1.0, -0.15153376758098602, -0.6988831758499146, -1.3180699348449707, -1.5413837432861328, -1.6255927085876465, -1.5460025072097778, -1.6111799478530884, -1.8515516519546509, -1.8514659404754639]","[1.0, 0.9107999801635742, 0.840399980545044, 0.7473999857902527, 0.8769000172615051, 0.8991000056266785, 0.9063000082969666, 0.8863999843597412, 0.7954000234603882, 0.8102999925613403]",0.8454,0.04634106,29.180439,16.310266,506.39017
