acceptance rate,gt in support,iw var,C2ST,MMD,MEDDIST,NLTP,RT
"[1.0, -0.9961088299751282, -1.0222764015197754, -1.1051303148269653, -1.2487208843231201, -1.2464169263839722, -1.5086382627487183, -1.6497520208358765, -1.769551157951355, -1.9586073160171509]","[1.0, 1.0, 1.0, 1.0, 1.0, 1.0, 1.0, 1.0, 1.0, 1.0]","[0.0, 387.3611755371094, 382.9980773925781, 388.35174560546875, 382.1282043457031, 389.2572937011719, 381.2738037109375, 396.4119567871094, 393.3388671875, 387.7115478515625]",0.9583,0.48704693,20.896187,-13.148892,25467.834
