acceptance rate,gt in support,C2ST,MMD,MEDDIST,NLTP,RT
"[1.0, -0.8678203821182251, -1.1532094478607178, -1.358482837677002, -1.4536701440811157, -1.7446413040161133, -1.7747769355773926, -1.8727223873138428, -1.8726792335510254, -2.048133611679077]","[1.0, 0.9535999894142151, 0.9865999817848206, 0.9879000186920166, 0.9940999746322632, 0.9936000108718872, 0.9950000047683716, 0.9941999912261963, 0.9965000152587891, 0.9975000023841858]",0.658,0.05956304,10.844382,4.6508846,8591.435
