acceptance rate,gt in support,C2ST,MMD,KSD_GAUSS,MEDDIST,NLTP,RT
"[1.0, -1.105897068977356, -1.350368857383728, -1.3979400396347046, -1.7705914974212646, -1.7439095973968506, -1.9756872653961182, -1.9459294080734253, -1.9923901557922363, -1.954155683517456]","[1.0, 1.0, 1.0, 1.0, 1.0, 1.0, 1.0, 1.0, 1.0, 1.0]",0.86445,0.19574493,,14.723686,-16.589039,3515.9348
