C2ST,C2ST_Z,MMD,MMD_Z,KSD_GAUSS,MEDDIST,C2ST_1K,C2ST_1K_Z,MMD_1K,MMD_1K_Z,KSD_GAUSS_1K,MEDDIST_1K,NLTP,RT
0.5184,0.51015,0.00086164474,0.0008636713,4029.4807,1.4652256,0.4865,0.4945,0.00080907345,0.0008249283,539.7035,1.4831948,-0.5358896,702.0325
