C2ST,C2ST_Z,MMD,MMD_Z,KSD_GAUSS,MEDDIST,C2ST_1K,C2ST_1K_Z,MMD_1K,MMD_1K_Z,KSD_GAUSS_1K,MEDDIST_1K,NLTP,RT
0.59365,0.61095,0.029759765,0.038413525,741379.8,22.923784,0.4825,0.6065,0.02207601,0.03271854,138310.06,23.130058,-4.7082915,258.57626
