acceptance rate,gt in support,C2ST,MMD,KSD_GAUSS,MEDDIST,NLTP,RT
"[1.0, -0.821187436580658, -1.1026690006256104, -1.1294288635253906, -1.7125427722930908, -1.6768769025802612, -1.685444951057434, -1.7158033847808838, -1.7208584547042847, -1.736385464668274]","[1.0, 0.9283999800682068, 0.9524000287055969, 0.9656000137329102, 0.9718999862670898, 0.9801999926567078, 0.9853000044822693, 0.9868999719619751, 0.9883000254631042, 0.9891999959945679]",0.64955,0.040216327,96966.34,11.124661,8.756727,272.9835
