acceptance rate,gt in support,iw var,C2ST,MMD,MEDDIST,NLTP,RT
"[1.0, -0.039243925362825394, -0.2961929440498352, -0.7930585145950317, -0.7506793141365051, -0.7682331800460815, -0.8370517492294312, -0.985479474067688, -0.9268113374710083, -0.9765006303787231]","[1.0, 1.0, 1.0, 1.0, 1.0, 1.0, 1.0, 1.0, 1.0, 1.0]","[0.0, 1.6681933612261446e-12, 1.0074018008676688e-11, 1.0210940599997276e-11, 1.7229698570653262e-11, 2.0139055353918245e-11, 1.296567107150759e-11, 8.187124589387196e-12, 1.56956010688436e-11, 1.1947465586303885e-11]",0.6295,0.058455348,21.400934,-4.6293373,1618.2096
