acceptance rate,gt in support,iw var,C2ST,MMD,MEDDIST,NLTP,RT
"[1.0, -0.01838523894548416, -0.010616939514875412, -0.27523273229599, -0.41574418544769287, -0.3970000743865967, -0.9620956778526306, -1.1207811832427979, -1.2717316150665283, -1.189935564994812]","[1.0, 1.0, 1.0, 1.0, 1.0, 1.0, 1.0, 1.0, 1.0, 1.0]","[0.0, 1.75229004639732e-08, 1.6007115632987734e-08, 1.771322821753074e-08, 1.7878845071095384e-08, 1.6934285085312695e-08, 1.797787163582143e-08, 1.691161344297143e-08, 1.7885506409243135e-08, 1.6261832769259854e-08]",0.50135,0.058100104,29.899834,-8.498112,151.51677
