C2ST,C2ST_Z,MMD,MMD_Z,KSD_GAUSS,MEDDIST,C2ST_1K,C2ST_1K_Z,MMD_1K,MMD_1K_Z,KSD_GAUSS_1K,MEDDIST_1K,NLTP,RT
0.5292,0.52995,0.0019423962,0.0019423962,,0.09105995,0.539,0.539,0.0046293736,0.0046287775,,0.089417785,-5.018575,226.45273
