acceptance rate,gt in support,C2ST,MMD,KSD_GAUSS,MEDDIST,NLTP,RT
"[1.0, -0.7539530396461487, -0.8113929033279419, -0.8820247650146484, -0.9569916129112244, -1.1459543704986572, -1.1608153581619263, -1.1873372793197632, -1.1828893423080444, -1.355005145072937]","[1.0, 0.9610000252723694, 0.9966999888420105, 0.9991999864578247, 0.9991999864578247, 0.9993000030517578, 0.9998999834060669, 0.9998000264167786, 0.9998000264167786, 0.9991000294685364]",0.7435,0.0016429424,17831284.0,28.772444,1.5036815,2517.873
