acceptance rate,gt in support,C2ST,MMD,MEDDIST,NLTP,RT
"[1.0, -0.048249777406454086, -0.0753331333398819, -0.09223943203687668, -0.24795155227184296, -0.2706732153892517, -0.4394557476043701, -0.5005534887313843, -0.993833601474762, -0.8691437840461731]","[1.0, 1.0, 1.0, 1.0, 1.0, 1.0, 1.0, 1.0, 1.0, 1.0]",0.94265,0.42512834,39.934883,-9.293846,909.9913
