C2ST,C2ST_Z,MMD,MMD_Z,KSD_GAUSS,MEDDIST,C2ST_1K,C2ST_1K_Z,MMD_1K,MMD_1K_Z,KSD_GAUSS_1K,MEDDIST_1K,NLTP,RT
0.67665,0.8718,0.09319019,0.076158226,2015928300.0,124.86518,0.6305,0.857,0.10453713,0.08752257,217311550.0,125.12773,-16.525845,19671.736
