C2ST,C2ST_Z,MMD,MMD_Z,KSD_GAUSS,MEDDIST,C2ST_1K,C2ST_1K_Z,MMD_1K,MMD_1K_Z,KSD_GAUSS_1K,MEDDIST_1K,NLTP,RT
0.50065,0.5501,0.0076230764,0.007662773,255728.42,20.07486,0.484,0.5525,0.009663105,0.008622408,52966.383,19.748417,-5.328309,1740.8967
