acceptance rate,gt in support,iw var,C2ST,MMD,MEDDIST,NLTP,RT
"[1.0, -0.5403814315795898, -0.4947143495082855, -0.5284149646759033, -0.6910516023635864, -0.622875988483429, -0.7707021832466125, -0.7486457228660583, -0.786785900592804, -0.7695510983467102]","[1.0, 0.9976000189781189, 0.9997000098228455, 0.9998999834060669, 0.9994999766349792, 0.9998999834060669, 1.0, 1.0, 1.0, 1.0]","[0.0, 1.6625778087586696e-08, 1.7483742453805462e-08, 1.6898679788823756e-08, 2.7416323433726575e-08, 1.9108272297785334e-08, 1.75074994501756e-08, 1.7456933676385233e-08, 2.2498467089349106e-08, 1.734462884428467e-08]",0.8559,0.024209261,19.680984,2.3686066,30633.4
