acceptance rate,gt in support,C2ST,MMD,KSD_GAUSS,MEDDIST,NLTP,RT
"[1.0, -0.0010000382317230105, -0.0019369333749637008, -0.002985154977068305, -0.0031819865107536316, -0.003050764324143529, -0.023054247722029686, -0.015450192615389824, -0.015517712570726871, -0.018453216180205345]","[1.0, 0.9998000264167786, 0.9994000196456909, 0.9997000098228455, 0.9998999834060669, 1.0, 0.9991999864578247, 0.9993000030517578, 0.9994999766349792, 0.9994000196456909]",0.689,0.02073729,67163.86,1.5088749,-1.5132198,84.48263
