acceptance rate,gt in support,C2ST,MMD,MEDDIST,NLTP,RT
"[1.0, -0.06055564060807228, -0.06851671636104584, -0.3449576497077942, -0.5822792649269104, -0.6965447664260864, -1.161780834197998, -1.2334219217300415, -1.3504958152770996, -1.4218279123306274]","[1.0, 1.0, 1.0, 1.0, 1.0, 1.0, 1.0, 1.0, 0.9998999834060669, 0.9997000098228455]",0.49065,0.026133895,24.919872,-8.214556,175.62816
