acceptance rate,gt in support,iw var,C2ST,MMD,MEDDIST,NLTP,RT
"[1.0, -0.45308735966682434, -0.4412914514541626, -0.5166980624198914, -0.6210573315620422, -0.6039751172065735, -0.8259401917457581, -0.8529423475265503, -0.9450041651725769, -1.0515869855880737]","[1.0, 1.0, 1.0, 1.0, 1.0, 1.0, 1.0, 1.0, 1.0, 1.0]","[0.0, 382.61456298828125, 382.88909912109375, 384.9461975097656, 386.2334289550781, 390.0525817871094, 386.16082763671875, 390.8261413574219, 386.917724609375, 383.4478454589844]",0.9849,0.54138917,45.443207,-12.500368,1117.1808
