acceptance rate,gt in support,C2ST,MMD,MEDDIST,NLTP,RT
"[1.0, -0.02303137257695198, -0.028329961001873016, -0.029676398262381554, -0.026710473001003265, -0.03461013734340668, -0.05026855692267418, -0.06253226846456528, -0.06948397308588028, -0.0683133527636528]","[1.0, 0.9987999796867371, 0.9979000091552734, 0.9980999827384949, 0.9991999864578247, 0.9994000196456909, 0.9991000294685364, 0.9988999962806702, 0.9993000030517578, 0.9994999766349792]",0.97015,0.29353195,8.704882,9.70432,140.46227
