acceptance rate,gt in support,iw var,C2ST,MMD,MEDDIST,NLTP,RT
"[1.0, -0.02152276411652565, -0.025396211072802544, -0.025995222851634026, -0.06083031743764877, -0.41416341066360474, -0.43074315786361694, -0.6188488006591797, -0.800205647945404, -0.8865998387336731]","[1.0, 1.0, 1.0, 1.0, 1.0, 1.0, 1.0, 1.0, 1.0, 1.0]","[0.0, 9.31001220669421e-14, 1.6829716602533712e-13, 1.4440315262986836e-13, 6.470059297353226e-12, 3.677562421255942e-11, 2.7655140330540284e-11, 4.030481851047263e-11, 4.3898849833023945e-11, 3.832274775295019e-11]",0.99155,0.5437648,59.381035,-11.526129,3834.8726
