acceptance rate,gt in support,C2ST,MMD,KSD_GAUSS,MEDDIST,NLTP,RT
"[1.0, -0.008331016637384892, -0.007601149380207062, -0.28316229581832886, -0.20259395241737366, -0.28882572054862976, -0.24519313871860504, -0.2631654441356659, -0.25940048694610596, -0.27511000633239746]","[1.0, 0.9995999932289124, 0.9994999766349792, 0.9983000159263611, 0.9994999766349792, 0.9995999932289124, 0.9997000098228455, 0.9997000098228455, 0.9998000264167786, 0.9995999932289124]",0.86195,0.019699693,1318577.4,10.826481,4.1635094,233.01657
