acceptance rate,gt in support,iw var,C2ST,MMD,MEDDIST,NLTP,RT
"[1.0, -0.11019424349069595, -0.3231844902038574, -0.492279052734375, -0.5188800096511841, -0.6818113923072815, -0.5855280756950378, -0.6433241367340088, -0.5998507142066956, -0.6294129490852356]","[1.0, 1.0, 1.0, 1.0, 1.0, 1.0, 1.0, 1.0, 1.0, 1.0]","[0.0, 2.417166727192166e-12, 1.1999365910619897e-11, 1.1412058797954927e-11, 2.1826618637477146e-11, 1.832708117210924e-11, 2.5392467642437744e-11, 1.6233526675679677e-11, 2.2049310294258717e-11, 2.5697893465959076e-11]",0.5026,0.0016809702,21.095022,-8.8972845,1558.9084
