acceptance rate,gt in support,C2ST,MMD,KSD_GAUSS,MEDDIST,NLTP,RT
"[1.0, -0.005089244805276394, -0.003619689494371414, -0.06363709270954132, -0.06436681002378464, -0.08740601688623428, -0.07826151698827744, -0.08528672158718109, -0.08139310777187347, -0.07893813401460648]","[1.0, 0.9993000030517578, 0.9998000264167786, 0.9994999766349792, 0.9997000098228455, 0.9995999932289124, 0.9995999932289124, 0.9995999932289124, 0.9995999932289124, 0.9997000098228455]",0.5623,0.002140522,10763.902,1.5010285,-3.1592903,251.66052
