acceptance rate,gt in support,C2ST,MMD,MEDDIST,NLTP,RT
"[1.0, 1.0, 1.0, 1.0, 1.0, 1.0, 1.0, 1.0, 1.0, 1.0]","[1.0, 0.9977999925613403, 0.9945999979972839, 0.9864000082015991, 0.9872999787330627, 0.9854000210762024, 0.9832000136375427, 0.9861999750137329, 0.9857000112533569, 0.9853000044822693]",0.749,0.046630383,1.9609026,2.067998,9039.418
