C2ST,C2ST_Z,MMD,MMD_Z,KSD_GAUSS,MEDDIST,C2ST_1K,C2ST_1K_Z,MMD_1K,MMD_1K_Z,KSD_GAUSS_1K,MEDDIST_1K,NLTP,RT
0.4957,0.55285,0.0019035339,0.001991868,2209887.8,23.216373,0.484,0.569,0.0028361082,0.0028728247,431880.72,24.269314,-9.573486,1878.9672
