C2ST,C2ST_Z,MMD,MMD_Z,KSD_GAUSS,MEDDIST,C2ST_1K,C2ST_1K_Z,MMD_1K,MMD_1K_Z,KSD_GAUSS_1K,MEDDIST_1K,NLTP,RT
0.7539,0.7738,0.010659933,0.0992322,221995310.0,29.39619,0.7235,0.718,0.010444999,0.096512556,194302.17,29.042889,1.5015489,3514.4478
