C2ST,C2ST_Z,MMD,MMD_Z,KSD_GAUSS,MEDDIST,C2ST_1K,C2ST_1K_Z,MMD_1K,MMD_1K_Z,KSD_GAUSS_1K,MEDDIST_1K,NLTP,RT
0.5017,0.5958,0.0040984154,0.0041424036,2700047.5,25.009996,0.485,0.5825,0.0028643608,0.0028761625,467357.53,24.8998,-9.268193,100.83594
