acceptance rate,gt in support,C2ST,MMD,MEDDIST,NLTP,RT
"[1.0, -0.018883908167481422, -0.019473973661661148, -0.09985146671533585, -0.10879717022180557, -0.15378664433956146, -0.5140657424926758, -0.5409469604492188, -0.579219400882721, -0.6623411178588867]","[1.0, 1.0, 1.0, 1.0, 1.0, 1.0, 1.0, 1.0, 1.0, 1.0]",0.8843,0.1778909,19.80439,4.31242,203.37373
