C2ST,C2ST_Z,MMD,MMD_Z,KSD_GAUSS,MEDDIST,C2ST_1K,C2ST_1K_Z,MMD_1K,MMD_1K_Z,KSD_GAUSS_1K,MEDDIST_1K,NLTP,RT
0.79245,0.7981,0.039740205,0.03974247,,0.09068537,0.749,0.7585,0.03316486,0.033178687,,0.09054987,-2.5690703,73.320656
