acceptance rate,gt in support,C2ST,MMD,KSD_GAUSS,MEDDIST,NLTP,RT
"[1.0, -0.016463933512568474, -0.06940751522779465, -0.0676531121134758, -0.07836555689573288, -0.07678189873695374, -0.08373034000396729, -0.10997044295072556, -0.10143934935331345, -0.10890878736972809]","[1.0, 0.9993000030517578, 0.9991999864578247, 0.9993000030517578, 0.9991999864578247, 0.9993000030517578, 0.9991000294685364, 0.9994999766349792, 0.9994000196456909, 0.9997000098228455]",0.555,0.0015233755,5725.932,1.4273773,5.6015882,127.71545
