acceptance rate,gt in support,C2ST,MMD,KSD_GAUSS,MEDDIST,NLTP,RT
"[1.0, -1.6020176410675049, -1.6845437288284302, -1.8445771932601929, -1.8368127346038818, -1.84250009059906, -1.809280514717102, -1.8177237510681152, -1.8123058080673218, -1.8100132942199707]","[1.0, 0.987500011920929, 0.9940000176429749, 0.9922999739646912, 0.9926000237464905, 0.9926999807357788, 0.9951000213623047, 0.9976999759674072, 0.998199999332428, 0.9983999729156494]",0.56565,0.0034704208,37503.07,9.559317,3.478136,2281.33
