acceptance rate,gt in support,C2ST,MMD,KSD_GAUSS,MEDDIST,NLTP,RT
"[1.0, -0.7075962424278259, -0.7643032073974609, -1.3260161876678467, -1.3574494123458862, -1.4677553176879883, -1.7702878713607788, -2.032426118850708, -2.122983932495117, -2.2142796516418457]","[1.0, 1.0, 1.0, 1.0, 1.0, 1.0, 1.0, 1.0, 1.0, 1.0]",0.74995,0.24893868,143541800.0,28.755054,-16.847755,4781.2324
