acceptance rate,gt in support,iw var,C2ST,MMD,MEDDIST,NLTP,RT
"[1.0, -0.3249552845954895, -0.41975948214530945, -0.7311881184577942, -0.7977842092514038, -0.9122186303138733, -0.8804142475128174, -1.2041200399398804, -1.3429441452026367, -1.4723701477050781]","[1.0, 1.0, 1.0, 1.0, 1.0, 1.0, 1.0, 1.0, 1.0, 1.0]","[0.0, 391.09356689453125, 389.6918029785156, 389.6557922363281, 381.9402770996094, 391.9190368652344, 391.2686462402344, 382.1029052734375, 390.6336669921875, 387.25445556640625]",0.9973,0.69162554,50.617325,-6.5972624,1155.4131
