acceptance rate,gt in support,iw var,C2ST,MMD,MEDDIST,NLTP,RT
"[1.0, -0.006916638929396868, -0.0061891693621873856, -0.03765435144305229, -0.04890545830130577, -0.10163138806819916, -0.446804940700531, -0.5682343244552612, -0.7230788469314575, -0.890590250492096]","[1.0, 1.0, 1.0, 1.0, 1.0, 1.0, 1.0, 1.0, 1.0, 1.0]","[0.0, 5.4697155957078233e-14, 5.5052367693838797e-14, 3.068211700332779e-12, 2.9871621669286252e-12, 5.878241903650716e-12, 2.898295492492764e-11, 4.0500783282659825e-11, 1.3883105602630064e-11, 1.0000385068653639e-11]",0.7558,0.15130615,25.0998,-4.5096173,1319.6445
