acceptance rate,gt in support,C2ST,MMD,KSD_GAUSS,MEDDIST,NLTP,RT
"[1.0, -0.004123605787754059, -0.004693939350545406, -0.004101680591702461, -0.07564316689968109, -0.06727264821529388, -0.19378609955310822, -0.20687343180179596, -0.3580964207649231, -0.3940488398075104]","[1.0, 1.0, 1.0, 1.0, 1.0, 1.0, 1.0, 1.0, 1.0, 1.0]",0.62065,0.06642014,979465.7,28.974125,-5.4546857,173.48924
