acceptance rate,gt in support,C2ST,MMD,MEDDIST,NLTP,RT
"[1.0, -0.08362504094839096, -0.11387604475021362, -0.18983471393585205, -0.20617471635341644, -0.20325228571891785, -0.23265860974788666, -0.21527574956417084, -0.23239895701408386, -0.24165594577789307]","[1.0, 0.9995999932289124, 0.9995999932289124, 0.9994999766349792, 0.9994999766349792, 0.9997000098228455, 0.9995999932289124, 0.9997000098228455, 0.9994999766349792, 0.9994999766349792]",0.52785,0.0024356842,1.4805002,-0.6744261,17479.21
