acceptance rate,gt in support,C2ST,MMD,MEDDIST,NLTP,RT
"[1.0, -0.3799681067466736, -0.8331471681594849, -0.9326397776603699, -0.9686319828033447, -0.9290186166763306, -0.9488903880119324, -0.9489332437515259, -0.8285661339759827, -0.8075121641159058]","[1.0, 1.0, 1.0, 1.0, 1.0, 1.0, 1.0, 1.0, 1.0, 1.0]",0.4983,0.002499938,20.59126,-9.9164295,2496.541
