acceptance rate,gt in support,C2ST,MMD,KSD_GAUSS,MEDDIST,NLTP,RT
"[1.0, -0.014236841350793839, -0.01865716092288494, -0.02761201374232769, -0.044576868414878845, -0.04017186164855957, -0.06966238468885422, -0.04573336988687515, -0.04788593202829361, -0.05433451384305954]","[1.0, 0.9998000264167786, 1.0, 0.9998999834060669, 0.9998000264167786, 0.9998000264167786, 1.0, 1.0, 1.0, 1.0]",0.552,0.0017266273,6514.916,1.3892877,0.9291792,133.45601
