C2ST,C2ST_Z,MMD,MMD_Z,KSD_GAUSS,MEDDIST,C2ST_1K,C2ST_1K_Z,MMD_1K,MMD_1K_Z,KSD_GAUSS_1K,MEDDIST_1K,NLTP,RT
0.5678,0.586,0.009239793,0.009239435,inf,0.09023931,0.542,0.537,0.00695765,0.0069594383,inf,0.090123124,-3.5472646,221.88693
