acceptance rate,gt in support,C2ST,MMD,MEDDIST,NLTP,RT
"[1.0, -0.18916285037994385, -0.34553468227386475, -0.4668636918067932, -0.5410601496696472, -0.5466817021369934, -0.5389143824577332, -0.4969928562641144, -0.5138884782791138, -0.5545514822006226]","[1.0, 0.9991000294685364, 0.9988999962806702, 0.9983999729156494, 0.9983000159263611, 0.9987000226974487, 0.9987000226974487, 0.9993000030517578, 0.9990000128746033, 0.9987000226974487]",0.58525,0.00899148,1.6188917,2.1967201,16902.434
