C2ST,C2ST_Z,MMD,MMD_Z,KSD_GAUSS,MEDDIST,C2ST_1K,C2ST_1K_Z,MMD_1K,MMD_1K_Z,KSD_GAUSS_1K,MEDDIST_1K,NLTP,RT
0.5491,0.5911,0.006747484,0.006726861,inf,0.08719672,0.535,0.553,0.0057216883,0.0057202578,inf,0.080501206,-4.0066104,272.64777
