acceptance rate,gt in support,C2ST,MMD,KSD_GAUSS,MEDDIST,NLTP,RT
"[1.0, -0.5990736484527588, -0.7102252840995789, -0.9638903737068176, -0.8583934903144836, -0.83713698387146, -0.9532448053359985, -1.1047475337982178, -1.0614385604858398, -1.253928303718567]","[1.0, 1.0, 1.0, 1.0, 1.0, 1.0, 1.0, 1.0, 1.0, 1.0]",0.5716,0.01139605,inf,0.09473981,-4.823324,226.83075
