acceptance rate,gt in support,C2ST,MMD,KSD_GAUSS,MEDDIST,NLTP,RT
"[1.0, -0.027241922914981842, -0.027750873938202858, -0.025304144248366356, -0.05107381194829941, -0.06989188492298126, -0.060755401849746704, -0.06153033301234245, -0.06956040859222412, -0.051269255578517914]","[1.0, 0.9983999729156494, 0.9993000030517578, 0.9994999766349792, 0.9991999864578247, 0.9984999895095825, 0.9983999729156494, 0.9994000196456909, 0.9994999766349792, 0.9997000098228455]",0.5625,0.0031340122,13583.723,1.4398822,0.19377995,131.26628
