acceptance rate,gt in support,iw var,C2ST,MMD,MEDDIST,NLTP,RT
"[1.0, -0.03682629391551018, -0.05408848449587822, -0.08296738564968109, -0.07966794818639755, -0.07711891084909439, -0.1062382385134697, -0.09544674307107925, -0.07654872536659241, -0.11992993950843811]","[1.0, 1.0, 1.0, 0.9998999834060669, 0.9998999834060669, 0.9998999834060669, 0.9998000264167786, 0.9998999834060669, 0.9998999834060669, 0.9998999834060669]","[0.0, 383.60980224609375, 394.5584411621094, 385.4212951660156, 383.15899658203125, 387.5142517089844, 388.7309875488281, 382.4233093261719, 387.2955322265625, 389.8675537109375]",0.50655,0.0002859831,1.3536242,1.5241375,10781.651
