acceptance rate,gt in support,C2ST,MMD,MEDDIST,NLTP,RT
"[1.0, -2.051820755004883, -2.0893843173980713, -2.7102253437042236, -2.5548338890075684, -2.510284423828125, -2.6392672061920166, -2.763395071029663, -2.6937808990478516, -2.596914291381836]","[1.0, 1.0, 1.0, 1.0, 1.0, 1.0, 1.0, 1.0, 1.0, 1.0]",0.75585,0.11562574,121.04277,-16.368635,10148.499
