acceptance rate,gt in support,C2ST,MMD,MEDDIST,NLTP,RT
"[1.0, -0.14360344409942627, -0.23867368698120117, -0.4102737605571747, -0.4335232079029083, -0.4413714110851288, -0.5367043614387512, -0.5183782577514648, -0.521000862121582, -0.560469925403595]","[1.0, 0.9570000171661377, 0.9567999839782715, 0.9599999785423279, 0.9621000289916992, 0.9632999897003174, 0.9635000228881836, 0.9653000235557556, 0.9653000235557556, 0.9635000228881836]",0.6485,0.009983659,1.5876868,3.265606,281.14948
