acceptance rate,gt in support,iw var,C2ST,MMD,MEDDIST,NLTP,RT
"[1.0, -0.08024223893880844, -0.08996286988258362, -0.10862983018159866, -0.14630179107189178, -0.12147821485996246, -0.14321070909500122, -0.15242734551429749, -0.13424478471279144, -0.13507381081581116]","[1.0, 0.9998000264167786, 0.9998000264167786, 0.9995999932289124, 0.9994000196456909, 0.9995999932289124, 0.9995999932289124, 0.9994999766349792, 0.9995999932289124, 0.9995999932289124]","[0.0, 383.2853088378906, 387.0216369628906, 383.15655517578125, 392.1981201171875, 388.536865234375, 378.50128173828125, 386.0693054199219, 392.741455078125, 392.7464599609375]",0.5093,0.00038981438,1.3858702,2.5846672,10640.666
