C2ST,C2ST_Z,MMD,MMD_Z,KSD_GAUSS,MEDDIST,C2ST_1K,C2ST_1K_Z,MMD_1K,MMD_1K_Z,KSD_GAUSS_1K,MEDDIST_1K,NLTP,RT
0.9868,0.99605,0.5290956,0.5419004,557733900.0,53.635048,0.9535,0.9935,0.5352553,0.5452457,620830850.0,55.56983,-12.179972,100.664406
