acceptance rate,gt in support,C2ST,MMD,MEDDIST,NLTP,RT
"[1.0, -0.011507952585816383, -0.07691150903701782, -0.15353918075561523, -0.17330984771251678, -0.27262142300605774, -0.33935582637786865, -0.6839876770973206, -0.5872874855995178, -0.6787330508232117]","[1.0, 1.0, 1.0, 1.0, 1.0, 1.0, 1.0, 1.0, 1.0, 1.0]",0.59625,0.040742636,24.031227,-9.5228,159.86029
