C2ST,C2ST_Z,MMD,MMD_Z,KSD_GAUSS,MEDDIST,C2ST_1K,C2ST_1K_Z,MMD_1K,MMD_1K_Z,KSD_GAUSS_1K,MEDDIST_1K,NLTP,RT
0.98845,0.9972,0.5282413,0.5441298,1474024400.0,107.08969,0.969,0.9935,0.5327608,0.5503349,637919600.0,108.274666,-11.009611,93.11696
