acceptance rate,gt in support,iw var,C2ST,MMD,MEDDIST,NLTP,RT
"[1.0, -0.011173611506819725, -0.025396211072802544, -0.02761201374232769, -0.04469718411564827, -0.06343600153923035, -0.05615939572453499, -0.10275791585445404, -0.12234076857566833, -0.11227020621299744]","[1.0, 0.9991000294685364, 0.9991999864578247, 0.9993000030517578, 0.9990000128746033, 0.9993000030517578, 0.9993000030517578, 0.9991999864578247, 0.9988999962806702, 0.9993000030517578]","[0.0, 393.5709228515625, 388.7934875488281, 381.59234619140625, 384.8008728027344, 387.3802490234375, 385.1789855957031, 381.2134704589844, 383.71026611328125, 383.0570373535156]",0.56455,0.0015605688,1.397522,3.3236284,760.98016
