C2ST,C2ST_Z,MMD,MMD_Z,KSD_GAUSS,MEDDIST,C2ST_1K,C2ST_1K_Z,MMD_1K,MMD_1K_Z,KSD_GAUSS_1K,MEDDIST_1K,NLTP,RT
0.94025,0.965,0.295173,0.4648778,697561150.0,17.40194,0.822,0.9635,0.310871,0.47919813,96528010.0,17.583912,-12.171395,476.47748
