C2ST,C2ST_Z,MMD,MMD_Z,KSD_GAUSS,MEDDIST,C2ST_1K,C2ST_1K_Z,MMD_1K,MMD_1K_Z,KSD_GAUSS_1K,MEDDIST_1K,NLTP,RT
0.5293,0.53065,0.0070466995,0.0070465207,inf,0.08855916,0.5285,0.5265,0.005096197,0.0050961375,inf,0.085157976,-3.8347597,1605.8323
