acceptance rate,gt in support,C2ST,MMD,KSD_GAUSS,MEDDIST,NLTP,RT
"[1.0, -0.0033570199739187956, -0.00438673933967948, -0.003641590243205428, -0.007844311185181141, -0.008308878168463707, -0.006321343593299389, -0.00788851547986269, -0.01159714162349701, -0.00802120752632618]","[1.0, 0.9998999834060669, 1.0, 1.0, 0.9998999834060669, 0.9998999834060669, 1.0, 0.9998999834060669, 0.9998999834060669, 0.9998999834060669]",0.5326,0.0018738508,5626.2725,1.3167892,-0.008408546,348.94022
