C2ST,C2ST_Z,MMD,MMD_Z,KSD_GAUSS,MEDDIST,C2ST_1K,C2ST_1K_Z,MMD_1K,MMD_1K_Z,KSD_GAUSS_1K,MEDDIST_1K,NLTP,RT
0.86405,0.8666,0.006766796,0.049334645,129650410000.0,23.983513,0.748,0.7815,0.009111404,0.04781723,6900470300.0,24.325233,1.2669691,277.08994
