acceptance rate,gt in support,C2ST,MMD,KSD_GAUSS,MEDDIST,NLTP,RT
"[1.0, -0.009017734788358212, -0.012892612256109715, -0.02814457006752491, -0.026087438687682152, -0.020633762702345848, -0.032194703817367554, -0.03018818236887455, -0.031727246940135956, -0.02981591783463955]","[1.0, 0.9997000098228455, 0.9998999834060669, 0.9998999834060669, 0.9998999834060669, 0.9998999834060669, 0.9998999834060669, 0.9998999834060669, 0.9998999834060669, 0.9998999834060669]",0.55455,0.0020192862,7044.6675,1.3512661,0.3262844,130.89731
