acceptance rate,gt in support,iw var,C2ST,MMD,MEDDIST,NLTP,RT
"[1.0, -0.012892612256109715, -0.012713694013655186, -0.018815863877534866, -0.02867775224149227, -0.0968828946352005, -0.11667931824922562, -0.5791370272636414, -0.5933321118354797, -0.5505987405776978]","[1.0, 1.0, 1.0, 1.0, 1.0, 1.0, 1.0, 1.0, 1.0, 1.0]","[0.0, 9.242974631116715e-14, 8.910181484777721e-14, 7.265900663251668e-13, 1.4203268552601123e-12, 8.058328310189822e-12, 4.624540767689256e-12, 3.919913352246063e-11, 2.8497815218742062e-11, 5.564883970299306e-11]",0.9972,0.5656348,42.101883,-5.0413613,3755.0166
