C2ST,C2ST_Z,MMD,MMD_Z,KSD_GAUSS,MEDDIST,C2ST_1K,C2ST_1K_Z,MMD_1K,MMD_1K_Z,KSD_GAUSS_1K,MEDDIST_1K,NLTP,RT
0.8296,0.83005,0.027845144,0.06733346,79365810000.0,22.561897,0.8045,0.7935,0.022603631,0.06992316,43226.598,22.770466,2.9846866,375.1004
