acceptance rate,gt in support,iw var,C2ST,MMD,MEDDIST,NLTP,RT
"[1.0, -0.009505758062005043, -0.024637147784233093, -0.014708300121128559, -0.05883656069636345, -0.09677431732416153, -0.0761086642742157, -0.11030622571706772, -0.1405014544725418, -0.2007284015417099]","[1.0, 0.9962000250816345, 0.9535999894142151, 0.9842000007629395, 0.9302999973297119, 0.9247000217437744, 0.8634999990463257, 0.949400007724762, 0.9690999984741211, 0.9071000218391418]","[0.0, 1.5623250249063858e-08, 1.6545453007665856e-08, 1.9451222854627304e-08, 1.7644021355067707e-08, 1.9101186410352966e-08, 1.590938403239761e-08, 1.6549611459026892e-08, 1.7608625668685818e-08, 1.4737838505141099e-08]",0.9911,0.09280348,22.404427,7.6180353,358.8942
