acceptance rate,gt in support,C2ST,MMD,MEDDIST,NLTP,RT
"[1.0, -3.4726102352142334, -3.083817481994629, -3.3989806175231934, -3.7261130809783936, -3.9771289825439453, -3.9581902027130127, -3.9285061359405518, -4.384227752685547, -4.31776762008667]","[1.0, 0.0, 0.598800003528595, 0.9948999881744385, 1.0, 1.0, 1.0, 1.0, 1.0, 1.0]",0.7617,0.12644511,122.34264,-16.789118,15665.836
