acceptance rate,gt in support,C2ST,MMD,MEDDIST,NLTP,RT
"[1.0, 1.0, 1.0, 1.0, 1.0, 1.0, 1.0, 1.0, 1.0, 1.0]","[1.0, 1.0, 1.0, 1.0, 1.0, 1.0, 1.0, 1.0, 1.0, 1.0]",0.9684,0.4923563,12.10932,-12.095906,796.8389
