acceptance rate,gt in support,C2ST,MMD,KSD_GAUSS,MEDDIST,NLTP,RT
"[1.0, -0.006982844788581133, -0.0334593802690506, -0.26086297631263733, -0.23036424815654755, -0.4404923617839813, -0.5134632587432861, -0.6235325336456299, -0.6959405541419983, -0.9069676399230957]","[1.0, 0.9851999878883362, 0.9807999730110168, 0.9559000134468079, 0.9678000211715698, 0.9693999886512756, 0.9496999979019165, 0.95660001039505, 0.953499972820282, 0.9592000246047974]",0.8995,0.25073975,141521.81,13.901122,15.210431,83.58189
