acceptance rate,gt in support,C2ST,MMD,MEDDIST,NLTP,RT
"[1.0, -0.005199104081839323, -0.006762223783880472, -0.007159417495131493, -0.03971954435110092, -0.03315459191799164, -0.21556103229522705, -0.24359212815761566, -0.36717167496681213, -0.43289515376091003]","[1.0, 0.27410000562667847, 0.19030000269412994, 0.2467000037431717, 0.5728999972343445, 0.6107000112533569, 0.5821999907493591, 0.48739999532699585, 0.6261000037193298, 0.651199996471405]",0.9993,0.63630646,48.55488,5.4261785,535.46
