acceptance rate,gt in support,C2ST,MMD,MEDDIST,NLTP,RT
"[1.0, -1.3247216939926147, -1.4159621000289917, -1.5628067255020142, -1.3757609128952026, -1.3891695737838745, -1.1606476306915283, -1.2275056838989258, -1.2650318145751953, -1.1781591176986694]","[1.0, 1.0, 1.0, 1.0, 1.0, 1.0, 1.0, 1.0, 1.0, 1.0]",0.5007,0.0010035038,27.838821,-9.106621,6531.045
