acceptance rate,gt in support,C2ST,MMD,KSD_GAUSS,MEDDIST,NLTP,RT
"[1.0, -0.006167139858007431, -0.005792888347059488, -0.006718134041875601, -0.007932750508189201, -0.007291886955499649, -0.0055508725345134735, -0.005484884139150381, -0.011574835516512394, -0.008286740630865097]","[1.0, 0.9998000264167786, 0.9998000264167786, 0.9998999834060669, 0.9998999834060669, 0.9998999834060669, 0.9998999834060669, 0.9998999834060669, 0.9998999834060669, 0.9998999834060669]",0.98765,0.22374201,52102840000000.0,7.464115,7.178077,74.676956
