acceptance rate,gt in support,C2ST,MMD,MEDDIST,NLTP,RT
"[1.0, -0.05151369050145149, -0.04205766320228577, -0.4848218858242035, -0.5238932967185974, -0.7159830927848816, -0.717151403427124, -0.7885361909866333, -0.8054856657981873, -0.864112377166748]","[1.0, 0.9997000098228455, 0.9998999834060669, 0.9979000091552734, 0.9988999962806702, 0.9986000061035156, 0.9991999864578247, 0.9990000128746033, 0.9986000061035156, 0.9994999766349792]",0.7159,0.029975653,13.02297,6.4282,195.65926
