acceptance rate,gt in support,C2ST,MMD,KSD_GAUSS,MEDDIST,NLTP,RT
"[1.0, -6.515986751765013e-05, -0.00010860521433642134, -0.000434532092185691, -0.0005214751581661403, -0.0005432201432995498, -0.0008694734424352646, -0.0008259519236162305, -0.0011524177389219403, -0.0014355465536937118]","[1.0, 1.0, 1.0, 1.0, 1.0, 1.0, 0.9998999834060669, 1.0, 0.9998999834060669, 0.9998999834060669]",0.7305,0.05289185,188562.06,1.5360242,1.2083044,339.06226
