C2ST,C2ST_Z,MMD,MMD_Z,KSD_GAUSS,MEDDIST,C2ST_1K,C2ST_1K_Z,MMD_1K,MMD_1K_Z,KSD_GAUSS_1K,MEDDIST_1K,NLTP,RT
0.671,0.67135,0.0011931658,0.0052102804,7156.81,23.789146,0.6355,0.624,0.00034689903,0.0036559105,924.054,23.579369,3.2745278,4143.8677
