acceptance rate,gt in support,iw var,C2ST,MMD,MEDDIST,NLTP,RT
"[1.0, -0.4786657691001892, -0.4283299744129181, -0.5753633379936218, -0.6946486234664917, -0.704139769077301, -0.8630813956260681, -0.9399320483207703, -1.0154727697372437, -1.0259910821914673]","[1.0, 0.9993000030517578, 0.9995999932289124, 0.9995999932289124, 0.9997000098228455, 0.9998999834060669, 1.0, 0.9995999932289124, 0.9990000128746033, 0.9990000128746033]","[0.0, 1.6312457162825922e-08, 1.704275653935383e-08, 1.693269879865511e-08, 1.6833087812528902e-08, 1.6298823624083525e-08, 1.7248366290800732e-08, 1.7574631527850215e-08, 1.706589536354386e-08, 1.7570958021906335e-08]",0.7561,0.0073217154,26.197906,4.018944,33721.973
