acceptance rate,gt in support,C2ST,MMD,MEDDIST,NLTP,RT
"[1.0, -0.001740665058605373, -0.0012395046651363373, -0.0044306195341050625, -0.00599097041413188, -0.043711498379707336, -0.04200984165072441, -0.05344950035214424, -0.06910189986228943, -0.07093889266252518]","[1.0, 0.9937000274658203, 0.9951000213623047, 0.9962000250816345, 0.995199978351593, 0.9943000078201294, 0.995199978351593, 0.995199978351593, 0.9934999942779541, 0.994700014591217]",0.7598,0.04468763,1.6668072,-0.19142723,7518.9004
