acceptance rate,gt in support,iw var,C2ST,MMD,MEDDIST,NLTP,RT
"[1.0, -1.2290613651275635, -1.2037726640701294, -1.1443942785263062, -1.368049144744873, -1.3287009000778198, -1.3491014242172241, -1.317339301109314, -1.3840500116348267, -1.4353761672973633]","[1.0, 1.0, 1.0, 1.0, 1.0, 1.0, 1.0, 1.0, 1.0, 1.0]","[0.0, 1.7032588672805105e-08, 1.7844374866626822e-08, 1.712640518292119e-08, 2.3325021913933597e-08, 1.5800585728698024e-08, 1.7162559373673503e-08, 1.590065323853196e-08, 1.6773364919231426e-08, 1.6849655892769988e-08]",0.55555,0.0115766525,11.718582,5.8965044,21120.82
