C2ST,C2ST_Z,MMD,MMD_Z,KSD_GAUSS,MEDDIST,C2ST_1K,C2ST_1K_Z,MMD_1K,MMD_1K_Z,KSD_GAUSS_1K,MEDDIST_1K,NLTP,RT
0.935,0.9244,0.29479685,0.28945863,49826.19,21.435678,0.9385,0.9195,0.29260957,0.2884025,5654.252,20.808208,2.6612349,94.06418
