acceptance rate,gt in support,C2ST,MMD,KSD_GAUSS,MEDDIST,NLTP,RT
"[1.0, -1.3763631582260132, -1.4956140518188477, -1.5576897859573364, -1.6073030233383179, -1.6000667810440063, -1.6184122562408447, -1.6150751113891602, -1.549024224281311, -1.6558213233947754]","[1.0, 0.9753999710083008, 0.9868999719619751, 0.9866999983787537, 0.9904000163078308, 0.991100013256073, 0.9922999739646912, 0.9943000078201294, 0.9958999752998352, 0.9941999912261963]",0.5421,0.006038189,170878.25,10.425661,4.377372,1546.1572
