acceptance rate,gt in support,C2ST,MMD,MEDDIST,NLTP,RT
"[1.0, -0.012937360443174839, -0.01320589054375887, -0.14336174726486206, -0.13468872010707855, -0.21395878493785858, -0.579590380191803, -0.6841975450515747, -1.1290528774261475, -1.1440051794052124]","[1.0, 1.0, 1.0, 1.0, 1.0, 1.0, 1.0, 1.0, 1.0, 1.0]",0.50005,0.016510844,20.17424,-6.5145917,165.4457
