acceptance rate,gt in support,C2ST,MMD,KSD_GAUSS,MEDDIST,NLTP,RT
"[1.0, -0.016554145142436028, -0.026479629799723625, -0.2287801057100296, -0.7891848087310791, -1.1276355981826782, -1.2160123586654663, -1.4226784706115723, -1.4115989208221436, -1.4270423650741577]","[1.0, 1.0, 1.0, 1.0, 1.0, 1.0, 1.0, 1.0, 1.0, 1.0]",0.50025,0.0035924911,183611.95,18.193405,-7.052436,1874.6405
