acceptance rate,gt in support,iw var,C2ST,MMD,MEDDIST,NLTP,RT
"[1.0, -0.007049060892313719, -0.0045622591860592365, -0.047788944095373154, -0.05492553487420082, -0.05114710330963135, -0.07507491856813431, -0.08759194612503052, -0.27633917331695557, -0.3052486181259155]","[1.0, 0.9998000264167786, 0.9998000264167786, 0.9998999834060669, 0.9998999834060669, 1.0, 0.9998999834060669, 1.0, 0.9993000030517578, 0.9997000098228455]","[0.0, 1.663458881751012e-08, 1.627102186319007e-08, 1.5360843264033974e-08, 1.79637993369397e-08, 1.7116031258979092e-08, 1.7490481951654147e-08, 1.5147202603316146e-08, 1.8656093558888642e-08, 1.6980045813852485e-08]",0.9329,0.10337943,3.9150722,3.6081975,897.64746
