acceptance rate,gt in support,iw var,C2ST,MMD,MEDDIST,NLTP,RT
"[1.0, -1.6085914373397827, -1.264905571937561, -1.3881068229675293, -1.3650611639022827, -1.518599510192871, -1.746238112449646, -1.4080796241760254, -2.0641541481018066, -2.022923707962036]","[1.0, 0.9998999834060669, 1.0, 1.0, 1.0, 1.0, 1.0, 1.0, 1.0, 1.0]","[0.0, 6.351137671334328e-11, 6.627689369542722e-11, 5.162141547554455e-11, 6.27092336391577e-11, 9.934126438126967e-11, 6.137850644405418e-11, 1.0891992169304032e-10, 5.4946620170470695e-11, 1.1770172336778018e-10]",0.50025,0.008952022,24.0,-8.686696,4318.5625
