acceptance rate,gt in support,C2ST,MMD,MEDDIST,NLTP,RT
"[1.0, 1.0, 1.0, 1.0, 1.0, 1.0, 1.0, 1.0, 1.0, 1.0]","[1.0, 0.9998999834060669, 1.0, 0.9998999834060669, 0.9998999834060669, 0.9998999834060669, 0.9976000189781189, 0.9983000159263611, 0.9976999759674072, 0.996399998664856]",0.7789,0.010484219,10.170301,1.659051,11596.627
