acceptance rate,gt in support,C2ST,MMD,KSD_GAUSS,MEDDIST,NLTP,RT
"[1.0, -0.0028102712240070105, -0.003729203948751092, -0.003838719567283988, -0.00390445813536644, -0.005287032574415207, -0.0045842076651751995, -0.0056388722732663155, -0.0056828525848686695, -0.005924941971898079]","[1.0, 0.9980999827384949, 0.9993000030517578, 0.9993000030517578, 0.9991000294685364, 0.9984999895095825, 0.9993000030517578, 0.9988999962806702, 0.9987000226974487, 0.9986000061035156]",0.96595,0.18731403,826580000000000.0,10.178226,7.9044986,167.03499
