acceptance rate,gt in support,C2ST,MMD,MEDDIST,NLTP,RT
"[1.0, -0.1480998694896698, -0.1216505840420723, -0.21467015147209167, -0.23184309899806976, -0.39012113213539124, -0.5691593289375305, -0.5826113820075989, -0.7324762940406799, -0.7130572199821472]","[1.0, 1.0, 1.0, 1.0, 1.0, 1.0, 1.0, 1.0, 0.9998999834060669, 1.0]",0.629,0.0020557642,0.08798156,-1.8790128,150.30698
