acceptance rate,gt in support,C2ST,MMD,MEDDIST,NLTP,RT
"[1.0, -0.006784283556044102, -0.008729621767997742, -0.01164175570011139, -0.05097613483667374, -0.047062329947948456, -0.06651271879673004, -0.5024829506874084, -0.49801698327064514, -0.53176349401474]","[1.0, 1.0, 1.0, 1.0, 1.0, 1.0, 1.0, 1.0, 1.0, 1.0]",0.99685,0.5572342,37.776375,-7.328565,552.0545
