acceptance rate,gt in support,iw var,C2ST,MMD,MEDDIST,NLTP,RT
"[1.0, -0.6070218086242676, -0.5386515855789185, -0.7198770642280579, -0.799735963344574, -0.8922390341758728, -0.9698862433433533, -0.8444036841392517, -1.0104289054870605, -1.0825752019882202]","[1.0, 0.9998999834060669, 1.0, 1.0, 1.0, 0.9998999834060669, 1.0, 1.0, 1.0, 1.0]","[0.0, 1.547651251598836e-08, 1.6618869835838268e-08, 1.7022161458157825e-08, 1.7999568058257864e-08, 1.6997836027599078e-08, 1.53954200499129e-08, 1.670425220368088e-08, 1.7922120676416853e-08, 1.74243357520254e-08]",0.7073,0.11016071,12.102436,6.214121,1244.1316
