C2ST,C2ST_Z,MMD,MMD_Z,KSD_GAUSS,MEDDIST,C2ST_1K,C2ST_1K_Z,MMD_1K,MMD_1K_Z,KSD_GAUSS_1K,MEDDIST_1K,NLTP,RT
0.91715,0.9593,0.32271698,0.3751488,391319040.0,8.01901,0.8535,0.956,0.31272522,0.36746156,51411132.0,8.032364,-14.088856,587.99664
