acceptance rate,gt in support,C2ST,MMD,KSD_GAUSS,MEDDIST,NLTP,RT
"[1.0, -0.0037948996759951115, -0.0037072987761348486, -0.01727662794291973, -0.31464648246765137, -0.34119391441345215, -0.330435186624527, -0.6223295331001282, -0.6088531017303467, -0.639482319355011]","[1.0, 0.9983000159263611, 0.9987999796867371, 0.9948999881744385, 0.9846000075340271, 0.974399983882904, 0.9907000064849854, 0.9866999983787537, 0.9876000285148621, 0.9865999817848206]",0.9008,0.29201192,46691.582,13.608191,11.317835,367.69955
