acceptance rate,gt in support,iw var,C2ST,MMD,MEDDIST,NLTP,RT
"[1.0, -0.7907531261444092, -0.6916490197181702, -0.7843624353408813, -0.8374356031417847, -0.9355420470237732, -0.996970534324646, -1.0017406940460205, -1.0472075939178467, -1.2839967012405396]","[1.0, 1.0, 1.0, 1.0, 1.0, 1.0, 1.0, 1.0, 1.0, 1.0]","[0.0, 381.84906005859375, 372.421875, 388.5679626464844, 383.09783935546875, 388.7037048339844, 388.51300048828125, 388.71453857421875, 395.59735107421875, 385.7362060546875]",0.9686,0.47239226,27.458431,-13.944229,24586.57
