acceptance rate,gt in support,C2ST,MMD,KSD_GAUSS,MEDDIST,NLTP,RT
"[1.0, -0.5429132580757141, -0.5007942318916321, -0.7151934504508972, -0.7944863438606262, -0.8261480331420898, -0.8325138688087463, -0.9071624279022217, -0.9365415573120117, -0.9619364738464355]","[1.0, 1.0, 1.0, 1.0, 1.0, 1.0, 1.0, 1.0, 1.0, 1.0]",0.5354,0.00026601553,inf,0.08928162,-4.125775,203.84691
