C2ST,C2ST_Z,MMD,MMD_Z,KSD_GAUSS,MEDDIST,C2ST_1K,C2ST_1K_Z,MMD_1K,MMD_1K_Z,KSD_GAUSS_1K,MEDDIST_1K,NLTP,RT
0.54135,0.5422,0.0017023087,0.0017080307,5751.01,1.3417559,0.552,0.5285,0.0023345947,0.0023885965,938.1795,1.3605199,-0.6135578,141.40044
