acceptance rate,gt in support,C2ST,MMD,KSD_GAUSS,MEDDIST,NLTP,RT
"[1.0, -0.09318030625581741, -0.1357560008764267, -0.1818731427192688, -0.33498215675354004, -0.33585965633392334, -0.4845567047595978, -0.5273532867431641, -0.554746150970459, -0.5765492916107178]","[1.0, 1.0, 1.0, 1.0, 1.0, 1.0, 1.0, 1.0, 1.0, 1.0]",0.60675,0.0008984804,inf,0.088157475,-0.5263982,184.15825
