acceptance rate,gt in support,C2ST,MMD,MEDDIST,NLTP,RT
"[1.0, -0.014595982618629932, -0.014528632164001465, -0.01861184649169445, -0.01856650970876217, -0.05573947727680206, -0.05965787544846535, -0.7087051868438721, -0.7848536372184753, -1.133670449256897]","[1.0, 0.0007999999797903001, 0.0007999999797903001, 0.0066999997943639755, 0.0071000000461936, 0.011099999770522118, 0.041999999433755875, 0.014000000432133675, 0.0034000000450760126, 0.039500001817941666]",0.9995,0.65693897,39.94948,13.545704,3029.1414
