C2ST,C2ST_Z,MMD,MMD_Z,KSD_GAUSS,MEDDIST,C2ST_1K,C2ST_1K_Z,MMD_1K,MMD_1K_Z,KSD_GAUSS_1K,MEDDIST_1K,NLTP,RT
0.514,0.51625,0.0021677017,0.0021677017,inf,0.088893116,0.5285,0.518,0.0048782825,0.0048784614,inf,0.08531481,-4.340506,1981.6088
