acceptance rate,gt in support,C2ST,MMD,KSD_GAUSS,MEDDIST,NLTP,RT
"[1.0, -0.19715788960456848, -0.29174911975860596, -0.6025118827819824, -0.5644343495368958, -0.5824868083000183, -0.6555291414260864, -0.6236055493354797, -0.6082535982131958, -0.5952945351600647]","[1.0, 1.0, 1.0, 0.9987999796867371, 0.9997000098228455, 1.0, 1.0, 1.0, 1.0, 1.0]",0.67205,0.01254046,,0.09399107,-4.64554,88.83837
