acceptance rate,gt in support,C2ST,MMD,KSD_GAUSS,MEDDIST,NLTP,RT
"[1.0, -0.019746603444218636, -0.016351187601685524, -0.02367297001183033, -0.029002657160162926, -0.02611050195991993, -0.026710473001003265, -0.025787778198719025, -0.062081120908260345, -0.06613326072692871]","[1.0, 0.9980999827384949, 0.9979000091552734, 0.9948999881744385, 0.9959999918937683, 0.9965999722480774, 0.9871000051498413, 0.9988999962806702, 0.9929999709129333, 0.9947999715805054]",0.99,0.11551309,228257430000000.0,21.957062,11.37208,74.810844
