acceptance rate,gt in support,C2ST,MMD,KSD_GAUSS,MEDDIST,NLTP,RT
"[1.0, -1.5327937602996826, -1.6928036212921143, -1.6817662715911865, -1.7494088411331177, -1.7937310934066772, -1.6823203563690186, -1.6931034326553345, -1.7412943840026855, -1.743179202079773]","[1.0, 0.992900013923645, 0.9922999739646912, 0.9937000274658203, 0.9916999936103821, 0.9926000237464905, 0.9968000054359436, 0.9970999956130981, 0.9969000220298767, 0.9968000054359436]",0.54515,0.0025629997,105084.945,10.206904,4.1985903,1594.9373
