acceptance rate,gt in support,iw var,C2ST,MMD,MEDDIST,NLTP,RT
"[1.0, -0.007269801571965218, -0.020406125113368034, -0.06253226846456528, -0.10513035953044891, -0.1186724379658699, -0.11030622571706772, -0.14788615703582764, -0.14110204577445984, -0.19280333817005157]","[1.0, 0.9984999895095825, 0.9991999864578247, 0.9984999895095825, 0.9983999729156494, 0.9977999925613403, 0.9984999895095825, 0.9984999895095825, 0.9980999827384949, 0.9979000091552734]","[0.0, 389.1575927734375, 381.45843505859375, 390.40362548828125, 373.2371826171875, 386.0487976074219, 384.8212585449219, 395.88311767578125, 380.5482177734375, 386.10101318359375]",0.57565,0.0031603575,1.387389,5.5760765,922.4133
