acceptance rate,gt in support,iw var,C2ST,MMD,MEDDIST,NLTP,RT
"[1.0, -0.0013484203955158591, -0.0014355465536937118, -0.016260990872979164, -0.016328636556863785, -0.20953892171382904, -0.3334508240222931, -0.4256214499473572, -0.6857956051826477, -0.7475515007972717]","[1.0, 1.0, 1.0, 1.0, 1.0, 1.0, 1.0, 1.0, 1.0, 1.0]","[0.0, 1.5019852028785863e-08, 1.5828359067882047e-08, 2.0222191920993282e-08, 1.6238017153114015e-08, 1.845416619516982e-08, 1.7192224532891487e-08, 1.6865630669826714e-08, 1.679666183918016e-08, 1.6231183508352842e-08]",0.92815,0.53771555,49.0306,-3.096797,147.44443
