acceptance rate,gt in support,C2ST,MMD,KSD_GAUSS,MEDDIST,NLTP,RT
"[1.0, -0.579590380191803, -0.6286365389823914, -0.7337290644645691, -0.7648504972457886, -0.7904466986656189, -0.7586610913276672, -0.7598669528961182, -0.8894944787025452, -0.8430184125900269]","[1.0, 0.9909999966621399, 0.9950000047683716, 0.9979000091552734, 0.9968000054359436, 0.9979000091552734, 0.9983000159263611, 0.9983999729156494, 0.9973999857902527, 0.9980999827384949]",0.73865,0.00753808,19883.732,23.460972,4.985075,2318.7566
