acceptance rate,gt in support,C2ST,MMD,KSD_GAUSS,MEDDIST,NLTP,RT
"[1.0, -0.8089883923530579, -0.8632794618606567, -0.9102518558502197, -0.9734667539596558, -0.9840537309646606, -1.0343279838562012, -1.1500484943389893, -1.1000112295150757, -1.1643939018249512]","[1.0, 1.0, 1.0, 1.0, 1.0, 1.0, 1.0, 1.0, 1.0, 1.0]",0.54485,0.0074094534,inf,0.08950375,-4.3778334,289.87476
