C2ST,C2ST_Z,MMD,MMD_Z,KSD_GAUSS,MEDDIST,C2ST_1K,C2ST_1K_Z,MMD_1K,MMD_1K_Z,KSD_GAUSS_1K,MEDDIST_1K,NLTP,RT
0.6938,0.65985,0.02453053,0.024511218,82664.48,1.5030234,0.6255,0.6245,0.025080442,0.025284052,8768.467,1.5109539,3.1972656,369.46475
