acceptance rate,gt in support,iw var,C2ST,MMD,MEDDIST,NLTP,RT
"[1.0, -0.1550881266593933, -0.17360122501850128, -0.2133195698261261, -0.2133905589580536, -0.38128960132598877, -0.6810606122016907, -0.6576957702636719, -0.7273463010787964, -0.771129310131073]","[1.0, 1.0, 1.0, 1.0, 1.0, 1.0, 1.0, 1.0, 1.0, 1.0]","[0.0, 1.551905093322148e-08, 1.94097715677799e-08, 1.9741568380027275e-08, 1.524226078686297e-08, 1.6843792138843128e-08, 1.614135314298437e-08, 1.7437708166312405e-08, 1.7548179798154706e-08, 1.7544268260394347e-08]",0.6631,0.00023674965,0.09963441,-3.2220511,139.52246
