acceptance rate,gt in support,C2ST,MMD,MEDDIST,NLTP,RT
"[1.0, -0.7340428829193115, -1.2232561111450195, -1.5309357643127441, -1.5952517986297607, -1.6066174507141113, -1.635150671005249, -1.8222696781158447, -1.7631675004959106, -1.7611323595046997]","[1.0, 0.9704999923706055, 0.9803000092506409, 0.9876000285148621, 0.9890000224113464, 0.9914000034332275, 0.9915000200271606, 0.9896000027656555, 0.9929999709129333, 0.9937000274658203]",0.7271,0.1563164,10.165619,3.789711,7941.9165
