acceptance rate,gt in support,C2ST,MMD,KSD_GAUSS,MEDDIST,NLTP,RT
"[1.0, -0.008397411555051804, -0.009283877909183502, -0.03496302291750908, -0.036897219717502594, -0.03336558863520622, -0.03706273064017296, -0.030211465433239937, -0.035763949155807495, -0.05480232089757919]","[1.0, 1.0, 1.0, 0.9998000264167786, 0.9997000098228455, 0.9998000264167786, 0.9998999834060669, 0.9998999834060669, 0.9998000264167786, 0.9998999834060669]",0.57125,0.0021554232,10703.712,1.4725199,-0.34176254,431.82434
