acceptance rate,gt in support,C2ST,MMD,KSD_GAUSS,MEDDIST,NLTP,RT
"[1.0, -0.41416341066360474, -0.4069725275039673, -0.6951218843460083, -0.7238446474075317, -0.7260732054710388, -0.8305354714393616, -0.8718027472496033, -0.9045594334602356, -0.9757196307182312]","[1.0, 1.0, 1.0, 1.0, 1.0, 1.0, 1.0, 1.0, 1.0, 1.0]",0.6002,0.0006355047,,0.0927681,-4.197192,153.83987
