acceptance rate,gt in support,C2ST,MMD,MEDDIST,NLTP,RT
"[1.0, -0.020315082743763924, -0.021431487053632736, -0.039362773299217224, -0.03320145234465599, -0.2845816910266876, -0.37695756554603577, -0.38038498163223267, -0.5695620775222778, -0.5715412497520447]","[1.0, 1.0, 1.0, 1.0, 1.0, 1.0, 1.0, 1.0, 1.0, 1.0]",0.9949,0.5297059,112.13705,-5.228303,173.601
