C2ST,C2ST_Z,MMD,MMD_Z,KSD_GAUSS,MEDDIST,C2ST_1K,C2ST_1K_Z,MMD_1K,MMD_1K_Z,KSD_GAUSS_1K,MEDDIST_1K,NLTP,RT
0.9615,0.96635,0.13863564,0.33428276,92537050000000.0,10.4797,0.942,0.934,0.13974106,0.3271703,8539702000000.0,10.463967,8.576303,188.28778
