acceptance rate,gt in support,C2ST,MMD,MEDDIST,NLTP,RT
"[1.0, -0.3539885878562927, -0.5037624835968018, -0.4910328686237335, -0.6752238273620605, -0.7373116612434387, -0.788765013217926, -0.8101488947868347, -0.8236193060874939, -0.9012265205383301]","[1.0, 1.0, 1.0, 1.0, 1.0, 1.0, 1.0, 1.0, 1.0, 1.0]",0.646,0.020015419,0.09296739,-3.6957443,148.4818
