C2ST,C2ST_Z,MMD,MMD_Z,KSD_GAUSS,MEDDIST,C2ST_1K,C2ST_1K_Z,MMD_1K,MMD_1K_Z,KSD_GAUSS_1K,MEDDIST_1K,NLTP,RT
0.6413,0.68735,0.014104009,0.0141432285,inf,0.090619355,0.56,0.669,0.013251424,0.013188481,inf,0.09268488,-4.266792,885.27814
