acceptance rate,gt in support,C2ST,MMD,MEDDIST,NLTP,RT
"[1.0, -0.6180189847946167, -0.6300053596496582, -0.8886534571647644, -0.9190530180931091, -1.181155800819397, -1.206702709197998, -1.220445990562439, -1.2332568168640137, -1.2253541946411133]","[1.0, 0.9232000112533569, 0.9782000184059143, 0.9175000190734863, 0.910099983215332, 0.9348000288009644, 0.9336000084877014, 0.9678999781608582, 0.9739000201225281, 0.9904999732971191]",0.6894,0.0050230026,19.352991,2.3821852,8450.246
