acceptance rate,gt in support,C2ST,MMD,MEDDIST,NLTP,RT
"[1.0, 1.0, 1.0, 1.0, 1.0, 1.0, 1.0, 1.0, 1.0, 1.0]","[1.0, 0.9997000098228455, 0.9995999932289124, 0.9998000264167786, 0.9995999932289124, 0.9995999932289124, 0.9995999932289124, 0.9995999932289124, 0.9995999932289124, 0.9998000264167786]",0.5276,0.003626585,1.4529383,4.75078,9744.051
