acceptance rate,gt in support,C2ST,MMD,MEDDIST,NLTP,RT
"[1.0, -0.4384613335132599, -0.5199571251869202, -0.5425344705581665, -0.591081976890564, -0.5975666642189026, -0.7839094996452332, -0.8308295607566833, -0.8309556841850281, -0.9664154052734375]","[1.0, 1.0, 1.0, 1.0, 1.0, 1.0, 1.0, 0.9998000264167786, 1.0, 1.0]",0.59095,0.00078713894,0.087347284,-4.1315565,163.35599
