acceptance rate,gt in support,iw var,C2ST,MMD,MEDDIST,NLTP,RT
"[1.0, -0.006541741080582142, -0.014685834757983685, -0.5818644762039185, -1.0024547576904297, -1.1580984592437744, -1.1767295598983765, -1.1385509967803955, -1.1371448040008545, -1.2104607820510864]","[1.0, 1.0, 1.0, 1.0, 1.0, 0.9998999834060669, 1.0, 1.0, 1.0, 1.0]","[0.0, 6.987138732178488e-13, 1.6746789502017356e-12, 2.0634322375756575e-11, 6.219190093470495e-12, 6.513703638966195e-12, 9.804031718407824e-12, 1.4932496211761404e-11, 2.305420611359299e-11, 1.5678926906792512e-11]",0.5002,0.0009857416,20.82066,-5.917058,1606.1348
