C2ST,C2ST_Z,MMD,MMD_Z,KSD_GAUSS,MEDDIST,C2ST_1K,C2ST_1K_Z,MMD_1K,MMD_1K_Z,KSD_GAUSS_1K,MEDDIST_1K,NLTP,RT
0.70595,0.6793,0.044167757,0.04422307,155803.83,1.5072172,0.6775,0.6705,0.045528412,0.045356154,16253.359,1.5153254,-0.020832062,59.30473
