acceptance rate,gt in support,C2ST,MMD,MEDDIST,NLTP,RT
"[1.0, -0.6116501092910767, -0.911942720413208, -1.2010042667388916, -1.2730154991149902, -1.27611243724823, -1.3485954999923706, -1.436815619468689, -1.4560174942016602, -1.5421613454818726]","[1.0, 1.0, 1.0, 0.9997000098228455, 0.9997000098228455, 0.9998999834060669, 0.9987999796867371, 0.9997000098228455, 0.9998000264167786, 0.9997000098228455]",0.5084,2.9802322e-05,0.0885804,-4.067119,290.20944
