C2ST,C2ST_Z,MMD,MMD_Z,KSD_GAUSS,MEDDIST,C2ST_1K,C2ST_1K_Z,MMD_1K,MMD_1K_Z,KSD_GAUSS_1K,MEDDIST_1K,NLTP,RT
0.5524,0.5426,0.00374341,0.0033301115,40697.203,9.820921,0.565,0.536,0.008553386,0.0071944,3753.676,9.833109,4.662876,2284.6394
