acceptance rate,gt in support,iw var,C2ST,MMD,MEDDIST,NLTP,RT
"[1.0, -0.6677635908126831, -0.6964151859283447, -0.8519760966300964, -0.9947336912155151, -1.149067997932434, -1.2815814018249512, -1.13996160030365, -1.3945225477218628, -1.3921163082122803]","[1.0, 0.9624000191688538, 0.9765999913215637, 0.9840999841690063, 0.9850000143051147, 0.9921000003814697, 0.9872999787330627, 0.9939000010490417, 0.9955999851226807, 0.9954000115394592]","[0.0, 1.5380866358327694e-08, 1.8275251534305426e-08, 1.5427817245949882e-08, 1.669975624452036e-08, 1.7976146793330372e-08, 1.966483864634938e-08, 1.7748869041156468e-08, 1.5423681887227758e-08, 1.5968586453141143e-08]",0.79045,0.102573335,12.26862,7.104334,1083.221
