acceptance rate,gt in support,C2ST,MMD,KSD_GAUSS,MEDDIST,NLTP,RT
"[1.0, -0.0023297362495213747, -0.0027447242755442858, -0.00764535553753376, -0.008397411555051804, -0.04648193344473839, -0.12575016915798187, -0.25586357712745667, -0.24446816742420197, -0.24245214462280273]","[1.0, 1.0, 1.0, 1.0, 1.0, 1.0, 1.0, 1.0, 1.0, 1.0]",0.58235,0.028511703,5505509.5,23.323807,-7.917236,167.18002
