acceptance rate,gt in support,C2ST,MMD,MEDDIST,NLTP,RT
"[1.0, -0.005243066232651472, -0.007512777578085661, -0.051684871315956116, -0.049756892025470734, -0.05465453863143921, -0.052811458706855774, -0.1299181580543518, -0.13522201776504517, -0.1586092710494995]","[1.0, 0.9767000079154968, 0.9706000089645386, 0.9672999978065491, 0.9707000255584717, 0.9763000011444092, 0.9750999808311462, 0.9751999974250793, 0.9789999723434448, 0.9764999747276306]",0.78,0.060923934,1.6933577,-1.5251646,172.46552
