C2ST,C2ST_Z,MMD,MMD_Z,KSD_GAUSS,MEDDIST,C2ST_1K,C2ST_1K_Z,MMD_1K,MMD_1K_Z,KSD_GAUSS_1K,MEDDIST_1K,NLTP,RT
0.7302,0.6929,0.050323725,0.050293565,183093.55,1.6206038,0.687,0.692,0.04804349,0.048205256,17175.197,1.6316016,2.9547462,161.21088
