C2ST,C2ST_Z,MMD,MMD_Z,KSD_GAUSS,MEDDIST,C2ST_1K,C2ST_1K_Z,MMD_1K,MMD_1K_Z,KSD_GAUSS_1K,MEDDIST_1K,NLTP,RT
0.87515,0.858,0.2390356,0.20614427,39576.426,13.259293,0.877,0.8525,0.26410002,0.22736919,4100.3584,13.176698,12.090405,673.2146
