acceptance rate,gt in support,C2ST,MMD,MEDDIST,NLTP,RT
"[1.0, -0.01657670922577381, -0.018543843179941177, -0.01702812872827053, -0.017593085765838623, -0.09218572080135345, -0.16877032816410065, -0.837520956993103, -0.8914349675178528, -0.9149473905563354]","[1.0, 1.0, 1.0, 1.0, 1.0, 1.0, 1.0, 1.0, 1.0, 1.0]",0.99855,0.5661385,36.381298,-5.58226,560.93176
