C2ST,C2ST_Z,MMD,MMD_Z,KSD_GAUSS,MEDDIST,C2ST_1K,C2ST_1K_Z,MMD_1K,MMD_1K_Z,KSD_GAUSS_1K,MEDDIST_1K,NLTP,RT
0.50075,0.53795,0.0037276745,0.005177498,162984.47,18.165901,0.48,0.495,0.0007468462,0.0012383461,54571.707,18.261978,-7.2055335,1499.6165
