acceptance rate,gt in support,C2ST,MMD,KSD_GAUSS,MEDDIST,NLTP,RT
"[1.0, -0.014640905894339085, -0.016531584784388542, -0.706821620464325, -0.6667140126228333, -0.795453667640686, -0.8459185361862183, -0.914392352104187, -0.9180929064750671, -0.8878979682922363]","[1.0, 1.0, 1.0, 1.0, 1.0, 1.0, 1.0, 1.0, 1.0, 1.0]",0.57615,0.043533444,1589484.2,27.99107,-8.478414,173.22876
