C2ST,C2ST_Z,MMD,MMD_Z,KSD_GAUSS,MEDDIST,C2ST_1K,C2ST_1K_Z,MMD_1K,MMD_1K_Z,KSD_GAUSS_1K,MEDDIST_1K,NLTP,RT
0.7721,0.7411,0.05741453,0.05752468,227555.89,1.6737707,0.707,0.703,0.055087447,0.055345774,21627.596,1.6616489,8.284513,50.075665
