acceptance rate,gt in support,C2ST,MMD,KSD_GAUSS,MEDDIST,NLTP,RT
"[1.0, -1.5092755556106567, -1.5496225357055664, -1.5481709241867065, -1.5906305313110352, -1.550864577293396, -1.5680714845657349, -1.5710556507110596, -1.549109697341919, -1.5762799978256226]","[1.0, 0.9952999949455261, 0.9968000054359436, 0.9965000152587891, 0.9965000152587891, 0.9983999729156494, 0.9993000030517578, 0.9993000030517578, 0.9993000030517578, 0.9994000196456909]",0.5485,0.0023982525,37447.418,9.716586,4.3874283,2123.9941
