acceptance rate,gt in support,C2ST,MMD,MEDDIST,NLTP,RT
"[1.0, -0.03249884396791458, -0.40175682306289673, -0.4338769018650055, -0.9767063856124878, -1.130139946937561, -1.2062506675720215, -1.020990014076233, -1.2846653461456299, -1.2050610780715942]","[1.0, 0.9876999855041504, 0.9506000280380249, 0.9904999732971191, 0.9955999851226807, 0.9980999827384949, 0.9973999857902527, 0.9983000159263611, 0.9966999888420105, 0.9976999759674072]",0.84765,,24.621838,4.1904745,5430.1343
