acceptance rate,gt in support,iw var,C2ST,MMD,MEDDIST,NLTP,RT
"[1.0, -0.013362613506615162, -0.08589497208595276, -0.2766675353050232, -0.4436974823474884, -0.5169479250907898, -0.8194645047187805, -0.8030741214752197, -1.0013840198516846, -1.157099723815918]","[1.0, 0.9837999939918518, 0.9646999835968018, 0.9301999807357788, 0.8946999907493591, 0.9460999965667725, 0.9362000226974487, 0.9427000284194946, 0.9643999934196472, 0.963100016117096]","[0.0, 1.7447684186322476e-08, 1.78405326067832e-08, 1.681941164122236e-08, 1.7780662275868053e-08, 1.535067184477157e-08, 1.844465735700851e-08, 1.8174731053477444e-08, 1.6355867771267185e-08, 1.570987961940773e-08]",0.92455,0.20976555,14.619444,3.4821053,261.8169
