acceptance rate,gt in support,C2ST,MMD,MEDDIST,NLTP,RT
"[1.0, -1.5937579870224, -1.7751648426055908, -1.9184705018997192, -1.9192705154418945, -1.897566318511963, -1.9401183128356934, -1.9392153024673462, -1.9837853908538818, -1.929833173751831]","[1.0, 0.9965000152587891, 0.9983000159263611, 0.9977999925613403, 0.9987000226974487, 0.9988999962806702, 0.9990000128746033, 0.9991999864578247, 0.9991000294685364, 0.9991999864578247]",0.5318,0.0060420036,9.729759,5.0113792,20124.344
