acceptance rate,gt in support,iw var,C2ST,MMD,MEDDIST,NLTP,RT
"[1.0, -0.18495383858680725, -0.22995847463607788, -0.3572387993335724, -0.3435184955596924, -0.39924487471580505, -0.3792395293712616, -0.3638131320476532, -0.39179497957229614, -0.3798639476299286]","[1.0, 0.9983999729156494, 0.9980999827384949, 0.9976999759674072, 0.9977999925613403, 0.9979000091552734, 0.9980999827384949, 0.9987000226974487, 0.9983000159263611, 0.9987000226974487]","[0.0, 393.54058837890625, 391.21014404296875, 384.95062255859375, 382.1790771484375, 394.6776428222656, 384.258544921875, 388.44744873046875, 385.9449157714844, 389.53863525390625]",0.53055,0.00085139275,1.5112016,-3.239975,13879.303
