C2ST,C2ST_Z,MMD,MMD_Z,KSD_GAUSS,MEDDIST,C2ST_1K,C2ST_1K_Z,MMD_1K,MMD_1K_Z,KSD_GAUSS_1K,MEDDIST_1K,NLTP,RT
0.52005,0.52225,0.0002783537,0.0002783537,inf,0.086556554,0.518,0.518,0.00066792965,0.00066769123,inf,0.08882351,-4.220683,240.0012
