acceptance rate,gt in support,C2ST,MMD,MEDDIST,NLTP,RT
"[1.0, -0.046336956322193146, -0.144178107380867, -0.3986644446849823, -0.324649453163147, -0.35598838329315186, -0.7961903214454651, -0.8104695677757263, -0.7937911152839661, -0.890463650226593]","[1.0, 1.0, 0.9995999932289124, 0.9997000098228455, 1.0, 1.0, 0.9998999834060669, 0.9998999834060669, 1.0, 1.0]",0.76195,0.05856037,13.634102,7.6837845,7479.7974
