acceptance rate,gt in support,C2ST,MMD,MEDDIST,NLTP,RT
"[1.0, -0.01164175570011139, -0.004628107417374849, -0.048079948872327805, -0.3760274648666382, -0.31761419773101807, -0.3486896753311157, -0.3892688751220703, -0.48115718364715576, -0.4873489439487457]","[1.0, 1.0, 1.0, 1.0, 1.0, 1.0, 1.0, 1.0, 1.0, 1.0]",0.4966,0.0056171417,24.228083,-9.840175,2156.7258
