acceptance rate,gt in support,C2ST,MMD,MEDDIST,NLTP,RT
"[1.0, -0.06557731330394745, -0.21856777369976044, -0.24294576048851013, -0.23243600130081177, -0.26348400115966797, -0.5677926540374756, -0.5862393975257874, -0.5412866473197937, -0.5984271764755249]","[1.0, 0.8967999815940857, 0.8740000128746033, 0.8998000025749207, 0.9247999787330627, 0.9513000249862671, 0.9054999947547913, 0.886900007724762, 0.8883000016212463, 0.8812999725341797]",0.987,0.14670682,21.12344,12.254891,145.2695
