C2ST,C2ST_Z,MMD,MMD_Z,KSD_GAUSS,MEDDIST,C2ST_1K,C2ST_1K_Z,MMD_1K,MMD_1K_Z,KSD_GAUSS_1K,MEDDIST_1K,NLTP,RT
0.5957,0.57525,0.027583003,0.026253581,285050.0,15.490078,0.5775,0.548,0.02728939,0.025669098,28071.293,15.489421,-1.2928514,842.2208
