acceptance rate,gt in support,C2ST,MMD,MEDDIST,NLTP,RT
"[1.0, -0.9184926748275757, -0.898167073726654, -0.9516445398330688, -1.0120900869369507, -1.1094930171966553, -1.1128590106964111, -1.1019502878189087, -1.12444269657135, -1.2175694704055786]","[1.0, 0.8693000078201294, 0.8517000079154968, 0.8560000061988831, 0.9086999893188477, 0.9782000184059143, 0.9811999797821045, 0.984499990940094, 0.9830999970436096, 0.9829000234603882]",0.7437,0.005472541,23.721003,4.4279084,6519.624
