acceptance rate,gt in support,C2ST,MMD,MEDDIST,NLTP,RT
"[1.0, -0.1835598647594452, -0.18405720591545105, -0.36984342336654663, -0.5180917978286743, -0.7901021838188171, -0.7217419147491455, -0.9217446446418762, -0.7461775541305542, -1.0527297258377075]","[1.0, 0.9524000287055969, 0.9710000157356262, 0.9858999848365784, 0.9797999858856201, 0.9728000164031982, 0.9833999872207642, 0.974399983882904, 0.9896000027656555, 0.984499990940094]",0.8062,0.22997385,11.589746,11.215304,7499.6294
