acceptance rate,gt in support,C2ST,MMD,MEDDIST,NLTP,RT
"[1.0, -0.6318619251251221, -1.1267625093460083, -1.4823359251022339, -1.504022240638733, -1.5842992067337036, -1.667346715927124, -1.6674755811691284, -1.7005054950714111, -1.7072662115097046]","[1.0, 0.9922000169754028, 0.9771999716758728, 0.9635000228881836, 0.9634000062942505, 0.9599000215530396, 0.9602000117301941, 0.9596999883651733, 0.9599999785423279, 0.9589999914169312]",0.70875,0.023682356,1.9645542,1.3256124,6153.3394
