acceptance rate,gt in support,C2ST,MMD,MEDDIST,NLTP,RT
"[1.0, -0.6014958024024963, -0.6381211280822754, -0.782779335975647, -1.1879225969314575, -1.2372380495071411, -1.2546215057373047, -1.479791283607483, -1.4658468961715698, -1.4882028102874756]","[1.0, 1.0, 1.0, 1.0, 1.0, 1.0, 1.0, 1.0, 1.0, 1.0]",0.5059,0.0004554987,0.092782184,-4.708108,380.787
