C2ST,C2ST_Z,MMD,MMD_Z,KSD_GAUSS,MEDDIST,C2ST_1K,C2ST_1K_Z,MMD_1K,MMD_1K_Z,KSD_GAUSS_1K,MEDDIST_1K,NLTP,RT
0.50195,0.55405,0.0028538704,0.002696991,1981592.9,21.377558,0.481,0.546,0.0034025908,0.0031573772,382892.97,21.307262,-8.535328,206.91843
