acceptance rate,gt in support,C2ST,MMD,MEDDIST,NLTP,RT
"[1.0, -0.12659220397472382, -0.2780658006668091, -0.3505028784275055, -0.41356274485588074, -0.46525490283966064, -0.4875824451446533, -0.5656706690788269, -0.544660210609436, -0.5649523735046387]","[1.0, 0.9987000226974487, 0.9984999895095825, 0.9991999864578247, 0.9995999932289124, 0.9993000030517578, 0.9994000196456909, 0.9994999766349792, 0.9995999932289124, 0.9995999932289124]",0.7776,0.00864017,9.835834,3.306382,12386.842
