C2ST,C2ST_Z,MMD,MMD_Z,KSD_GAUSS,MEDDIST,C2ST_1K,C2ST_1K_Z,MMD_1K,MMD_1K_Z,KSD_GAUSS_1K,MEDDIST_1K,NLTP,RT
0.81895,0.835,0.46903268,0.46925318,7276732.0,22.034061,0.819,0.8375,0.48001906,0.48141092,832861.25,22.999958,-1.3483028,122.765625
