acceptance rate,gt in support,C2ST,MMD,MEDDIST,NLTP,RT
"[1.0, -0.013833124190568924, -0.011039952747523785, -0.014102209359407425, -0.019292322918772697, -0.05396553501486778, -0.04655442759394646, -0.04323148727416992, -0.05104941129684448, -0.07995498180389404]","[1.0, 0.9693999886512756, 0.9800999760627747, 0.9979000091552734, 0.9993000030517578, 0.9986000061035156, 0.9987999796867371, 0.9991999864578247, 0.9988999962806702, 0.9962000250816345]",0.97325,0.114234805,21.021624,6.319002,4241.374
