acceptance rate,gt in support,C2ST,MMD,KSD_GAUSS,MEDDIST,NLTP,RT
"[1.0, -0.006718134041875601, -0.006872533354908228, -0.3917236328125, -0.35157492756843567, -0.27384352684020996, -0.2829955816268921, -0.2561376392841339, -0.292600154876709, -0.34281662106513977]","[1.0, 0.9506000280380249, 0.9853000044822693, 0.9944000244140625, 0.9954000115394592, 0.993399977684021, 0.9944999814033508, 0.9973000288009644, 0.9951000213623047, 0.9980999827384949]",0.92245,0.03417635,4452160500.0,19.733788,5.0638995,266.3226
