acceptance rate,gt in support,C2ST,MMD,KSD_GAUSS,MEDDIST,NLTP,RT
"[1.0, -0.08233699947595596, -0.1660883128643036, -0.4771972894668579, -0.5203887224197388, -0.6449317932128906, -0.7695510983467102, -0.709891140460968, -0.7456130981445312, -0.7664539813995361]","[1.0, 1.0, 1.0, 1.0, 1.0, 1.0, 1.0, 1.0, 1.0, 1.0]",0.59795,0.022076786,inf,0.08996171,-3.8322992,236.88037
