acceptance rate,gt in support,C2ST,MMD,MEDDIST,NLTP,RT
"[1.0, -1.631432056427002, -1.8991127014160156, -1.8239519596099854, -2.195465564727783, -2.2980287075042725, -2.585719585418701, -2.7306954860687256, -2.5043256282806396, -2.700960397720337]","[1.0, 1.0, 1.0, 1.0, 1.0, 1.0, 1.0, 1.0, 1.0, 1.0]",0.89445,0.2825069,7.400097,-14.641603,9960.153
