acceptance rate,gt in support,iw var,C2ST,MMD,MEDDIST,NLTP,RT
"[1.0, -0.5752000212669373, -0.5975236892700195, -0.634699285030365, -0.7163219451904297, -0.7413626909255981, -0.7063060402870178, -0.8117145299911499, -0.8932568430900574, -0.9747350811958313]","[1.0, 1.0, 1.0, 1.0, 1.0, 1.0, 1.0, 1.0, 1.0, 1.0]","[0.0, 1.5505255746006696e-08, 1.732922960684391e-08, 2.021536005258895e-08, 1.5630510219466487e-08, 1.710928287934621e-08, 1.6149579451507634e-08, 1.7804953955646852e-08, 1.650361802774114e-08, 1.64445594919016e-08]",0.56565,0.00021338463,0.0864221,-3.4787507,659.9673
