acceptance rate,gt in support,C2ST,MMD,MEDDIST,NLTP,RT
"[1.0, -0.3158431053161621, -0.31488552689552307, -0.8833507895469666, -0.842068612575531, -1.4728429317474365, -1.499497652053833, -2.011709451675415, -2.0025875568389893, -1.9484355449676514]","[1.0, 1.0, 1.0, 1.0, 1.0, 1.0, 1.0, 1.0, 1.0, 1.0]",0.8733,0.27839458,23.510536,-12.785247,10714.291
