acceptance rate,gt in support,C2ST,MMD,MEDDIST,NLTP,RT
"[1.0, -0.009749988093972206, -0.014079801738262177, -0.007247717119753361, -0.010461203753948212, -0.012311416678130627, -0.021157823503017426, -0.01766091212630272, -0.01549520529806614, -0.017615702003240585]","[1.0, 0.9965000152587891, 0.9955999851226807, 0.9991000294685364, 0.9983999729156494, 0.9983999729156494, 0.9976000189781189, 0.9975000023841858, 0.9986000061035156, 0.9986000061035156]",0.96105,,10.950716,8.8276005,4566.323
