acceptance rate,gt in support,C2ST,MMD,KSD_GAUSS,MEDDIST,NLTP,RT
"[1.0, -0.006563789676874876, -0.016170838847756386, -0.2812492847442627, -0.2570393681526184, -0.4436572790145874, -0.4311336576938629, -0.6190655827522278, -0.6421794891357422, -0.9294695854187012]","[1.0, 1.0, 1.0, 0.9998000264167786, 1.0, 1.0, 1.0, 1.0, 1.0, 1.0]",0.8776,0.2132814,72649.734,18.589115,0.8193636,102.51938
