acceptance rate,gt in support,C2ST,MMD,MEDDIST,NLTP,RT
"[1.0, -0.29452115297317505, -0.6618623733520508, -1.1684287786483765, -1.2110003232955933, -1.2203611135482788, -1.411814570426941, -1.3523194789886475, -1.397028923034668, -1.646618127822876]","[1.0, 1.0, 1.0, 1.0, 1.0, 1.0, 0.9998999834060669, 1.0, 1.0, 0.9990000128746033]",0.61865,0.05119717,12.723057,2.253683,8571.845
