acceptance rate,gt in support,iw var,C2ST,MMD,MEDDIST,NLTP,RT
"[1.0, -0.014753208495676517, -0.015675272792577744, -0.04568511247634888, -0.051538147032260895, -0.13371269404888153, -0.13798797130584717, -0.26240986585617065, -0.3927595019340515, -0.4840930700302124]","[1.0, 1.0, 1.0, 1.0, 1.0, 1.0, 1.0, 1.0, 1.0, 1.0]","[0.0, 1.8093986753342506e-08, 1.5493823113388316e-08, 1.7907458627064443e-08, 1.6216780807098985e-08, 2.0689176594146375e-08, 1.8083865072071603e-08, 1.7613439595720592e-08, 1.6330782059981175e-08, 1.600582777427917e-08]",0.9968,0.5555454,47.19361,-7.0497975,163.59511
