acceptance rate,gt in support,iw var,C2ST,MMD,MEDDIST,NLTP,RT
"[1.0, -0.6777807474136353, -0.6854587197303772, -0.8265639543533325, -0.8802905678749084, -0.9470496773719788, -1.0357403755187988, -0.9948623776435852, -0.9945620894432068, -1.0480960607528687]","[1.0, 0.98089998960495, 0.9962000250816345, 0.9986000061035156, 0.9988999962806702, 0.9986000061035156, 0.9997000098228455, 0.9997000098228455, 0.9998000264167786, 0.9997000098228455]","[0.0, 1.6385317991307602e-08, 1.665695492647501e-08, 2.0339138373515198e-08, 1.857290499174269e-08, 1.7238724225876467e-08, 1.7416059705510634e-08, 1.6185355278253155e-08, 1.6771064537124403e-08, 1.6423813420374245e-08]",0.74805,0.003450513,22.685335,2.7121544,35272.05
