acceptance rate,gt in support,C2ST,MMD,KSD_GAUSS,MEDDIST,NLTP,RT
"[1.0, -0.5812017321586609, -0.6110466718673706, -0.6955525875091553, -0.7934824824333191, -0.8680206537246704, -0.9190530180931091, -0.9198547005653381, -0.9910593628883362, -0.9977043271064758]","[1.0, 1.0, 1.0, 1.0, 1.0, 1.0, 1.0, 1.0, 1.0, 1.0]",0.5462,0.0087349415,inf,0.09042153,-3.754716,1319.7056
