C2ST,C2ST_Z,MMD,MMD_Z,KSD_GAUSS,MEDDIST,C2ST_1K,C2ST_1K_Z,MMD_1K,MMD_1K_Z,KSD_GAUSS_1K,MEDDIST_1K,NLTP,RT
0.9942,0.99495,0.11009264,0.5193466,212183210000000.0,26.537262,0.9885,0.99,0.1073693,0.5142518,11269350000000.0,26.481133,12.899924,313.67786
