C2ST,C2ST_Z,MMD,MMD_Z,KSD_GAUSS,MEDDIST,C2ST_1K,C2ST_1K_Z,MMD_1K,MMD_1K_Z,KSD_GAUSS_1K,MEDDIST_1K,NLTP,RT
0.82775,0.7981,0.07781553,0.07814503,315452.16,1.7929788,0.7715,0.746,0.077106595,0.07950759,32012.97,1.7754142,3.4397268,86.41355
