acceptance rate,gt in support,C2ST,MMD,MEDDIST,NLTP,RT
"[1.0, -0.6478946805000305, -0.6191739439964294, -1.0660489797592163, -1.858142375946045, -1.7416791915893555, -2.16597318649292, -2.1406760215759277, -2.12933611869812, -2.2130236625671387]","[1.0, 1.0, 1.0, 1.0, 1.0, 1.0, 1.0, 1.0, 1.0, 1.0]",0.8388,0.24487722,16.466986,-15.480124,4516.2095
