acceptance rate,gt in support,C2ST,MMD,MEDDIST,NLTP,RT
"[1.0, 1.0, 1.0, 1.0, 1.0, 1.0, 1.0, 1.0, 1.0, 1.0]","[1.0, 0.9994999766349792, 1.0, 1.0, 1.0, 1.0, 1.0, 1.0, 1.0, 1.0]",0.53325,0.0054910183,0.09002871,-4.0977902,817.1107
