acceptance rate,gt in support,C2ST,MMD,MEDDIST,NLTP,RT
"[1.0, -0.9224705696105957, -1.1405614614486694, -1.2345798015594482, -1.747277021408081, -1.8215384483337402, -2.74904203414917, -2.797785997390747, -3.0342812538146973, -3.2577881813049316]","[1.0, 1.0, 1.0, 1.0, 1.0, 1.0, 1.0, 1.0, 1.0, 1.0]",0.9374,0.48148784,25.72906,-16.882305,1498.6455
